warehouseName,itemName,sku,size,color,barcode,closingStock,reserved,damaged,inTransit
REBEL MASS EXPORT PVT LTD,TIE25-0001 N/A,DA0985-N/A,N/A,,DA0985-N/A,431,0,0,0
REBEL MASS EXPORT PVT LTD,FSH25-0070 BLACK,DA3142-L,L,,DA3142-L,312,0,0,0
REBEL MASS EXPORT PVT LTD,AW24SS0014-0004157 ANTRA,0004157-XL,XL,,0004157-XL,305,0,0,0
REBEL MASS EXPORT PVT LTD,AW24SS0014-0004156 ANTRA,0004156-L,L,,0004156-L,301,0,0,0
REBEL MASS EXPORT PVT LTD,FSH25-0070 BLACK,DA3143-XL,XL,,DA3143-XL,297,0,0,0
REBEL MASS EXPORT PVT LTD,FSH25-0070 WHITE,DA3139-XL,XL,,DA3139-XL,244,0,0,0
REBEL MASS EXPORT PVT LTD,FSH25-0070 WHITE,DA3138-L,L,,DA3138-L,216,0,0,0
REBEL MASS EXPORT PVT LTD,TS25-0059 NAVY,DA2504-XL,XL,,DA2504-XL,206,0,0,0
REBEL MASS EXPORT PVT LTD,OXFORD BULLET WHITE,DA2012-58WIDTH,58 WIDTH,,DA2012-58WIDTH,204.5,0,0,0
REBEL MASS EXPORT PVT LTD,AW24WL0003-0003818 ANTRA,0003818-XL,XL,,0003818-XL,204,0,0,1
REBEL MASS EXPORT PVT LTD,TS25-0059 BLACK,DA2507-L,L,,DA2507-L,200,0,0,0
REBEL MASS EXPORT PVT LTD,AW24SS0014-0004155 ANTRA,0004155-M,M,,0004155-M,192,0,0,0
REBEL MASS EXPORT PVT LTD,MAFATLAL COTTON WHITE,DA2015-58WIDTH,58 WIDTH,,DA2015-58WIDTH,189.6,0,0,0
REBEL MASS EXPORT PVT LTD,ASR26-T SHIRT N/A,BM0252-L,L,,BM0252-L,184,0,0,0
REBEL MASS EXPORT PVT LTD,TS25-0059 NAVY,DA2503-L,L,,DA2503-L,182,0,0,0
REBEL MASS EXPORT PVT LTD,AW24WL0003-0003817 ANTRA,0003817-L,L,,0003817-L,169,0,0,1
REBEL MASS EXPORT PVT LTD,FSH25-0070 WHITE,DA3140-XXL,XXL,,DA3140-XXL,167,0,0,0
REBEL MASS EXPORT PVT LTD,FSH25-0070 BLACK,DA3144-XXL,XXL,,DA3144-XXL,163,0,0,0
REBEL MASS EXPORT PVT LTD,FSH25-0072 NAVY,DA3497-XL,XL,,DA3497-XL,147,0,0,0
REBEL MASS EXPORT PVT LTD,AW24SS0014-0004158 ANTRA,0004158-XXL,XXL,,0004158-XXL,147,0,0,0
REBEL MASS EXPORT PVT LTD,FSH25-0072 NAVY,DA3496-L,L,,DA3496-L,142,0,0,0
REBEL MASS EXPORT PVT LTD,FSH25-0070 WHITE,DA3137-M,M,,DA3137-M,137,0,0,0
REBEL MASS EXPORT PVT LTD,TS25-0059 BLACK,DA2508-XL,XL,,DA2508-XL,128,0,0,0
REBEL MASS EXPORT PVT LTD,TS25-0059 NAVY,DA2502-M,M,,DA2502-M,128,0,0,0
REBEL MASS EXPORT PVT LTD,DNM25-34-0012 GREY/BLK,DA1267-86.36CM(34),86.36CM (34),,DA1267-86.36CM(34),124,0,0,0
REBEL MASS EXPORT PVT LTD,TS25-0020 MAROON,DA1655-L,L,,DA1655-L,123,0,0,0
REBEL MASS EXPORT PVT LTD,AW24WL0001-0003765 BLACK,0003765-L,L,,0003765-L,120,0,0,0
REBEL MASS EXPORT PVT LTD,OXFORD BULLET GREY,DA2014-58WIDTH,58 WIDTH,,DA2014-58WIDTH,116.3,0,0,0
REBEL MASS EXPORT PVT LTD,DNM25-34-0012 GREY/BLK,DA1266-81.28CM(32),81.28CM (32),,DA1266-81.28CM(32),116,0,0,0
REBEL MASS EXPORT PVT LTD,ASR25CSH-0001 N/A,DA3049-XXXL,XXXL,,DA3049-XXXL,110,0,0,0
REBEL MASS EXPORT PVT LTD,AW24WL0001-0003761 CHARCOAL,0003761-L,L,,0003761-L,108,0,0,0
REBEL MASS EXPORT PVT LTD,TS25-0059 NAVY,DA2505-XXL,XXL,,DA2505-XXL,107,0,0,0
REBEL MASS EXPORT PVT LTD,TIE0001-0001991 NILL,0001991-FREE,FREE,,0001991-FREE,105,0,0,0
REBEL MASS EXPORT PVT LTD,ASR26-T SHIRT N/A,BM0253-XL,XL,,BM0253-XL,104,0,0,0
REBEL MASS EXPORT PVT LTD,AW24WL0003-0005367 B.MELANGE,0005367-L,L,,0005367-L,103,0,0,1
REBEL MASS EXPORT PVT LTD,TS25-0020 B.GREEN,DA2117-XL,XL,,DA2117-XL,102,0,0,0
REBEL MASS EXPORT PVT LTD,OXFORD BULLET PINK,DA2013-58WIDTH,58 WIDTH,,DA2013-58WIDTH,100,0,0,0
REBEL MASS EXPORT PVT LTD,AW24JKT0011-0004450 RED/NAVY.,0004450-M,M,,0004450-M,98,0,0,0
REBEL MASS EXPORT PVT LTD,AW24WL0003-0003819 ANTRA,0003819-XXL,XXL,,0003819-XXL,98,0,0,1
REBEL MASS EXPORT PVT LTD,ASR26-T SHIRT N/A,BM0251-M,M,,BM0251-M,97,0,0,0
REBEL MASS EXPORT PVT LTD,ROYAL SATIN WHITE,DA2016-58WIDTH,58 WIDTH,,DA2016-58WIDTH,96.8,0,0,0
REBEL MASS EXPORT PVT LTD,AW24WL0001-0003762 CHARCOAL,0003762-XL,XL,,0003762-XL,96,0,0,1
REBEL MASS EXPORT PVT LTD,AW24JKT0011-0004453 RED/NAVY.,0004453-XXL,XXL,,0004453-XXL,94,0,0,0
REBEL MASS EXPORT PVT LTD,AW24D0004-0003508 CARBON,0003508-86.36CM(34),86.36CM (34),,0003508-86.36CM(34),93,0,0,0
REBEL MASS EXPORT PVT LTD,AW24TK0001-0005130 B.MELANGE,0005130-XL,XL,,0005130-XL,93,0,0,0
REBEL MASS EXPORT PVT LTD,AW24WL0001-0003766 BLACK,0003766-XL,XL,,0003766-XL,92,0,0,1
REBEL MASS EXPORT PVT LTD,CWC25-32-0004 BLACK,DA1567-101.6CM(40),101.6CM (40),,DA1567-101.6CM(40),91,0,0,0
REBEL MASS EXPORT PVT LTD,AW24D0004-0003507 CARBON,0003507-81.28CM(32),81.28CM (32),,0003507-81.28CM(32),90,0,0,0
REBEL MASS EXPORT PVT LTD,AW24JKT0011-0004452 RED/NAVY.,0004452-XL,XL,,0004452-XL,90,0,0,0
REBEL MASS EXPORT PVT LTD,AW24SS0026-0006429 ANTRA,0006429-L,L,,0006429-L,90,0,0,0
REBEL MASS EXPORT PVT LTD,FSH25-0001-0006838 PEACH,0006838-L,L,,0006838-L,89,0,0,0
REBEL MASS EXPORT PVT LTD,TS25-0008 MAROON,DA0987-L,L,,DA0987-L,89,0,0,0
REBEL MASS EXPORT PVT LTD,AW24JKT0011-0004451 RED/NAVY.,0004451-L,L,,0004451-L,88,0,0,0
REBEL MASS EXPORT PVT LTD,AW24SS0023-0007086 WHITE,0007086-L,L,,0007086-L,88,0,0,0
REBEL MASS EXPORT PVT LTD,AW24WL0003-0003816 ANTRA,0003816-M,M,,0003816-M,88,0,0,1
REBEL MASS EXPORT PVT LTD,FSH25-0006-0007031 ORANGE,0007031-XL,XL,,0007031-XL,88,0,0,0
REBEL MASS EXPORT PVT LTD,FSH25-0002-0006918 LEMON,0006918-L,L,,0006918-L,87,0,0,0
REBEL MASS EXPORT PVT LTD,FSH25-0006-0007022 GREEN,0007022-L,L,,0007022-L,86,0,0,0
REBEL MASS EXPORT PVT LTD,AW24SS0026-0006430 ANTRA,0006430-XL,XL,,0006430-XL,85,0,0,0
REBEL MASS EXPORT PVT LTD,TS25-0059 BLACK,DA2506-M,M,,DA2506-M,84,0,0,0
REBEL MASS EXPORT PVT LTD,AW24WL0004-0004161 G.MELANGE,0004161-XL,XL,,0004161-XL,84,0,0,1
REBEL MASS EXPORT PVT LTD,FSH25-0002-0006926 PINK,0006926-L,L,,0006926-L,84,0,0,0
REBEL MASS EXPORT PVT LTD,CWC25-32-0004 BLACK,DA1568-106.68CM(42),106.68CM (42),,DA1568-106.68CM(42),83,0,0,0
REBEL MASS EXPORT PVT LTD,FSH25-0051 WHITE,DA2075-L,L,,DA2075-L,83,0,0,0
REBEL MASS EXPORT PVT LTD,TS25-0028 NAVY,DA1700-XL,XL,,DA1700-XL,82,0,0,0
REBEL MASS EXPORT PVT LTD,TS25-0020 B.GREEN,DA2116-L,L,,DA2116-L,81,0,0,0
REBEL MASS EXPORT PVT LTD,AW24WL0004-0004160 G.MELANGE,0004160-L,L,,0004160-L,81,0,0,2
REBEL MASS EXPORT PVT LTD,TS25-0053 OFF WHITE,DA2343-M,M,,DA2343-M,78,0,0,0
REBEL MASS EXPORT PVT LTD,AW24SS0018-0005232 ANTRA,0005232-L,L,,0005232-L,76,0,0,0
REBEL MASS EXPORT PVT LTD,FSH25-0002-0006927 PINK,0006927-XL,XL,,0006927-XL,75,0,0,0
REBEL MASS EXPORT PVT LTD,TS25-0008 MAROON,DA0988-XL,XL,,DA0988-XL,75,0,0,0
REBEL MASS EXPORT PVT LTD,TS25-0012 SKY,DA2121-XL,XL,,DA2121-XL,74,0,0,0
REBEL MASS EXPORT PVT LTD,AW24SS0017-0005228 B.MELANGE,0005228-L,L,,0005228-L,74,0,0,0
REBEL MASS EXPORT PVT LTD,FSH25-0072 NAVY,DA3495-M,M,,DA3495-M,73,0,0,0
REBEL MASS EXPORT PVT LTD,TS25-0059 BLACK,DA2509-XXL,XXL,,DA2509-XXL,73,0,0,0
REBEL MASS EXPORT PVT LTD,AW24SS0017-0005224 ANTRA,0005224-L,L,,0005224-L,72,0,0,0
REBEL MASS EXPORT PVT LTD,LUXURY PC WHITE,DA2017-58WIDTH,58 WIDTH,,DA2017-58WIDTH,71,0,0,0
REBEL MASS EXPORT PVT LTD,AW24SS0017-0005225 ANTRA,0005225-XL,XL,,0005225-XL,71,0,0,0
REBEL MASS EXPORT PVT LTD,AW24WL0003-0005368 B.MELANGE,0005368-XL,XL,,0005368-XL,71,0,0,0
REBEL MASS EXPORT PVT LTD,FSH25-0005-0007003 NUDE,0007003-XL,XL,,0007003-XL,71,0,0,0
REBEL MASS EXPORT PVT LTD,TS25-0017 TEAL,DA1643-L,L,,DA1643-L,71,0,0,0
REBEL MASS EXPORT PVT LTD,TS25-0017 TEAL,DA1644-XL,XL,,DA1644-XL,71,0,0,0
REBEL MASS EXPORT PVT LTD,AW24SS0016-0005044 GREEN,0005044-XL,XL,,0005044-XL,70,0,0,0
REBEL MASS EXPORT PVT LTD,AW24SS0018-0005233 ANTRA,0005233-XL,XL,,0005233-XL,70,0,0,0
REBEL MASS EXPORT PVT LTD,CSH25-0065 KHAKI,DA2391-L,L,,DA2391-L,70,0,0,0
REBEL MASS EXPORT PVT LTD,FSH25-0002-0006919 LEMON,0006919-XL,XL,,0006919-XL,70,0,0,0
REBEL MASS EXPORT PVT LTD,FSH25-0005-0007006 PURPLE,0007006-L,L,,0007006-L,70,0,0,0
REBEL MASS EXPORT PVT LTD,FSH25-0026 SKY BLUE,DA0582-L,L,,DA0582-L,69,0,0,0
REBEL MASS EXPORT PVT LTD,CSH25-0105 TEAL,DA2744-L,L,,DA2744-L,68,0,0,0
REBEL MASS EXPORT PVT LTD,CSH25-0105 TEAL,DA2745-XL,XL,,DA2745-XL,68,0,0,0
REBEL MASS EXPORT PVT LTD,AW24SS0011-0004137 MUSTARD,0004137-XL,XL,,0004137-XL,68,0,0,0
REBEL MASS EXPORT PVT LTD,AW24SS0017-0005229 B.MELANGE,0005229-XL,XL,,0005229-XL,68,0,0,0
REBEL MASS EXPORT PVT LTD,AW24TK0001-0005129 B.MELANGE,0005129-L,L,,0005129-L,68,0,0,0
REBEL MASS EXPORT PVT LTD,CSH25-0065 KHAKI,DA2392-XL,XL,,DA2392-XL,68,0,0,0
REBEL MASS EXPORT PVT LTD,FSH25-0026 SKY BLUE,DA0583-XL,XL,,DA0583-XL,68,0,0,0
REBEL MASS EXPORT PVT LTD,FSH25-0033 SKY BLUE,DA0611-XL,XL,,DA0611-XL,68,0,0,0
REBEL MASS EXPORT PVT LTD,TS26-0008 GREEN/WHITE,BM0090-L,L,,BM0090-L,67,0,0,0
REBEL MASS EXPORT PVT LTD,AW24SS0003-0003738 MUSTARD.,0003738-XL,XL,,0003738-XL,67,0,0,0
REBEL MASS EXPORT PVT LTD,DNM25-34-0012 GREY/BLK,DA1264-71.12CM(28),71.12CM (28),,DA1264-71.12CM(28),67,0,0,0
REBEL MASS EXPORT PVT LTD,FSH25-0006-0007023 GREEN,0007023-XL,XL,,0007023-XL,67,0,0,0
REBEL MASS EXPORT PVT LTD,FSH25-0033 SKY BLUE,DA0610-L,L,,DA0610-L,67,0,0,0
REBEL MASS EXPORT PVT LTD,FSH25-0035 SKY BLUE,DA0619-XL,XL,,DA0619-XL,67,0,0,0
REBEL MASS EXPORT PVT LTD,TS25-0046 OLIVE,DA2148-L,L,,DA2148-L,67,0,0,1
REBEL MASS EXPORT PVT LTD,TS25-0012 SKY,DA2120-L,L,,DA2120-L,66,0,0,0
REBEL MASS EXPORT PVT LTD,AW24SS0016-0005040 BLUE,0005040-XL,XL,,0005040-XL,66,0,0,0
REBEL MASS EXPORT PVT LTD,AW24SS0026-0007102 B.MELANGE,0007102-L,L,,0007102-L,66,0,0,0
REBEL MASS EXPORT PVT LTD,DNM25-0018 WHIITE,DA2161-81.28CM(32),81.28CM (32),,DA2161-81.28CM(32),66,0,0,0
REBEL MASS EXPORT PVT LTD,FSH25-0001-0006847 GREY,0006847-XL,XL,,0006847-XL,66,0,0,0
REBEL MASS EXPORT PVT LTD,FSH25-0035 SKY BLUE,DA0618-L,L,,DA0618-L,66,0,0,0
REBEL MASS EXPORT PVT LTD,AW24SS0003-0003737 MUSTARD.,0003737-L,L,,0003737-L,65,0,0,0
REBEL MASS EXPORT PVT LTD,AW24SS0004-0003741 BLACK,0003741-L,L,,0003741-L,65,0,0,0
REBEL MASS EXPORT PVT LTD,AW24SS0006-0003750 BLACK,0003750-XL,XL,,0003750-XL,65,0,0,0
REBEL MASS EXPORT PVT LTD,AW24SS0012-0004141 BEIGE,0004141-XL,XL,,0004141-XL,65,0,0,0
REBEL MASS EXPORT PVT LTD,AW24SS0026-0007103 B.MELANGE,0007103-XL,XL,,0007103-XL,65,0,0,0
REBEL MASS EXPORT PVT LTD,DNM25-0018 WHIITE,DA2162-86.36CM(34),86.36CM (34),,DA2162-86.36CM(34),65,0,0,0
REBEL MASS EXPORT PVT LTD,DNM25-34-0012 GREY/BLK,DA1269-96.52CM(38),96.52CM (38),,DA1269-96.52CM(38),65,0,0,0
REBEL MASS EXPORT PVT LTD,FSH25-0001-0006830 GOLDEN,0006830-L,L,,0006830-L,65,0,0,0
REBEL MASS EXPORT PVT LTD,LW26-0004 KHAKI,DA4071-L,L,,DA4071-L,64,0,0,0
REBEL MASS EXPORT PVT LTD,AW24D0004-0003505 CARBON,0003505-71.12CM(28),71.12CM (28),,0003505-71.12CM(28),64,0,0,0
REBEL MASS EXPORT PVT LTD,AW24SS0004-0003742 BLACK,0003742-XL,XL,,0003742-XL,64,0,0,0
REBEL MASS EXPORT PVT LTD,FSH25-0030 SKY BLUE,DA0598-L,L,,DA0598-L,64,0,0,0
REBEL MASS EXPORT PVT LTD,FSH25-0030 SKY BLUE,DA0599-XL,XL,,DA0599-XL,64,0,0,0
REBEL MASS EXPORT PVT LTD,FSH25-0032 SKY BLUE,DA0606-L,L,,DA0606-L,64,0,0,0
REBEL MASS EXPORT PVT LTD,FSH25-0034 SKY BLUE,DA0614-L,L,,DA0614-L,64,0,0,0
REBEL MASS EXPORT PVT LTD,FSH25-0034 SKY BLUE,DA0615-XL,XL,,DA0615-XL,64,0,0,0
REBEL MASS EXPORT PVT LTD,ASR26-T SHIRT N/A,BM0254-XXL,XXL,,BM0254-XXL,63,0,0,0
REBEL MASS EXPORT PVT LTD,AW24SS0016-0005035 BLACK,0005035-L,L,,0005035-L,63,0,0,0
REBEL MASS EXPORT PVT LTD,FSH25-0005-0007002 NUDE,0007002-L,L,,0007002-L,63,0,0,0
REBEL MASS EXPORT PVT LTD,FSH25-0029 SKY BLUE,DA0594-L,L,,DA0594-L,63,0,0,0
REBEL MASS EXPORT PVT LTD,FSH25-0029 SKY BLUE,DA0595-XL,XL,,DA0595-XL,63,0,0,0
REBEL MASS EXPORT PVT LTD,FSH25-0032 SKY BLUE,DA0607-XL,XL,,DA0607-XL,63,0,0,0
REBEL MASS EXPORT PVT LTD,DNM26-0008 LIGHT WASH,BM0107-81.28CM(32),81.28CM (32),,BM0107-81.28CM(32),62,0,0,0
REBEL MASS EXPORT PVT LTD,FSH25-0062 D.PINK,DA2286-L,L,,DA2286-L,62,0,0,0
REBEL MASS EXPORT PVT LTD,AW24SS0011-0004136 MUSTARD,0004136-L,L,,0004136-L,62,0,0,0
REBEL MASS EXPORT PVT LTD,AW24WL0001-0003767 BLACK,0003767-XXL,XXL,,0003767-XXL,62,0,0,0
REBEL MASS EXPORT PVT LTD,DNM25-34-0012 GREY/BLK,DA1265-76.20CM(30),76.20CM (30),,DA1265-76.20CM(30),62,0,0,0
REBEL MASS EXPORT PVT LTD,FSH25-0001-0006831 GOLDEN,0006831-XL,XL,,0006831-XL,62,0,0,0
REBEL MASS EXPORT PVT LTD,FSH25-0031 SKY BLUE,DA0603-XL,XL,,DA0603-XL,62,0,0,0
REBEL MASS EXPORT PVT LTD,FSH25-0072 NAVY,DA3498-XXL,XXL,,DA3498-XXL,61,0,0,0
REBEL MASS EXPORT PVT LTD,CSH25-0002-0006673 WHT/GREY,0006673-M,M,,0006673-M,61,0,0,0
REBEL MASS EXPORT PVT LTD,AW24SS0001-0003730 MAROON,0003730-XL,XL,,0003730-XL,60,0,0,0
REBEL MASS EXPORT PVT LTD,AW24SS0012-0004140 BEIGE,0004140-L,L,,0004140-L,60,0,0,0
REBEL MASS EXPORT PVT LTD,AW24SS0015-0005011 GREY,0005011-L,L,,0005011-L,60,0,0,0
REBEL MASS EXPORT PVT LTD,AW24SS0015-0005012 GREY,0005012-XL,XL,,0005012-XL,60,0,0,0
REBEL MASS EXPORT PVT LTD,CSH25-0065 KHAKI,DA2390-M,M,,DA2390-M,60,0,0,0
REBEL MASS EXPORT PVT LTD,FSH25-0006-0007015 PINK,0007015-XL,XL,,0007015-XL,60,0,0,0
REBEL MASS EXPORT PVT LTD,AW24SS0002-0003734 BEIGE,0003734-XL,XL,,0003734-XL,59,0,0,0
REBEL MASS EXPORT PVT LTD,FSH25-0001-0006846 GREY,0006846-L,L,,0006846-L,59,0,0,0
REBEL MASS EXPORT PVT LTD,FSH25-0025 SKY BLUE,DA0578-L,L,,DA0578-L,59,0,0,0
REBEL MASS EXPORT PVT LTD,FSH25-0031 SKY BLUE,DA0602-L,L,,DA0602-L,59,0,0,0
REBEL MASS EXPORT PVT LTD,AW24SH0168-0006063 WHITE,0006063-XL,XL,,0006063-XL,58,0,0,0
REBEL MASS EXPORT PVT LTD,AW24SS0001-0003729 MAROON,0003729-L,L,,0003729-L,58,0,0,0
REBEL MASS EXPORT PVT LTD,CSS25-15-0007-0007223 L.GREEN,0007223-XL,XL,,0007223-XL,58,0,0,0
REBEL MASS EXPORT PVT LTD,FSH25-0006-0007014 PINK,0007014-L,L,,0007014-L,58,0,0,0
REBEL MASS EXPORT PVT LTD,FSH25-0053 WHITE,DA2084-XL,XL,,DA2084-XL,58,0,0,0
REBEL MASS EXPORT PVT LTD,AW24SS0005-0003746 BLACK,0003746-XL,XL,,0003746-XL,57,0,0,0
REBEL MASS EXPORT PVT LTD,AW24SS0015-0005024 WINE,0005024-XL,XL,,0005024-XL,57,0,0,0
REBEL MASS EXPORT PVT LTD,CSS25-15-0007-0007219 ORANGE,0007219-XL,XL,,0007219-XL,57,0,0,0
REBEL MASS EXPORT PVT LTD,CSS25-15-0007-0007222 L.GREEN,0007222-L,L,,0007222-L,57,0,0,0
REBEL MASS EXPORT PVT LTD,FSH25-0006-0007030 ORANGE,0007030-L,L,,0007030-L,57,0,0,0
REBEL MASS EXPORT PVT LTD,FSH25-0025 SKY BLUE,DA0579-XL,XL,,DA0579-XL,57,0,0,0
REBEL MASS EXPORT PVT LTD,FSH25-0027 SKY BLUE,DA0586-L,L,,DA0586-L,57,0,0,0
REBEL MASS EXPORT PVT LTD,TS25-0020 MAROON,DA1656-XL,XL,,DA1656-XL,57,0,0,0
REBEL MASS EXPORT PVT LTD,AW24SS0005-0003745 BLACK,0003745-L,L,,0003745-L,56,0,0,0
REBEL MASS EXPORT PVT LTD,AW24SS0006-0003749 BLACK,0003749-L,L,,0003749-L,56,0,0,0
REBEL MASS EXPORT PVT LTD,FSH25-0003-0006939 BLUE,0006939-XL,XL,,0006939-XL,56,0,0,0
REBEL MASS EXPORT PVT LTD,FSH25-0004-0006974 BLUE,0006974-L,L,,0006974-L,56,0,0,0
REBEL MASS EXPORT PVT LTD,FSH25-0027 SKY BLUE,DA0587-XL,XL,,DA0587-XL,56,0,0,0
REBEL MASS EXPORT PVT LTD,FSH25-0028 SKY BLUE,DA0591-XL,XL,,DA0591-XL,56,0,0,0
REBEL MASS EXPORT PVT LTD,TS25-0013 WHITE,DA1015-L,L,,DA1015-L,56,0,0,0
REBEL MASS EXPORT PVT LTD,AW24D0004-0003506 CARBON,0003506-76.2CM(30),76.2CM (30),,0003506-76.2CM(30),55,0,0,0
REBEL MASS EXPORT PVT LTD,AW24SH0167-0006059 WHITE,0006059-XL,XL,,0006059-XL,55,0,0,0
REBEL MASS EXPORT PVT LTD,AW24WL0001-0003764 BLACK,0003764-M,M,,0003764-M,55,0,0,0
REBEL MASS EXPORT PVT LTD,DNM25-34-0007-0007791 D.BLUE,0007791-81.28CM(32),81.28CM (32),,0007791-81.28CM(32),55,0,0,0
REBEL MASS EXPORT PVT LTD,FSH25-0024 SKY BLUE,DA0574-L,L,,DA0574-L,55,0,0,0
REBEL MASS EXPORT PVT LTD,DNM26-0006 BLACK,DA4230-81.28CM(32),81.28CM (32),,DA4230-81.28CM(32),54,0,0,0
REBEL MASS EXPORT PVT LTD,AW24SH0168-0006062 WHITE,0006062-L,L,,0006062-L,54,0,0,0
REBEL MASS EXPORT PVT LTD,AW24SS0013-0004145 BLACK,0004145-XL,XL,,0004145-XL,54,0,0,0
REBEL MASS EXPORT PVT LTD,CSH25-0067 WHITE,DA2412-XL,XL,,DA2412-XL,54,0,0,0
REBEL MASS EXPORT PVT LTD,CSS25-15-0007-0007218 ORANGE,0007218-L,L,,0007218-L,54,0,0,0
REBEL MASS EXPORT PVT LTD,FSH25-0028 SKY BLUE,DA0590-L,L,,DA0590-L,54,0,0,0
REBEL MASS EXPORT PVT LTD,TS25-0046 OLIVE,DA2149-XL,XL,,DA2149-XL,54,0,0,0
REBEL MASS EXPORT PVT LTD,TS25-0053 OFF WHITE,DA2345-XL,XL,,DA2345-XL,53,0,0,0
REBEL MASS EXPORT PVT LTD,AW24D0016-0004382 GRY/BLACK.,0004382-81.28CM(32),81.28CM (32),,0004382-81.28CM(32),53,0,0,0
REBEL MASS EXPORT PVT LTD,AW24SH0167-0006058 WHITE,0006058-L,L,,0006058-L,53,0,0,0
REBEL MASS EXPORT PVT LTD,AW24SS0008-0003757 SEA BLUE,0003757-L,L,,0003757-L,53,0,0,0
REBEL MASS EXPORT PVT LTD,AW24TK0001-0005128 B.MELANGE,0005128-M,M,,0005128-M,53,0,0,0
REBEL MASS EXPORT PVT LTD,CSS25-15-0007-0007227 GREEN,0007227-XL,XL,,0007227-XL,53,0,0,0
REBEL MASS EXPORT PVT LTD,CWC25-15-0003 MUSTARD,DA0982-101.6CM(40),101.6CM (40),,DA0982-101.6CM(40),53,0,0,0
REBEL MASS EXPORT PVT LTD,DCR25-34-0006-0007830 L.BLUE,0007830-81.28CM(32),81.28CM (32),,0007830-81.28CM(32),53,0,0,0
REBEL MASS EXPORT PVT LTD,FSH25-0049 WHITE,DA2067-L,L,,DA2067-L,53,0,0,0
REBEL MASS EXPORT PVT LTD,FSH25-0062 D.PINK,DA2287-XL,XL,,DA2287-XL,52,0,0,0
REBEL MASS EXPORT PVT LTD,AW24SH0164-0006046 WHITE,0006046-L,L,,0006046-L,52,0,0,0
REBEL MASS EXPORT PVT LTD,AW24SH0169-0006066 WHITE,0006066-L,L,,0006066-L,52,0,0,0
REBEL MASS EXPORT PVT LTD,AW24SS0002-0003733 BEIGE,0003733-L,L,,0003733-L,52,0,0,0
REBEL MASS EXPORT PVT LTD,AW24SS0008-0003758 SEA BLUE,0003758-XL,XL,,0003758-XL,52,0,0,0
REBEL MASS EXPORT PVT LTD,AW24SS0026-0006431 ANTRA,0006431-XXL,XXL,,0006431-XXL,52,0,0,0
REBEL MASS EXPORT PVT LTD,CSH25-0067 WHITE,DA2411-L,L,,DA2411-L,52,0,0,0
REBEL MASS EXPORT PVT LTD,DCR25-34-0006-0007831 L.BLUE,0007831-86.36CM(34),86.36CM (34),,0007831-86.36CM(34),52,0,0,0
REBEL MASS EXPORT PVT LTD,FSH25-0049 WHITE,DA2068-XL,XL,,DA2068-XL,52,0,0,0
REBEL MASS EXPORT PVT LTD,FSH25-0056 WHITE,DA2095-L,L,,DA2095-L,52,0,0,0
REBEL MASS EXPORT PVT LTD,FSH25-0062 L.PURPLE,DA2280-L,L,,DA2280-L,51,0,0,0
REBEL MASS EXPORT PVT LTD,AW24SS0010-0004133 WHT/GREY,0004133-XL,XL,,0004133-XL,51,0,0,0
REBEL MASS EXPORT PVT LTD,AW24SS0016-0005046 BLUE,0005046-M,M,,0005046-M,51,0,0,0
REBEL MASS EXPORT PVT LTD,AW24WL0001-0003769 WINE,0003769-L,L,,0003769-L,51,0,0,1
REBEL MASS EXPORT PVT LTD,FSH25-0062 SKY BLUE,DA2335-XL,XL,,DA2335-XL,50,0,0,0
REBEL MASS EXPORT PVT LTD,AW24SS0026-0006428 ANTRA,0006428-M,M,,0006428-M,50,0,0,0
REBEL MASS EXPORT PVT LTD,CWC25-15-0003 MUSTARD,DA0983-106.68CM(42),106.68CM (42),,DA0983-106.68CM(42),50,0,0,0
REBEL MASS EXPORT PVT LTD,DCR25-34-0011 G.BLUE,DA1345-81.28CM(32),81.28CM (32),,DA1345-81.28CM(32),50,0,0,0
REBEL MASS EXPORT PVT LTD,FSH25-0004-0006975 BLUE,0006975-XL,XL,,0006975-XL,50,0,0,0
REBEL MASS EXPORT PVT LTD,FSH25-0005-0006991 BLUE,0006991-XL,XL,,0006991-XL,50,0,0,0
REBEL MASS EXPORT PVT LTD,FSH25-0005-0006998 PINK,0006998-L,L,,0006998-L,50,0,0,0
REBEL MASS EXPORT PVT LTD,FSH25-0005-0007007 PURPLE,0007007-XL,XL,,0007007-XL,50,0,0,0
REBEL MASS EXPORT PVT LTD,FSH25-0045 WHITE,DA2052-XL,XL,,DA2052-XL,50,0,0,0
REBEL MASS EXPORT PVT LTD,TS25-0012 NAVY,DA1181-L,L,,DA1181-L,50,0,0,0
REBEL MASS EXPORT PVT LTD,TS25-0020 MAROON,DA1654-M,M,,DA1654-M,50,0,0,0
REBEL MASS EXPORT PVT LTD,DNM26-0006 BLACK,DA4231-86.36CM(34),86.36CM (34),,DA4231-86.36CM(34),49,0,0,0
REBEL MASS EXPORT PVT LTD,DNM26-0006 BLACK,DA4232-91.44CM(36),91.44CM (36),,DA4232-91.44CM(36),49,0,0,0
REBEL MASS EXPORT PVT LTD,AW24D0004-0003510 CARBON,0003510-96.52CM(38),96.52CM (38),,0003510-96.52CM(38),49,0,0,0
REBEL MASS EXPORT PVT LTD,AW24JKT0016-0005458 WHITE,0005458-XL,XL,,0005458-XL,49,0,0,0
REBEL MASS EXPORT PVT LTD,AW24SH0085-0007047 CHOCOLATE,0007047-XL,XL,,0007047-XL,49,0,0,0
REBEL MASS EXPORT PVT LTD,AW24SH0169-0006067 WHITE,0006067-XL,XL,,0006067-XL,49,0,0,0
REBEL MASS EXPORT PVT LTD,CWC25-32-0004 BLACK,DA1566-96.52CM(38),96.52CM (38),,DA1566-96.52CM(38),49,0,0,0
REBEL MASS EXPORT PVT LTD,DCR25-34-0007-0007836 BLUE,0007836-86.36CM(34),86.36CM (34),,0007836-86.36CM(34),49,0,0,0
REBEL MASS EXPORT PVT LTD,FSH25-0005-0006990 BLUE,0006990-L,L,,0006990-L,49,0,0,0
REBEL MASS EXPORT PVT LTD,FSH25-0005-0006999 PINK,0006999-XL,XL,,0006999-XL,49,0,0,0
REBEL MASS EXPORT PVT LTD,FSH25-0047 WHITE,DA2060-XL,XL,,DA2060-XL,49,0,0,0
REBEL MASS EXPORT PVT LTD,FSH25-0050 WHITE,DA2071-L,L,,DA2071-L,49,0,0,0
REBEL MASS EXPORT PVT LTD,FSH25-0053 WHITE,DA2083-L,L,,DA2083-L,49,0,0,0
REBEL MASS EXPORT PVT LTD,FSH25-0056 WHITE,DA2096-XL,XL,,DA2096-XL,49,0,0,0
REBEL MASS EXPORT PVT LTD,AW24JKT0017-0006606 BLACK,0006606-XL,XL,,0006606-XL,48,0,0,0
REBEL MASS EXPORT PVT LTD,AW24SH0166-0006054 WHITE,0006054-L,L,,0006054-L,48,0,0,0
REBEL MASS EXPORT PVT LTD,AW24SS0010-0004132 WHT/GREY,0004132-L,L,,0004132-L,48,0,0,0
REBEL MASS EXPORT PVT LTD,DCR25-34-0004-0007820 BLUE,0007820-81.28CM(32),81.28CM (32),,0007820-81.28CM(32),48,0,0,0
REBEL MASS EXPORT PVT LTD,DCR25-34-0004-0007821 BLUE,0007821-86.36CM(34),86.36CM (34),,0007821-86.36CM(34),48,0,0,0
REBEL MASS EXPORT PVT LTD,DNM25-34-0007-0007792 D.BLUE,0007792-86.36CM(34),86.36CM (34),,0007792-86.36CM(34),48,0,0,0
REBEL MASS EXPORT PVT LTD,FSH25-0004-0006962 GREEN,0006962-L,L,,0006962-L,48,0,0,0
REBEL MASS EXPORT PVT LTD,FSH25-0004-0006971 PINK,0006971-XL,XL,,0006971-XL,48,0,0,0
REBEL MASS EXPORT PVT LTD,FSH25-0044 WHITE,DA2047-L,L,,DA2047-L,48,0,0,0
REBEL MASS EXPORT PVT LTD,FSH25-0046 WHITE,DA2056-XL,XL,,DA2056-XL,48,0,0,0
REBEL MASS EXPORT PVT LTD,FSH25-0050 WHITE,DA2072-XL,XL,,DA2072-XL,48,0,0,0
REBEL MASS EXPORT PVT LTD,AW24TK0004-0006493 ANTRA,0006493-L,L,,0006493-L,47,0,0,0
REBEL MASS EXPORT PVT LTD,AW24WL0005-0006501 G.MELANGE,0006501-L,L,,0006501-L,47,0,0,0
REBEL MASS EXPORT PVT LTD,FSH25-0001-0006842 GREEN,0006842-L,L,,0006842-L,47,0,0,0
REBEL MASS EXPORT PVT LTD,FSH25-0003-0006959 PURPLE,0006959-XL,XL,,0006959-XL,47,0,0,0
REBEL MASS EXPORT PVT LTD,FSH25-0054 WHITE,DA2087-L,L,,DA2087-L,47,0,0,0
REBEL MASS EXPORT PVT LTD,FSH25-0054 WHITE,DA2088-XL,XL,,DA2088-XL,47,0,0,0
REBEL MASS EXPORT PVT LTD,TS25-0012 NAVY,DA1182-XL,XL,,DA1182-XL,47,0,0,0
REBEL MASS EXPORT PVT LTD,DNM26-0007 MID  BLUE,BM0101-81.28CM(32),81.28CM (32),,BM0101-81.28CM(32),46,0,0,0
REBEL MASS EXPORT PVT LTD,FSH25-0062 L.PURPLE,DA2281-XL,XL,,DA2281-XL,46,0,0,0
REBEL MASS EXPORT PVT LTD,AW24JKT0016-0005457 WHITE,0005457-L,L,,0005457-L,46,0,0,0
REBEL MASS EXPORT PVT LTD,AW24SS0021-0006334 GREY,0006334-L,L,,0006334-L,46,0,0,0
REBEL MASS EXPORT PVT LTD,CWC25-32-0005 FAWN,DA1579-101.6CM(40),101.6CM (40),,DA1579-101.6CM(40),46,0,0,0
REBEL MASS EXPORT PVT LTD,DNM25-34-0012 GREY/BLK,DA1268-91.44CM(36),91.44CM (36),,DA1268-91.44CM(36),46,0,0,0
REBEL MASS EXPORT PVT LTD,FSH25-0001-0006843 GREEN,0006843-XL,XL,,0006843-XL,46,0,0,0
REBEL MASS EXPORT PVT LTD,FSH25-0003-0006950 ORANGE,0006950-L,L,,0006950-L,46,0,0,0
REBEL MASS EXPORT PVT LTD,FSH25-0024 SKY BLUE,DA0575-XL,XL,,DA0575-XL,46,0,0,0
REBEL MASS EXPORT PVT LTD,FSH25-0045 WHITE,DA2051-L,L,,DA2051-L,46,0,0,0
REBEL MASS EXPORT PVT LTD,FSH25-0047 WHITE,DA2059-L,L,,DA2059-L,46,0,0,0
REBEL MASS EXPORT PVT LTD,FSH25-0051 WHITE,DA2076-XL,XL,,DA2076-XL,46,0,0,0
REBEL MASS EXPORT PVT LTD,TS25-0008 MAROON,DA0986-M,M,,DA0986-M,46,0,0,0
REBEL MASS EXPORT PVT LTD,ASR25CSH-0001 N/A,DA3047-XL,XL,,DA3047-XL,45,0,0,0
REBEL MASS EXPORT PVT LTD,AW24SS0007-0003754 OLIVE,0003754-XL,XL,,0003754-XL,45,0,0,0
REBEL MASS EXPORT PVT LTD,AW24SS0013-0004144 BLACK,0004144-L,L,,0004144-L,45,0,0,0
REBEL MASS EXPORT PVT LTD,FSH25-0004-0006963 GREEN,0006963-XL,XL,,0006963-XL,45,0,0,0
REBEL MASS EXPORT PVT LTD,FSH25-0058 BLACK,DA2234-XL,XL,,DA2234-XL,45,0,0,0
REBEL MASS EXPORT PVT LTD,ASR25CSH-0001 N/A,DA3046-L,L,,DA3046-L,44,0,0,0
REBEL MASS EXPORT PVT LTD,AW24D0016-0004383 GRY/BLACK.,0004383-86.36CM(34),86.36CM (34),,0004383-86.36CM(34),44,0,0,0
REBEL MASS EXPORT PVT LTD,AW24SH0166-0006055 WHITE,0006055-XL,XL,,0006055-XL,44,0,0,0
REBEL MASS EXPORT PVT LTD,AW24WL0003-0005369 B.MELANGE,0005369-XXL,XXL,,0005369-XXL,44,0,0,0
REBEL MASS EXPORT PVT LTD,CWC25-32-0005 FAWN,DA1580-106.68CM(42),106.68CM (42),,DA1580-106.68CM(42),44,0,0,0
REBEL MASS EXPORT PVT LTD,DCR25-34-0007-0007835 BLUE,0007835-81.28CM(32),81.28CM (32),,0007835-81.28CM(32),44,0,0,0
REBEL MASS EXPORT PVT LTD,FSH25-0003-0006938 BLUE,0006938-L,L,,0006938-L,44,0,0,0
REBEL MASS EXPORT PVT LTD,FSH25-0044 WHITE,DA2048-XL,XL,,DA2048-XL,44,0,0,0
REBEL MASS EXPORT PVT LTD,FSH25-0046 WHITE,DA2055-L,L,,DA2055-L,44,0,0,0
REBEL MASS EXPORT PVT LTD,FSH25-0055 WHITE,DA2091-L,L,,DA2091-L,44,0,0,0
REBEL MASS EXPORT PVT LTD,FSH25-0055 WHITE,DA2092-XL,XL,,DA2092-XL,44,0,0,0
REBEL MASS EXPORT PVT LTD,CSH25-0069 WHITE,DA2419-L,L,,DA2419-L,43,0,0,0
REBEL MASS EXPORT PVT LTD,AW24D0016-0004380 GRY/BLACK.,0004380-71.12CM(28),71.12CM (28),,0004380-71.12CM(28),43,0,0,0
REBEL MASS EXPORT PVT LTD,AW24JKT0016-0007134 BEG/MAHRUN,0007134-L,L,,0007134-L,43,0,0,0
REBEL MASS EXPORT PVT LTD,AW24JKT0017-0006607 BLACK,0006607-XXL,XXL,,0006607-XXL,43,0,0,0
REBEL MASS EXPORT PVT LTD,AW24WL0001-0003760 CHARCOAL,0003760-M,M,,0003760-M,43,0,0,0
REBEL MASS EXPORT PVT LTD,AW24WL0004-0004162 G.MELANGE,0004162-XXL,XXL,,0004162-XXL,43,0,0,1
REBEL MASS EXPORT PVT LTD,CSH25-0065 OFF WHITE,DA2398-M,M,,DA2398-M,43,0,0,0
REBEL MASS EXPORT PVT LTD,FSH25-0001-0006839 PEACH,0006839-XL,XL,,0006839-XL,43,0,0,0
REBEL MASS EXPORT PVT LTD,FSH25-0004-0006970 PINK,0006970-L,L,,0006970-L,43,0,0,0
REBEL MASS EXPORT PVT LTD,CSH25-0069 WHITE,DA2420-XL,XL,,DA2420-XL,42,0,0,0
REBEL MASS EXPORT PVT LTD,AW24D0023-0005406 CRBN BLUE,0005406-81.28CM(32),81.28CM (32),,0005406-81.28CM(32),42,0,0,0
REBEL MASS EXPORT PVT LTD,AW24SS0007-0003753 OLIVE,0003753-L,L,,0003753-L,42,0,0,0
REBEL MASS EXPORT PVT LTD,AW24TK0001-0005131 B.MELANGE,0005131-XXL,XXL,,0005131-XXL,42,0,0,0
REBEL MASS EXPORT PVT LTD,AW24TK0004-0006497 B.MELANGE,0006497-L,L,,0006497-L,42,0,0,0
REBEL MASS EXPORT PVT LTD,AW24WL0004-0004159 G.MELANGE,0004159-M,M,,0004159-M,42,0,0,1
REBEL MASS EXPORT PVT LTD,AW24WL0005-0006502 G.MELANGE,0006502-XL,XL,,0006502-XL,42,0,0,0
REBEL MASS EXPORT PVT LTD,DNM25-34-0011 BLUE,DA0801-81.28CM(32),81.28CM (32),,DA0801-81.28CM(32),42,0,0,0
REBEL MASS EXPORT PVT LTD,FSH25-0002-0006914 SKY BLUE,0006914-L,L,,0006914-L,42,0,0,0
REBEL MASS EXPORT PVT LTD,FSH25-0002-0006915 SKY BLUE,0006915-XL,XL,,0006915-XL,42,0,0,0
REBEL MASS EXPORT PVT LTD,FSH25-0002-0006934 VOILET,0006934-L,L,,0006934-L,42,0,0,0
REBEL MASS EXPORT PVT LTD,DNM26-0006 BLACK,DA4229-76.20CM(30),76.20CM (30),,DA4229-76.20CM(30),41,0,0,0
REBEL MASS EXPORT PVT LTD,LW26-0004 BLACK,DA4060-XL,XL,,DA4060-XL,41,0,0,0
REBEL MASS EXPORT PVT LTD,TS25-0020 BLACK,DA2112-L,L,,DA2112-L,41,0,0,0
REBEL MASS EXPORT PVT LTD,AW24CR0003-0003502 BLUE TOWEL,0003502-86.36CM(34),86.36CM (34),,0003502-86.36CM(34),41,0,0,0
REBEL MASS EXPORT PVT LTD,AW24JKT0016-0005453 BLACK,0005453-L,L,,0005453-L,41,0,0,0
REBEL MASS EXPORT PVT LTD,AW24SH0171-0006074 WHITE,0006074-L,L,,0006074-L,41,0,0,0
REBEL MASS EXPORT PVT LTD,AW24SS0016-0005045 GREEN,0005045-XXL,XXL,,0005045-XXL,41,0,0,0
REBEL MASS EXPORT PVT LTD,AW24SS0016-0005049 BLUE,0005049-XXL,XXL,,0005049-XXL,41,0,0,0
REBEL MASS EXPORT PVT LTD,CSH25-0065 OFF WHITE,DA2399-L,L,,DA2399-L,41,0,0,0
REBEL MASS EXPORT PVT LTD,CSH25-20-0017-0007595 RED,0007595-XL,XL,,0007595-XL,41,0,0,0
REBEL MASS EXPORT PVT LTD,CSS25-15-0007-0007225 GREEN,0007225-M,M,,0007225-M,41,0,0,0
REBEL MASS EXPORT PVT LTD,CWC25-32-0004 BLACK,DA1569-111.76CM(44),111.76CM (44),,DA1569-111.76CM(44),41,0,0,0
REBEL MASS EXPORT PVT LTD,DNM25-0018 WHIITE,DA2159-71.12CM(28),71.12CM (28),,DA2159-71.12CM(28),41,0,0,0
REBEL MASS EXPORT PVT LTD,DNM25-34-0003-0007529 WHITE,0007529-86.36CM(34),86.36CM (34),,0007529-86.36CM(34),41,0,0,0
REBEL MASS EXPORT PVT LTD,DNM25-34-0005-0007762 BLACK,0007762-86.36CM(34),86.36CM (34),,0007762-86.36CM(34),41,0,0,0
REBEL MASS EXPORT PVT LTD,FSH25-0001-0006840 PEACH,0006840-XXL,XXL,,0006840-XXL,41,0,0,0
REBEL MASS EXPORT PVT LTD,TS25-0012 BLACK,DA1003-L,L,,DA1003-L,41,0,0,0
REBEL MASS EXPORT PVT LTD,DNM26-0008 LIGHT WASH,BM0108-86.36CM(34),86.36CM (34),,BM0108-86.36CM(34),40,0,0,0
REBEL MASS EXPORT PVT LTD,TS25-0020 BLACK,DA2113-XL,XL,,DA2113-XL,40,0,0,0
REBEL MASS EXPORT PVT LTD,AW24D0001-0002396 BATA WASH,0002396-81.28CM(32),81.28CM (32),,0002396-81.28CM(32),40,0,0,0
REBEL MASS EXPORT PVT LTD,AW24D0001-0002401 DIRTY EARTH,0002401-81.28CM(32),81.28CM (32),,0002401-81.28CM(32),40,0,0,0
REBEL MASS EXPORT PVT LTD,AW24JKT0017-0006605 BLACK,0006605-L,L,,0006605-L,40,0,0,0
REBEL MASS EXPORT PVT LTD,AW24TK0004-0006494 ANTRA,0006494-XL,XL,,0006494-XL,40,0,0,0
REBEL MASS EXPORT PVT LTD,CSH25-20-0017-0007594 RED,0007594-L,L,,0007594-L,40,0,0,0
REBEL MASS EXPORT PVT LTD,DCR25-34-0011 G.BLUE,DA1346-86.36CM(34),86.36CM (34),,DA1346-86.36CM(34),40,0,0,0
REBEL MASS EXPORT PVT LTD,FSH25-0002-0006923 NUDE,0006923-XL,XL,,0006923-XL,40,0,0,0
REBEL MASS EXPORT PVT LTD,SHORT25-0002 BLACK,DA1917-M,M,,DA1917-M,40,0,0,0
REBEL MASS EXPORT PVT LTD,TS25-0018 FAWN,DA1648-XL,XL,,DA1648-XL,40,0,0,1
REBEL MASS EXPORT PVT LTD,TS25-0023 TEAL,DA1672-XL,XL,,DA1672-XL,40,0,0,0
REBEL MASS EXPORT PVT LTD,FSH25-0062 SKY BLUE,DA2334-L,L,,DA2334-L,39,0,0,0
REBEL MASS EXPORT PVT LTD,AW24JKT0016-0007138 MAHROON,0007138-L,L,,0007138-L,39,0,0,0
REBEL MASS EXPORT PVT LTD,AW24JKT0017-0006604 BLACK,0006604-M,M,,0006604-M,39,0,0,0
REBEL MASS EXPORT PVT LTD,AW24SH0099-0004906 WHITE,0004906-XL,XL,,0004906-XL,39,0,0,0
REBEL MASS EXPORT PVT LTD,AW24WL0001-0003763 CHARCOAL,0003763-XXL,XXL,,0003763-XXL,39,0,0,1
REBEL MASS EXPORT PVT LTD,AW24WL0001-0003770 WINE,0003770-XL,XL,,0003770-XL,39,0,0,0
REBEL MASS EXPORT PVT LTD,FSH25-0002-0006922 NUDE,0006922-L,L,,0006922-L,39,0,0,0
REBEL MASS EXPORT PVT LTD,FSH25-0003-0006958 PURPLE,0006958-L,L,,0006958-L,39,0,0,0
REBEL MASS EXPORT PVT LTD,FSH25-0005-0007001 NUDE,0007001-M,M,,0007001-M,39,0,0,0
REBEL MASS EXPORT PVT LTD,FSH25-0006-0007024 GREEN,0007024-XXL,XXL,,0007024-XXL,39,0,0,0
REBEL MASS EXPORT PVT LTD,FSH25-0006-0007029 ORANGE,0007029-M,M,,0007029-M,39,0,0,0
REBEL MASS EXPORT PVT LTD,FSH25-0062 PINK,DA2269-XL,XL,,DA2269-XL,38,0,0,0
REBEL MASS EXPORT PVT LTD,TS25-0020 B.GREEN,DA2115-M,M,,DA2115-M,38,0,0,0
REBEL MASS EXPORT PVT LTD,TS25-0020 B.GREEN,DA2118-XXL,XXL,,DA2118-XXL,38,0,0,0
REBEL MASS EXPORT PVT LTD,ASR-SHIRT-0004814 N/A,0004814-XL,XL,,0004814-XL,38,0,0,0
REBEL MASS EXPORT PVT LTD,AW24CR0003-0003501 BLUE TOWEL,0003501-81.28CM(32),81.28CM (32),,0003501-81.28CM(32),38,0,0,0
REBEL MASS EXPORT PVT LTD,AW24D0023-0005407 CRBN BLUE,0005407-86.36CM(34),86.36CM (34),,0005407-86.36CM(34),38,0,0,0
REBEL MASS EXPORT PVT LTD,AW24JKT0016-0007139 MAHROON,0007139-XL,XL,,0007139-XL,38,0,0,0
REBEL MASS EXPORT PVT LTD,AW24SH0171-0006075 WHITE,0006075-XL,XL,,0006075-XL,38,0,0,0
REBEL MASS EXPORT PVT LTD,AW24SS0015-0005023 WINE,0005023-L,L,,0005023-L,38,0,0,0
REBEL MASS EXPORT PVT LTD,AW24TK0004-0006498 B.MELANGE,0006498-XL,XL,,0006498-XL,38,0,0,0
REBEL MASS EXPORT PVT LTD,FSH25-0005-0007005 PURPLE,0007005-M,M,,0007005-M,38,0,0,0
REBEL MASS EXPORT PVT LTD,FSH25-0006-0007010 PEACH,0007010-L,L,,0007010-L,38,0,0,0
REBEL MASS EXPORT PVT LTD,FSH25-0058 BLACK,DA2233-L,L,,DA2233-L,38,0,0,0
REBEL MASS EXPORT PVT LTD,FSH25-0062 PINK,DA2268-L,L,,DA2268-L,37,0,0,0
REBEL MASS EXPORT PVT LTD,AW24SH0165-0006050 WHITE,0006050-L,L,,0006050-L,37,0,0,0
REBEL MASS EXPORT PVT LTD,AW24SS0026-0007104 B.MELANGE,0007104-XXL,XXL,,0007104-XXL,37,0,0,0
REBEL MASS EXPORT PVT LTD,FSH25-0001-0006837 PEACH,0006837-M,M,,0006837-M,37,0,0,0
REBEL MASS EXPORT PVT LTD,FSH25-0003-0006951 ORANGE,0006951-XL,XL,,0006951-XL,37,0,0,0
REBEL MASS EXPORT PVT LTD,TS25-0022 BLUE,DA1667-L,L,,DA1667-L,37,0,0,0
REBEL MASS EXPORT PVT LTD,FSH25-0069 GREY/BLK,DA2978-XXXL,XXXL,,DA2978-XXXL,36,0,0,0
REBEL MASS EXPORT PVT LTD,TS25-0053 OFF WHITE,DA2344-L,L,,DA2344-L,36,0,0,0
REBEL MASS EXPORT PVT LTD,ASR-SHIRT-0004813 N/A,0004813-L,L,,0004813-L,36,0,0,0
REBEL MASS EXPORT PVT LTD,AW24CR0002A-0004310 L.BLUE,0004310-81.28CM(32),81.28CM (32),,0004310-81.28CM(32),36,0,0,0
REBEL MASS EXPORT PVT LTD,AW24JKT0016-0005454 BLACK,0005454-XL,XL,,0005454-XL,36,0,0,0
REBEL MASS EXPORT PVT LTD,AW24SH0164-0006047 WHITE,0006047-XL,XL,,0006047-XL,36,0,0,0
REBEL MASS EXPORT PVT LTD,AW24SS0017-0005223 ANTRA,0005223-M,M,,0005223-M,36,0,0,0
REBEL MASS EXPORT PVT LTD,AW24SS0017-0005230 B.MELANGE,0005230-XXL,XXL,,0005230-XXL,36,0,0,0
REBEL MASS EXPORT PVT LTD,CSS25-15-0007-0007221 L.GREEN,0007221-M,M,,0007221-M,36,0,0,0
REBEL MASS EXPORT PVT LTD,DNM25-0018 WHIITE,DA2163-91.44CM(36),91.44CM (36),,DA2163-91.44CM(36),36,0,0,0
REBEL MASS EXPORT PVT LTD,FSH25-0005-0007004 NUDE,0007004-XXL,XXL,,0007004-XXL,36,0,0,0
REBEL MASS EXPORT PVT LTD,MWSST0006-0001820 WHITE MAROON,0001820-M,M,,0001820-M,36,0,0,0
REBEL MASS EXPORT PVT LTD,TS25-0005 MAROON,DA0991-L,L,,DA0991-L,36,0,0,0
REBEL MASS EXPORT PVT LTD,TS25-0012 BLACK,DA1004-XL,XL,,DA1004-XL,36,0,0,0
REBEL MASS EXPORT PVT LTD,TS25-0018 FAWN,DA1647-L,L,,DA1647-L,36,0,0,0
REBEL MASS EXPORT PVT LTD,TS25-0023 TEAL,DA1671-L,L,,DA1671-L,36,0,0,0
REBEL MASS EXPORT PVT LTD,CSH25-0108 NAVY,DA3279-XL,XL,,DA3279-XL,35,0,0,0
REBEL MASS EXPORT PVT LTD,AW24D0001-0002402 DIRTY EARTH,0002402-86.36CM(34),86.36CM (34),,0002402-86.36CM(34),35,0,0,0
REBEL MASS EXPORT PVT LTD,AW24D0016-0004385 GRY/BLACK.,0004385-96.52CM(38),96.52CM (38),,0004385-96.52CM(38),35,0,0,0
REBEL MASS EXPORT PVT LTD,AW24JKT0016-0007135 BEG/MAHRUN,0007135-XL,XL,,0007135-XL,35,0,0,0
REBEL MASS EXPORT PVT LTD,AW24SH0099-0004910 SEA GREEN,0004910-XL,XL,,0004910-XL,35,0,0,0
REBEL MASS EXPORT PVT LTD,AW24SS0004-0003740 BLACK,0003740-M,M,,0003740-M,35,0,0,0
REBEL MASS EXPORT PVT LTD,DNM25-34-0007-0007789 D.BLUE,0007789-71.12CM(28),71.12CM (28),,0007789-71.12CM(28),35,0,0,0
REBEL MASS EXPORT PVT LTD,DNM25-34-0011 BLUE,DA0802-86.36CM(34),86.36CM (34),,DA0802-86.36CM(34),35,0,0,0
REBEL MASS EXPORT PVT LTD,FSH25-0006-0007011 PEACH,0007011-XL,XL,,0007011-XL,35,0,0,0
REBEL MASS EXPORT PVT LTD,TIE0002-0001992 NILL,0001992-FREE,FREE,,0001992-FREE,35,0,0,0
REBEL MASS EXPORT PVT LTD,DNM26-0001 LIGHT WASH,DA4199-76.20CM(30),76.20CM (30),,DA4199-76.20CM(30),34,0,0,0
REBEL MASS EXPORT PVT LTD,LW26-0004 MEHROON,DA4064-XL,XL,,DA4064-XL,34,0,0,0
REBEL MASS EXPORT PVT LTD,TS25-0048 BLACK,DA2158-XXL,XXL,,DA2158-XXL,34,0,0,0
REBEL MASS EXPORT PVT LTD,AW24BL0004-0003601 BLACK,0003601-101.6CM(40),101.6CM (40),,0003601-101.6CM(40),34,0,0,0
REBEL MASS EXPORT PVT LTD,AW24BL0004-0003602 BLACK,0003602-106.68CM(42),106.68CM (42),,0003602-106.68CM(42),34,0,0,0
REBEL MASS EXPORT PVT LTD,AW24BL0012-0004440 BLUE,0004440-106.68CM(42),106.68CM (42),,0004440-106.68CM(42),34,0,0,0
REBEL MASS EXPORT PVT LTD,AW24SH0099-0004905 WHITE,0004905-L,L,,0004905-L,34,0,0,0
REBEL MASS EXPORT PVT LTD,AW24SH0100-0004914 GREY,0004914-XL,XL,,0004914-XL,34,0,0,0
REBEL MASS EXPORT PVT LTD,AW24SS0002-0003735 BEIGE,0003735-XXL,XXL,,0003735-XXL,34,0,0,0
REBEL MASS EXPORT PVT LTD,AW24SS0004-0003743 BLACK,0003743-XXL,XXL,,0003743-XXL,34,0,0,0
REBEL MASS EXPORT PVT LTD,AW24SS0017-0005226 ANTRA,0005226-XXL,XXL,,0005226-XXL,34,0,0,0
REBEL MASS EXPORT PVT LTD,AW24SS0017-0005227 B.MELANGE,0005227-M,M,,0005227-M,34,0,0,0
REBEL MASS EXPORT PVT LTD,AW24SS0018-0005234 ANTRA,0005234-XXL,XXL,,0005234-XXL,34,0,0,0
REBEL MASS EXPORT PVT LTD,AW24WL0001-0003774 GREY,0003774-XL,XL,,0003774-XL,34,0,0,0
REBEL MASS EXPORT PVT LTD,CSH25-0003-0006677 WHT/BLUE,0006677-M,M,,0006677-M,34,0,0,0
REBEL MASS EXPORT PVT LTD,CWC25-0009 D.PINK,DA1595-101.6CM(40),101.6CM (40),,DA1595-101.6CM(40),34,0,0,0
REBEL MASS EXPORT PVT LTD,DNM25-0018 WHIITE,DA2164-96.52CM(38),96.52CM (38),,DA2164-96.52CM(38),34,0,0,0
REBEL MASS EXPORT PVT LTD,DNM25-34-0003-0007528 WHITE,0007528-81.28CM(32),81.28CM (32),,0007528-81.28CM(32),34,0,0,0
REBEL MASS EXPORT PVT LTD,DNM25-34-0009-0007809 L.OLIVE,0007809-81.28CM(32),81.28CM (32),,0007809-81.28CM(32),34,0,0,0
REBEL MASS EXPORT PVT LTD,DNM25-34-0012 M.BLUE,DA1273-86.36CM(34),86.36CM (34),,DA1273-86.36CM(34),34,0,0,0
REBEL MASS EXPORT PVT LTD,CSH25-0108 NAVY,DA3278-L,L,,DA3278-L,33,0,0,0
REBEL MASS EXPORT PVT LTD,FSH25-0070 BLACK,DA3141-M,M,,DA3141-M,33,0,0,0
REBEL MASS EXPORT PVT LTD,TS25-0053 OFF WHITE,DA2342-S,S,,DA2342-S,33,0,0,0
REBEL MASS EXPORT PVT LTD,AW24CR0002A-0004298 TINT BLUE,0004298-86.36CM(34),86.36CM (34),,0004298-86.36CM(34),33,0,0,0
REBEL MASS EXPORT PVT LTD,AW24D0001-0002397 BATA WASH,0002397-86.36CM(34),86.36CM (34),,0002397-86.36CM(34),33,0,0,0
REBEL MASS EXPORT PVT LTD,AW24D0001-0002399 DIRTY EARTH,0002399-71.12CM(28),71.12CM (28),,0002399-71.12CM(28),33,0,0,0
REBEL MASS EXPORT PVT LTD,AW24D0026-0005422 CRBN BLUE,0005422-71.12CM(28),71.12CM (28),,0005422-71.12CM(28),33,0,0,0
REBEL MASS EXPORT PVT LTD,AW24SS0015-0005025 WINE,0005025-XXL,XXL,,0005025-XXL,33,0,0,0
REBEL MASS EXPORT PVT LTD,AW24WL0005-0006503 G.MELANGE,0006503-XXL,XXL,,0006503-XXL,33,0,0,1
REBEL MASS EXPORT PVT LTD,CSH25-0001-0006633 WHT/GREEN,0006633-M,M,,0006633-M,33,0,0,0
REBEL MASS EXPORT PVT LTD,CSH25-0003-0006685 WHT/GREEN,0006685-M,M,,0006685-M,33,0,0,0
REBEL MASS EXPORT PVT LTD,CSH25-0004-0006709 YELLOW,0006709-M,M,,0006709-M,33,0,0,0
REBEL MASS EXPORT PVT LTD,CSH25-0004-0006713 SEA GREEN,0006713-M,M,,0006713-M,33,0,0,0
REBEL MASS EXPORT PVT LTD,CSS25-15-0007-0007224 L.GREEN,0007224-XXL,XXL,,0007224-XXL,33,0,0,0
REBEL MASS EXPORT PVT LTD,CWC25-0009 D.PINK,DA1596-106.68CM(42),106.68CM (42),,DA1596-106.68CM(42),33,0,0,0
REBEL MASS EXPORT PVT LTD,DCR25-34-0011 G.BLUE,DA1347-91.44CM(36),91.44CM (36),,DA1347-91.44CM(36),33,0,0,0
REBEL MASS EXPORT PVT LTD,DNM25-0019 D.BLUE,DA3148-86.36CM(34),86.36CM (34),,DA3148-86.36CM(34),33,0,0,0
REBEL MASS EXPORT PVT LTD,DNM25-34-0005-0007761 BLACK,0007761-81.28CM(32),81.28CM (32),,0007761-81.28CM(32),33,0,0,0
REBEL MASS EXPORT PVT LTD,DNM25-34-0012 M.BLUE,DA1272-81.28CM(32),81.28CM (32),,DA1272-81.28CM(32),33,0,0,0
REBEL MASS EXPORT PVT LTD,CSH25-0107 B.GREEN,DA3190-XL,XL,,DA3190-XL,32,0,0,0
REBEL MASS EXPORT PVT LTD,CSH25-0107 BEIGE,DA3274-XL,XL,,DA3274-XL,32,0,0,0
REBEL MASS EXPORT PVT LTD,DNM26-0007 LIGHT WASH,BM0095-81.28CM(32),81.28CM (32),,BM0095-81.28CM(32),32,0,0,0
REBEL MASS EXPORT PVT LTD,TS25-0021 WHT/BLK,DA1660-XL,XL,,DA1660-XL,32,0,0,0
REBEL MASS EXPORT PVT LTD,AW24D0027-0005431 GREY,0005431-86.36CM(34),86.36CM (34),,0005431-86.36CM(34),32,0,0,0
REBEL MASS EXPORT PVT LTD,AW24SH0165-0006051 WHITE,0006051-XL,XL,,0006051-XL,32,0,0,0
REBEL MASS EXPORT PVT LTD,AW24SS0001-0003731 MAROON,0003731-XXL,XXL,,0003731-XXL,32,0,0,0
REBEL MASS EXPORT PVT LTD,AW24SS0011-0004135 MUSTARD,0004135-M,M,,0004135-M,32,0,0,0
REBEL MASS EXPORT PVT LTD,AW24SS0018-0005231 ANTRA,0005231-M,M,,0005231-M,32,0,0,0
REBEL MASS EXPORT PVT LTD,CSH25-0002-0006657 WHT/YELLOW,0006657-M,M,,0006657-M,32,0,0,0
REBEL MASS EXPORT PVT LTD,CSH25-0002-0006665 WHT/PINK,0006665-M,M,,0006665-M,32,0,0,0
REBEL MASS EXPORT PVT LTD,CSH25-0065 OFF WHITE,DA2400-XL,XL,,DA2400-XL,32,0,0,0
REBEL MASS EXPORT PVT LTD,CSS25-15-0007-0007220 ORANGE,0007220-XXL,XXL,,0007220-XXL,32,0,0,0
REBEL MASS EXPORT PVT LTD,FSH25-0003-0006955 YELLOW,0006955-XL,XL,,0006955-XL,32,0,0,0
REBEL MASS EXPORT PVT LTD,FSH25-0026 SKY BLUE,DA0581-M,M,,DA0581-M,32,0,0,0
REBEL MASS EXPORT PVT LTD,FSH25-0026 SKY BLUE,DA0584-XXL,XXL,,DA0584-XXL,32,0,0,0
REBEL MASS EXPORT PVT LTD,FSH25-0032 SKY BLUE,DA0608-XXL,XXL,,DA0608-XXL,32,0,0,0
REBEL MASS EXPORT PVT LTD,FSH25-0033 SKY BLUE,DA0609-M,M,,DA0609-M,32,0,0,0
REBEL MASS EXPORT PVT LTD,FSH25-0033 SKY BLUE,DA0612-XXL,XXL,,DA0612-XXL,32,0,0,0
REBEL MASS EXPORT PVT LTD,FSH25-0034 SKY BLUE,DA0616-XXL,XXL,,DA0616-XXL,32,0,0,0
REBEL MASS EXPORT PVT LTD,FSH25-0035 SKY BLUE,DA0620-XXL,XXL,,DA0620-XXL,32,0,0,0
REBEL MASS EXPORT PVT LTD,FSH25-0057 CREAM,DA2230-XL,XL,,DA2230-XL,32,0,0,0
REBEL MASS EXPORT PVT LTD,TS25-0013A BLUE,DA1218-XL,XL,,DA1218-XL,32,0,0,0
REBEL MASS EXPORT PVT LTD,TS25-0017 TEAL,DA1642-M,M,,DA1642-M,32,0,0,0
REBEL MASS EXPORT PVT LTD,TS25-0019 KHAKI/BLK,DA1651-L,L,,DA1651-L,32,0,0,0
REBEL MASS EXPORT PVT LTD,TS25-0029 B.GREEN,DA1704-XL,XL,,DA1704-XL,32,0,0,0
REBEL MASS EXPORT PVT LTD,CSH25-0107 BEIGE,DA3273-L,L,,DA3273-L,31,0,0,0
REBEL MASS EXPORT PVT LTD,DNM26-0007 MID  BLUE,BM0099-71.12CM(28),71.12CM (28),,BM0099-71.12CM(28),31,0,0,0
REBEL MASS EXPORT PVT LTD,FSH25-0062 BEIGE,DA2293-XL,XL,,DA2293-XL,31,0,0,0
REBEL MASS EXPORT PVT LTD,LW26-0004 KHAKI,DA4070-M,M,,DA4070-M,31,0,0,0
REBEL MASS EXPORT PVT LTD,LW26-0004 KHAKI,DA4073-XXL,XXL,,DA4073-XXL,31,0,0,0
REBEL MASS EXPORT PVT LTD,LW26-0004 MEHROON,DA4065-XXL,XXL,,DA4065-XXL,31,0,0,0
REBEL MASS EXPORT PVT LTD,TS25-0021 BLACK,DA1680-XL,XL,,DA1680-XL,31,0,0,0
REBEL MASS EXPORT PVT LTD,AW24BL0004-0003592 WINE,0003592-106.68CM(42),106.68CM (42),,0003592-106.68CM(42),31,0,0,0
REBEL MASS EXPORT PVT LTD,AW24BL0004-0003600 BLACK,0003600-96.52CM(38),96.52CM (38),,0003600-96.52CM(38),31,0,0,0
REBEL MASS EXPORT PVT LTD,AW24D0019-0004398 D.BLUE.,0004398-71.12CM(28),71.12CM (28),,0004398-71.12CM(28),31,0,0,0
REBEL MASS EXPORT PVT LTD,AW24SH0099-0004909 SEA GREEN,0004909-L,L,,0004909-L,31,0,0,0
REBEL MASS EXPORT PVT LTD,AW24SH0100-0004913 GREY,0004913-L,L,,0004913-L,31,0,0,0
REBEL MASS EXPORT PVT LTD,AW24SH0100-0004918 BLACK,0004918-XL,XL,,0004918-XL,31,0,0,0
REBEL MASS EXPORT PVT LTD,AW24SH0178-0006159 SEA BLUE,0006159-XL,XL,,0006159-XL,31,0,0,0
REBEL MASS EXPORT PVT LTD,AW24SH0181-0006214 GREEN,0006214-L,L,,0006214-L,31,0,0,0
REBEL MASS EXPORT PVT LTD,AW24SS0011-0004138 MUSTARD,0004138-XXL,XXL,,0004138-XXL,31,0,0,0
REBEL MASS EXPORT PVT LTD,AW24WL0001-0003773 GREY,0003773-L,L,,0003773-L,31,0,0,0
REBEL MASS EXPORT PVT LTD,CSH25-0004-0006721 GREY,0006721-M,M,,0006721-M,31,0,0,0
REBEL MASS EXPORT PVT LTD,CSH25-0004-0006722 GREY,0006722-L,L,,0006722-L,31,0,0,0
REBEL MASS EXPORT PVT LTD,CWC25-15-0003 MUSTARD,DA0981-96.52CM(38),96.52CM (38),,DA0981-96.52CM(38),31,0,0,0
REBEL MASS EXPORT PVT LTD,FSH25-0001-0006829 GOLDEN,0006829-M,M,,0006829-M,31,0,0,0
REBEL MASS EXPORT PVT LTD,FSH25-0032 SKY BLUE,DA0605-M,M,,DA0605-M,31,0,0,0
REBEL MASS EXPORT PVT LTD,FSH25-39-0019-0007990 GREEN,0007990-L,L,,0007990-L,31,0,0,0
REBEL MASS EXPORT PVT LTD,SHORT25-0002 BLACK,DA1918-L,L,,DA1918-L,31,0,0,0
REBEL MASS EXPORT PVT LTD,TS25-0012 WHITE,DA1178-XL,XL,,DA1178-XL,31,0,0,0
REBEL MASS EXPORT PVT LTD,TS25-0022 BLUE,DA1668-XL,XL,,DA1668-XL,31,0,0,0
REBEL MASS EXPORT PVT LTD,CSH25-0064 PISTA,DA2258-XL,XL,,DA2258-XL,30,0,0,0
REBEL MASS EXPORT PVT LTD,CSH25-0105 TEAL,DA2743-M,M,,DA2743-M,30,0,0,0
REBEL MASS EXPORT PVT LTD,CSH25-0107 SKY,DA3208-XL,XL,,DA3208-XL,30,0,0,0
REBEL MASS EXPORT PVT LTD,DNM26-0007 MID  BLUE,BM0102-86.36CM(34),86.36CM (34),,BM0102-86.36CM(34),30,0,0,0
REBEL MASS EXPORT PVT LTD,FSH25-0062 BEIGE,DA2292-L,L,,DA2292-L,30,0,0,0
REBEL MASS EXPORT PVT LTD,LW26-0004 MEHROON,DA4062-M,M,,DA4062-M,30,0,0,0
REBEL MASS EXPORT PVT LTD,AW24D0004-0003509 CARBON,0003509-91.44CM(36),91.44CM(36),,0003509-91.44CM(36),30,0,0,0
REBEL MASS EXPORT PVT LTD,AW24SH0170-0006071 WHITE,0006071-XL,XL,,0006071-XL,30,0,0,0
REBEL MASS EXPORT PVT LTD,AW24SH0181-0006215 GREEN,0006215-XL,XL,,0006215-XL,30,0,0,0
REBEL MASS EXPORT PVT LTD,AW24SS0003-0003739 MUSTARD.,0003739-XXL,XXL,,0003739-XXL,30,0,0,0
REBEL MASS EXPORT PVT LTD,AW24SS0005-0003747 BLACK,0003747-XXL,XXL,,0003747-XXL,30,0,0,0
REBEL MASS EXPORT PVT LTD,AW24SS0015-0005016 MUSTARD,0005016-XL,XL,,0005016-XL,30,0,0,0
REBEL MASS EXPORT PVT LTD,CSH25-0003-0006678 WHT/BLUE,0006678-L,L,,0006678-L,30,0,0,0
REBEL MASS EXPORT PVT LTD,CSH25-0004-0006701 SKY BLUE,0006701-M,M,,0006701-M,30,0,0,0
REBEL MASS EXPORT PVT LTD,CSH25-0004-0006714 SEA GREEN,0006714-L,L,,0006714-L,30,0,0,0
REBEL MASS EXPORT PVT LTD,CSH25-0004-0006717 OLIVE,0006717-M,M,,0006717-M,30,0,0,0
REBEL MASS EXPORT PVT LTD,CTR25-36-0001-0007434 BEIGE,0007434-81.28CM(32),81.28CM (32),,0007434-81.28CM(32),30,0,0,0
REBEL MASS EXPORT PVT LTD,DNM25-34-0005-0007759 BLACK,0007759-71.12CM(28),71.12CM (28),,0007759-71.12CM(28),30,0,0,0
REBEL MASS EXPORT PVT LTD,FSH25-0001-0006848 GREY,0006848-XXL,XXL,,0006848-XXL,30,0,0,0
REBEL MASS EXPORT PVT LTD,FSH25-0003-0006943 GREEN,0006943-XL,XL,,0006943-XL,30,0,0,0
REBEL MASS EXPORT PVT LTD,FSH25-0006-0007027 GREY,0007027-XL,XL,,0007027-XL,30,0,0,0
REBEL MASS EXPORT PVT LTD,FSH25-0029 SKY BLUE,DA0596-XXL,XXL,,DA0596-XXL,30,0,0,0
REBEL MASS EXPORT PVT LTD,FSH25-0030 SKY BLUE,DA0597-M,M,,DA0597-M,30,0,0,0
REBEL MASS EXPORT PVT LTD,FSH25-0030 SKY BLUE,DA0600-XXL,XXL,,DA0600-XXL,30,0,0,0
REBEL MASS EXPORT PVT LTD,FSH25-0031 SKY BLUE,DA0604-XXL,XXL,,DA0604-XXL,30,0,0,0
REBEL MASS EXPORT PVT LTD,FSH25-0034 SKY BLUE,DA0613-M,M,,DA0613-M,30,0,0,0
REBEL MASS EXPORT PVT LTD,FSH25-0035 SKY BLUE,DA0617-M,M,,DA0617-M,30,0,0,0
REBEL MASS EXPORT PVT LTD,CSH25-0063 BLACK/WHT,DA2254-XL,XL,,DA2254-XL,29,0,0,0
REBEL MASS EXPORT PVT LTD,CSH25-0107 L.GREY,DA3256-XL,XL,,DA3256-XL,29,0,0,0
REBEL MASS EXPORT PVT LTD,CSH25-0107 LEMON,DA3172-XL,XL,,DA3172-XL,29,0,0,0
REBEL MASS EXPORT PVT LTD,CSH25-0107 PISTA,DA3177-L,L,,DA3177-L,29,0,0,0
REBEL MASS EXPORT PVT LTD,DNM26-0008 LIGHT WASH,BM0105-71.12CM(28),71.12CM (28),,BM0105-71.12CM(28),29,0,0,0
REBEL MASS EXPORT PVT LTD,TS25-0059 BLACK,DA2803-3XL,3XL,,DA2803-3XL,29,0,0,0
REBEL MASS EXPORT PVT LTD,AW24BL0004-0003590 WINE,0003590-96.52CM(38),96.52CM (38),,0003590-96.52CM(38),29,0,0,0
REBEL MASS EXPORT PVT LTD,AW24BL0012-0004439 BLUE,0004439-101.6CM(40),101.6CM (40),,0004439-101.6CM(40),29,0,0,0
REBEL MASS EXPORT PVT LTD,AW24CR0002A-0004297 TINT BLUE,0004297-81.28CM(32),81.28CM (32),,0004297-81.28CM(32),29,0,0,0
REBEL MASS EXPORT PVT LTD,AW24D0026-0005424 CRBN BLUE,0005424-81.28CM(32),81.28CM (32),,0005424-81.28CM(32),29,0,0,0
REBEL MASS EXPORT PVT LTD,AW24D0027-0005430 GREY,0005430-81.28CM(32),81.28CM (32),,0005430-81.28CM(32),29,0,0,0
REBEL MASS EXPORT PVT LTD,AW24FTR0041-0006595 NAVY,0006595-81.28CM(32),81.28CM (32),,0006595-81.28CM(32),29,0,0,0
REBEL MASS EXPORT PVT LTD,AW24SH0100-0004917 BLACK,0004917-L,L,,0004917-L,29,0,0,0
REBEL MASS EXPORT PVT LTD,AW24SH0144-0005713 WHITE,0005713-XL,XL,,0005713-XL,29,0,0,0
REBEL MASS EXPORT PVT LTD,AW24SH0170-0006070 WHITE,0006070-L,L,,0006070-L,29,0,0,0
REBEL MASS EXPORT PVT LTD,AW24SH0178-0006158 SEA BLUE,0006158-L,L,,0006158-L,29,0,0,0
REBEL MASS EXPORT PVT LTD,AW24SS0012-0004139 BEIGE,0004139-M,M,,0004139-M,29,0,0,0
REBEL MASS EXPORT PVT LTD,AW24SS0025-0006412 BEIGE,0006412-XL,XL,,0006412-XL,29,0,0,0
REBEL MASS EXPORT PVT LTD,AW24WL0003-0004128 G.MELANGE,0004128-L,L,,0004128-L,29,0,0,1
REBEL MASS EXPORT PVT LTD,CSH25-0003-0006689 WHT/PINK,0006689-M,M,,0006689-M,29,0,0,0
REBEL MASS EXPORT PVT LTD,CSH25-0004-0006710 YELLOW,0006710-L,L,,0006710-L,29,0,0,0
REBEL MASS EXPORT PVT LTD,CSH25-0004-0006730 MUSTARD,0006730-L,L,,0006730-L,29,0,0,0
REBEL MASS EXPORT PVT LTD,CSS25-15-0007-0007226 GREEN,0007226-L,L,,0007226-L,29,0,0,0
REBEL MASS EXPORT PVT LTD,CWC25-15-0001-0007646 BLACK,0007646-101.6CM(40),101.6CM (40),,0007646-101.6CM(40),29,0,0,0
REBEL MASS EXPORT PVT LTD,CWC25-15-0001-0007647 BLACK,0007647-106.68CM(42),106.68CM (42),,0007647-106.68CM(42),29,0,0,0
REBEL MASS EXPORT PVT LTD,DCR25-34-0007-0007838 BLUE,0007838-96.52CM(38),96.52CM (38),,0007838-96.52CM(38),29,0,0,0
REBEL MASS EXPORT PVT LTD,DNM25-34-0009-0007807 L.OLIVE,0007807-71.12CM(28),71.12CM (28),,0007807-71.12CM(28),29,0,0,0
REBEL MASS EXPORT PVT LTD,DNM25-34-0018 INDIGO BLUE,DA1838-81.28CM(32),81.28CM (32),,DA1838-81.28CM(32),29,0,0,0
REBEL MASS EXPORT PVT LTD,FSH25-0006-0007013 PINK,0007013-M,M,,0007013-M,29,0,0,0
REBEL MASS EXPORT PVT LTD,FSH25-0029 SKY BLUE,DA0593-M,M,,DA0593-M,29,0,0,0
REBEL MASS EXPORT PVT LTD,FSH25-0031 SKY BLUE,DA0601-M,M,,DA0601-M,29,0,0,0
REBEL MASS EXPORT PVT LTD,FSH25-0053 WHITE,DA2085-XXL,XXL,,DA2085-XXL,29,0,0,0
REBEL MASS EXPORT PVT LTD,MBDNM0034-0001811 DARK BLUE,0001811-71.12CM(28),71.12CM (28),,0001811-71.12CM(28),29,0,0,0
REBEL MASS EXPORT PVT LTD,TS25-0005 TEAL,DA0874-L,L,,DA0874-L,29,0,0,0
REBEL MASS EXPORT PVT LTD,TS25-0027 NAVY,DA1696-XL,XL,,DA1696-XL,29,0,0,0
REBEL MASS EXPORT PVT LTD,TS25-0046 OLIVE,DA2150-XXL,XXL,,DA2150-XXL,29,0,0,0
REBEL MASS EXPORT PVT LTD,CSH25-0063 BLACK/WHT,DA2253-L,L,,DA2253-L,28,0,0,0
REBEL MASS EXPORT PVT LTD,CSH25-0107 LEMON,DA3171-L,L,,DA3171-L,28,0,0,0
REBEL MASS EXPORT PVT LTD,FSH25-0062 D.PINK,DA2285-M,M,,DA2285-M,28,0,0,0
REBEL MASS EXPORT PVT LTD,TS25-0021 WHT/BLK,DA1659-L,L,,DA1659-L,28,0,0,0
REBEL MASS EXPORT PVT LTD,TS25-0048 BLACK,DA2157-XL,XL,,DA2157-XL,28,0,0,0
REBEL MASS EXPORT PVT LTD,AW24D0002-0002538 BATA WASH,0002538-86.36CM(34),86.36CM (34),,0002538-86.36CM(34),28,0,0,0
REBEL MASS EXPORT PVT LTD,AW24D0028-0006433 TINT BLUE,0006433-76.20CM(30),76.20CM (30),,0006433-76.20CM(30),28,0,0,0
REBEL MASS EXPORT PVT LTD,AW24SH0128-0005648 SKY BLUE,0005648-L,L,,0005648-L,28,0,0,0
REBEL MASS EXPORT PVT LTD,AW24SH0135-0005676 WHITE,0005676-L,L,,0005676-L,28,0,0,0
REBEL MASS EXPORT PVT LTD,AW24SH0144-0005712 WHITE,0005712-L,L,,0005712-L,28,0,0,0
REBEL MASS EXPORT PVT LTD,AW24SH0181-0006211 LEMON,0006211-XL,XL,,0006211-XL,28,0,0,0
REBEL MASS EXPORT PVT LTD,AW24SS0015-0005013 GREY,0005013-XXL,XXL,,0005013-XXL,28,0,0,0
REBEL MASS EXPORT PVT LTD,AW24SS0023-0006375 SKY BLUE,0006375-XL,XL,,0006375-XL,28,0,0,0
REBEL MASS EXPORT PVT LTD,AW24SS0025-0006411 BEIGE,0006411-L,L,,0006411-L,28,0,0,0
REBEL MASS EXPORT PVT LTD,AW24WL0001-0003768 WINE,0003768-M,M,,0003768-M,28,0,0,0
REBEL MASS EXPORT PVT LTD,CSH25-0002-0006662 WHT/GREEN,0006662-L,L,,0006662-L,28,0,0,0
REBEL MASS EXPORT PVT LTD,CSH25-0004-0006725 L.BLUE,0006725-M,M,,0006725-M,28,0,0,0
REBEL MASS EXPORT PVT LTD,CSS25-15-0004-0007187 BLACK,0007187-XL,XL,,0007187-XL,28,0,0,0
REBEL MASS EXPORT PVT LTD,CWC25-15-0003 MUSTARD,DA0984-111.76CM(44),111.76CM (44),,DA0984-111.76CM(44),28,0,0,0
REBEL MASS EXPORT PVT LTD,DCR25-34-0006-0007833 L.BLUE,0007833-96.52CM(38),96.52CM (38),,0007833-96.52CM(38),28,0,0,0
REBEL MASS EXPORT PVT LTD,DCR25-34-0007-0007837 BLUE,0007837-91.44CM(36),91.44CM (36),,0007837-91.44CM(36),28,0,0,0
REBEL MASS EXPORT PVT LTD,DCR25-34-0011 G.BLUE,DA1344-76.20CM(30),76.20CM (30),,DA1344-76.20CM(30),28,0,0,0
REBEL MASS EXPORT PVT LTD,FSH25-0028 SKY BLUE,DA0589-M,M,,DA0589-M,28,0,0,0
REBEL MASS EXPORT PVT LTD,MBDNM0033-0001806 MID  BLUE,0001806-71.12CM(28),71.12CM (28),,0001806-71.12CM(28),28,0,0,0
REBEL MASS EXPORT PVT LTD,TS25-0005 TEAL,DA0875-XL,XL,,DA0875-XL,28,0,0,0
REBEL MASS EXPORT PVT LTD,TS25-0015A GREY,DA1623-L,L,,DA1623-L,28,0,0,0
REBEL MASS EXPORT PVT LTD,TS25-0029 B.GREEN,DA1703-L,L,,DA1703-L,28,0,0,0
REBEL MASS EXPORT PVT LTD,CSH25-0083 BLACK,DA2637-XXXL,XXXL,,DA2637-XXXL,27,0,0,0
REBEL MASS EXPORT PVT LTD,CSH25-0085 RUST,DA2644-L,L,,DA2644-L,27,0,0,0
REBEL MASS EXPORT PVT LTD,CSH25-0107 BROWN,DA3183-L,L,,DA3183-L,27,0,0,0
REBEL MASS EXPORT PVT LTD,CSH25-0107 P.GREEN,DA3238-XL,XL,,DA3238-XL,27,0,0,0
REBEL MASS EXPORT PVT LTD,DNM26-0007 L.BLUE,BM0123-81.28CM(32),81.28CM (32),,BM0123-81.28CM(32),27,0,0,0
REBEL MASS EXPORT PVT LTD,DNM26-0007 MID  BLUE,BM0100-76.20CM(30),76.20CM (30),,BM0100-76.20CM(30),27,0,0,0
REBEL MASS EXPORT PVT LTD,FSH25-0062 D.PINK,DA2288-XXL,XXL,,DA2288-XXL,27,0,0,0
REBEL MASS EXPORT PVT LTD,FSH25-0062 TURQ,DA2274-L,L,,DA2274-L,27,0,0,0
REBEL MASS EXPORT PVT LTD,TS25-0059 BLUE,DA2566-XL,XL,,DA2566-XL,27,0,0,0
REBEL MASS EXPORT PVT LTD,AW24D0002-0002537 BATA WASH,0002537-81.28CM(32),81.28CM (32),,0002537-81.28CM(32),27,0,0,0
REBEL MASS EXPORT PVT LTD,AW24D0023-0005404 CRBN BLUE,0005404-71.12CM(28),71.12CM (28),,0005404-71.12CM(28),27,0,0,0
REBEL MASS EXPORT PVT LTD,AW24JKT0016-0005456 WHITE,0005456-M,M,,0005456-M,27,0,0,0
REBEL MASS EXPORT PVT LTD,AW24SH0135-0005677 WHITE,0005677-XL,XL,,0005677-XL,27,0,0,0
REBEL MASS EXPORT PVT LTD,AW24SH0140-0005697 WHITE,0005697-XL,XL,,0005697-XL,27,0,0,0
REBEL MASS EXPORT PVT LTD,AW24SH0143-0005708 WHITE,0005708-L,L,,0005708-L,27,0,0,0
REBEL MASS EXPORT PVT LTD,AW24SH0143-0005709 WHITE,0005709-XL,XL,,0005709-XL,27,0,0,0
REBEL MASS EXPORT PVT LTD,AW24SH0160-0005970 COFFEE,0005970-L,L,,0005970-L,27,0,0,0
REBEL MASS EXPORT PVT LTD,AW24SH0176-0006134 SEA BLUE,0006134-L,L,,0006134-L,27,0,0,0
REBEL MASS EXPORT PVT LTD,AW24SS0012-0004142 BEIGE,0004142-XXL,XXL,,0004142-XXL,27,0,0,0
REBEL MASS EXPORT PVT LTD,AW24SS0015-0005020 BEIGE,0005020-XL,XL,,0005020-XL,27,0,0,0
REBEL MASS EXPORT PVT LTD,AW24SS0023-0006374 SKY BLUE,0006374-L,L,,0006374-L,27,0,0,0
REBEL MASS EXPORT PVT LTD,BELT0009-0001879 CHOCOLATE,0001879-115CM,115 CM,,0001879-115CM,27,0,0,0
REBEL MASS EXPORT PVT LTD,CSH25-0002-0006661 WHT/GREEN,0006661-M,M,,0006661-M,27,0,0,0
REBEL MASS EXPORT PVT LTD,CSH25-0003-0006686 WHT/GREEN,0006686-L,L,,0006686-L,27,0,0,0
REBEL MASS EXPORT PVT LTD,CSH25-0067 WHITE,DA2410-M,M,,DA2410-M,27,0,0,0
REBEL MASS EXPORT PVT LTD,CSH25-39-0014-0007099 WHITE,0007099-XL,XL,,0007099-XL,27,0,0,0
REBEL MASS EXPORT PVT LTD,CWC25-15-0001-0007650 RED,0007650-101.6CM(40),101.6CM (40),,0007650-101.6CM(40),27,0,0,0
REBEL MASS EXPORT PVT LTD,CWC25-15-0001-0007651 RED,0007651-106.68CM(42),106.68CM (42),,0007651-106.68CM(42),27,0,0,0
REBEL MASS EXPORT PVT LTD,DCR25-34-0006-0007832 L.BLUE,0007832-91.44CM(36),91.44CM (36),,0007832-91.44CM(36),27,0,0,0
REBEL MASS EXPORT PVT LTD,DNM25-34-0012 D.BLUE,DA1279-86.36CM(34),86.36CM (34),,DA1279-86.36CM(34),27,0,0,0
REBEL MASS EXPORT PVT LTD,DNM25-34-0016 GREY,DA1352-86.36CM(34),86.36CM (34),,DA1352-86.36CM(34),27,0,0,0
REBEL MASS EXPORT PVT LTD,DNM25-34-0018 INDIGO BLUE,DA1839-86.36CM(34),86.36CM (34),,DA1839-86.36CM(34),27,0,0,0
REBEL MASS EXPORT PVT LTD,FSH25-0001-0006832 GOLDEN,0006832-XXL,XXL,,0006832-XXL,27,0,0,0
REBEL MASS EXPORT PVT LTD,FSH25-0003-0006942 GREEN,0006942-L,L,,0006942-L,27,0,0,0
REBEL MASS EXPORT PVT LTD,FSH25-0003-0006954 YELLOW,0006954-L,L,,0006954-L,27,0,0,0
REBEL MASS EXPORT PVT LTD,FSH25-0004-0006978 STEAL GREY,0006978-L,L,,0006978-L,27,0,0,0
REBEL MASS EXPORT PVT LTD,FSH25-0004-0006982 VOILET,0006982-L,L,,0006982-L,27,0,0,0
REBEL MASS EXPORT PVT LTD,FSH25-0024 SKY BLUE,DA0576-XXL,XXL,,DA0576-XXL,27,0,0,0
REBEL MASS EXPORT PVT LTD,FSH25-0027 SKY BLUE,DA0585-M,M,,DA0585-M,27,0,0,0
REBEL MASS EXPORT PVT LTD,FSH25-0045 WHITE,DA2053-XXL,XXL,,DA2053-XXL,27,0,0,0
REBEL MASS EXPORT PVT LTD,FSH25-0051 WHITE,DA2077-XXL,XXL,,DA2077-XXL,27,0,0,0
REBEL MASS EXPORT PVT LTD,FTR25-0001-0006741 CHARCOAL,0006741-81.28CM(32),81.28CM (32),,0006741-81.28CM(32),27,0,0,0
REBEL MASS EXPORT PVT LTD,TS25-0008 NAVY,DA0907-XL,XL,,DA0907-XL,27,0,0,0
REBEL MASS EXPORT PVT LTD,TS25-0020 MAROON,DA1657-XXL,XXL,,DA1657-XXL,27,0,0,0
REBEL MASS EXPORT PVT LTD,CSH25-0107 B.GREEN,DA3189-L,L,,DA3189-L,26,0,0,0
REBEL MASS EXPORT PVT LTD,CSH25-0107 BROWN,DA3184-XL,XL,,DA3184-XL,26,0,0,0
REBEL MASS EXPORT PVT LTD,CSH25-0107 P.GREEN,DA3237-L,L,,DA3237-L,26,0,0,0
REBEL MASS EXPORT PVT LTD,FSH25-0062 L.PURPLE,DA2279-M,M,,DA2279-M,26,0,0,0
REBEL MASS EXPORT PVT LTD,TS25-0021 BLACK,DA1679-L,L,,DA1679-L,26,0,0,0
REBEL MASS EXPORT PVT LTD,TS25-0048 BLACK,DA2156-L,L,,DA2156-L,26,0,0,0
REBEL MASS EXPORT PVT LTD,TS25-0051 SKY BLUE,DA2215-M,M,,DA2215-M,26,0,0,0
REBEL MASS EXPORT PVT LTD,TS25-0054C OLIVE,DA2382-M,M,,DA2382-M,26,0,0,0
REBEL MASS EXPORT PVT LTD,AW24BL0013-0004411 GREEN,0004411-101.6CM(40),101.6CM (40),,0004411-101.6CM(40),26,0,0,0
REBEL MASS EXPORT PVT LTD,AW24D0001-0002391 HARD WASH,0002391-81.28CM(32),81.28CM (32),,0002391-81.28CM(32),26,0,0,0
REBEL MASS EXPORT PVT LTD,AW24D0011-0003893 C.BLUE,0003893-76.2CM(30),76.2CM (30),,0003893-76.2CM(30),26,0,0,0
REBEL MASS EXPORT PVT LTD,AW24D0016-0004381 GRY/BLACK.,0004381-76.2CM(30),76.2CM (30),,0004381-76.2CM(30),26,0,0,0
REBEL MASS EXPORT PVT LTD,AW24FTR0028-0005094 NAVY,0005094-81.28CM(32),81.28CM (32),,0005094-81.28CM(32),26,0,0,0
REBEL MASS EXPORT PVT LTD,AW24JKT0016-0005452 BLACK,0005452-M,M,,0005452-M,26,0,0,0
REBEL MASS EXPORT PVT LTD,AW24JKT0016-0005459 WHITE,0005459-XXL,XXL,,0005459-XXL,26,0,0,0
REBEL MASS EXPORT PVT LTD,AW24SH0130-0005656 WHITE,0005656-L,L,,0005656-L,26,0,0,0
REBEL MASS EXPORT PVT LTD,AW24SH0137-0005685 WHITE,0005685-XL,XL,,0005685-XL,26,0,0,0
REBEL MASS EXPORT PVT LTD,AW24SH0140-0005696 WHITE,0005696-L,L,,0005696-L,26,0,0,0
REBEL MASS EXPORT PVT LTD,AW24SH0141-0005701 WHITE,0005701-XL,XL,,0005701-XL,26,0,0,0
REBEL MASS EXPORT PVT LTD,AW24SH0156-0005931 MAHROON,0005931-XL,XL,,0005931-XL,26,0,0,0
REBEL MASS EXPORT PVT LTD,AW24SH0160-0005971 COFFEE,0005971-XL,XL,,0005971-XL,26,0,0,0
REBEL MASS EXPORT PVT LTD,AW24SS0008-0003756 SEA BLUE,0003756-M,M,,0003756-M,26,0,0,0
REBEL MASS EXPORT PVT LTD,AW24SS0015-0005010 GREY,0005010-M,M,,0005010-M,26,0,0,0
REBEL MASS EXPORT PVT LTD,AW24SS0026-0007101 B.MELANGE,0007101-M,M,,0007101-M,26,0,0,0
REBEL MASS EXPORT PVT LTD,CSH25-0002-0006670 GREY,0006670-L,L,,0006670-L,26,0,0,0
REBEL MASS EXPORT PVT LTD,CSH25-0002-0006671 GREY,0006671-XL,XL,,0006671-XL,26,0,0,0
REBEL MASS EXPORT PVT LTD,CSH25-0003-0006693 WHT/YELLOW,0006693-M,M,,0006693-M,26,0,0,0
REBEL MASS EXPORT PVT LTD,CSH25-0004-0006702 SKY BLUE,0006702-L,L,,0006702-L,26,0,0,0
REBEL MASS EXPORT PVT LTD,CSH25-0004-0006705 PINK,0006705-M,M,,0006705-M,26,0,0,0
REBEL MASS EXPORT PVT LTD,CSH25-39-0021-0008183 GREEN,0008183-L,L,,0008183-L,26,0,0,0
REBEL MASS EXPORT PVT LTD,CSH25-39-0021-0008184 GREEN,0008184-XL,XL,,0008184-XL,26,0,0,0
REBEL MASS EXPORT PVT LTD,CSH25-39-0037-0008263 BLUE,0008263-L,L,,0008263-L,26,0,0,0
REBEL MASS EXPORT PVT LTD,CSS25-15-0007-0007228 GREEN,0007228-XXL,XXL,,0007228-XXL,26,0,0,0
REBEL MASS EXPORT PVT LTD,DCR25-34-0007-0007834 BLUE,0007834-76.20CM(30),76.20CM (30),,0007834-76.20CM(30),26,0,0,0
REBEL MASS EXPORT PVT LTD,DNM25-0019 D.BLUE,DA3150-96.52CM(38),96.52CM (38),,DA3150-96.52CM(38),26,0,0,0
REBEL MASS EXPORT PVT LTD,DNM25-34-0007-0007790 D.BLUE,0007790-76.20CM(30),76.20CM (30),,0007790-76.20CM(30),26,0,0,0
REBEL MASS EXPORT PVT LTD,DNM25-34-0007-0007794 D.BLUE,0007794-96.52CM(38),96.52CM (38),,0007794-96.52CM(38),26,0,0,0
REBEL MASS EXPORT PVT LTD,DNM25-34-0012 D.BLUE,DA1278-81.28CM(32),81.28CM (32),,DA1278-81.28CM(32),26,0,0,0
REBEL MASS EXPORT PVT LTD,FSH25-0001-0006845 GREY,0006845-M,M,,0006845-M,26,0,0,0
REBEL MASS EXPORT PVT LTD,FSH25-0002-0006928 PINK,0006928-XXL,XXL,,0006928-XXL,26,0,0,0
REBEL MASS EXPORT PVT LTD,FSH25-0006-0007026 GREY,0007026-L,L,,0007026-L,26,0,0,0
REBEL MASS EXPORT PVT LTD,FSH25-0025 SKY BLUE,DA0580-XXL,XXL,,DA0580-XXL,26,0,0,0
REBEL MASS EXPORT PVT LTD,FSH25-0038 AQUA,DA1756-XL,XL,,DA1756-XL,26,0,0,0
REBEL MASS EXPORT PVT LTD,FSH25-0042 MAROON,DA1820-XL,XL,,DA1820-XL,26,0,0,0
REBEL MASS EXPORT PVT LTD,FSH25-0044 WHITE,DA2046-M,M,,DA2046-M,26,0,0,0
REBEL MASS EXPORT PVT LTD,FSH25-0046 WHITE,DA2057-XXL,XXL,,DA2057-XXL,26,0,0,0
REBEL MASS EXPORT PVT LTD,FSH25-0047 WHITE,DA2061-XXL,XXL,,DA2061-XXL,26,0,0,0
REBEL MASS EXPORT PVT LTD,FSH25-0054 WHITE,DA2086-M,M,,DA2086-M,26,0,0,0
REBEL MASS EXPORT PVT LTD,FSH25-0056 WHITE,DA2097-XXL,XXL,,DA2097-XXL,26,0,0,0
REBEL MASS EXPORT PVT LTD,FSH25-39-0019-0007991 GREEN,0007991-XL,XL,,0007991-XL,26,0,0,0
REBEL MASS EXPORT PVT LTD,JKT25-0001 GREEN,DA0773-XL,XL,,DA0773-XL,26,0,0,0
REBEL MASS EXPORT PVT LTD,MBDNM0033-0001807 MID  BLUE,0001807-76.2CM(30INCH),76.2 CM (30 INCH),,0001807-76.2CM(30INCH),26,0,0,0
REBEL MASS EXPORT PVT LTD,MJKTS0001-0002269 TEAL,0002269-M,M,,0002269-M,26,0,0,0
REBEL MASS EXPORT PVT LTD,SHORT25-0002 BLACK,DA1920-XXL,XXL,,DA1920-XXL,26,0,0,0
REBEL MASS EXPORT PVT LTD,TS25-0005 GREEN,DA0882-L,L,,DA0882-L,26,0,0,0
REBEL MASS EXPORT PVT LTD,TS25-0005 MAROON,DA0992-XL,XL,,DA0992-XL,26,0,0,0
REBEL MASS EXPORT PVT LTD,CSH25-0062 ORANGE/WHT,DA2249-L,L,,DA2249-L,25,0,0,0
REBEL MASS EXPORT PVT LTD,CSH25-0062 ORANGE/WHT,DA2250-XL,XL,,DA2250-XL,25,0,0,0
REBEL MASS EXPORT PVT LTD,CSH25-0077 NAVY,DA2605-XL,XL,,DA2605-XL,25,0,0,0
REBEL MASS EXPORT PVT LTD,CSH25-0082 D.GREY,DA2629-L,L,,DA2629-L,25,0,0,0
REBEL MASS EXPORT PVT LTD,CSH25-0107 WHITE,DA3201-L,L,,DA3201-L,25,0,0,0
REBEL MASS EXPORT PVT LTD,FSH25-0062 L.GREY,DA2298-L,L,,DA2298-L,25,0,0,0
REBEL MASS EXPORT PVT LTD,TS25-0012 SKY,DA2122-XXL,XXL,,DA2122-XXL,25,0,0,0
REBEL MASS EXPORT PVT LTD,AW24D0001-0002392 HARD WASH,0002392-86.36CM(34),86.36CM (34),,0002392-86.36CM(34),25,0,0,0
REBEL MASS EXPORT PVT LTD,AW24D0011-0004339 L.BLUE,0004339-76.2CM(30),76.2CM (30),,0004339-76.2CM(30),25,0,0,0
REBEL MASS EXPORT PVT LTD,AW24D0017-0004386 BLACK,0004386-71.12CM(28),71.12CM (28),,0004386-71.12CM(28),25,0,0,0
REBEL MASS EXPORT PVT LTD,AW24D0021-0005373 KHAKI TINT,0005373-86.36CM(34),86.36CM (34),,0005373-86.36CM(34),25,0,0,0
REBEL MASS EXPORT PVT LTD,AW24SH0085-0004237 BROWN,0004237-XL,XL,,0004237-XL,25,0,0,0
REBEL MASS EXPORT PVT LTD,AW24SH0090-0004614 PURPLE,0004614-XL,XL,,0004614-XL,25,0,0,0
REBEL MASS EXPORT PVT LTD,AW24SH0130-0005657 WHITE,0005657-XL,XL,,0005657-XL,25,0,0,0
REBEL MASS EXPORT PVT LTD,AW24SH0132-0005664 WHITE,0005664-L,L,,0005664-L,25,0,0,0
REBEL MASS EXPORT PVT LTD,AW24SH0133-0005668 WHITE,0005668-L,L,,0005668-L,25,0,0,0
REBEL MASS EXPORT PVT LTD,AW24SH0133-0005669 WHITE,0005669-XL,XL,,0005669-XL,25,0,0,0
REBEL MASS EXPORT PVT LTD,AW24SH0134-0005672 WHITE,0005672-L,L,,0005672-L,25,0,0,0
REBEL MASS EXPORT PVT LTD,AW24SH0134-0005673 WHITE,0005673-XL,XL,,0005673-XL,25,0,0,0
REBEL MASS EXPORT PVT LTD,AW24SH0136-0005680 WHITE,0005680-L,L,,0005680-L,25,0,0,0
REBEL MASS EXPORT PVT LTD,AW24SH0137-0005684 WHITE,0005684-L,L,,0005684-L,25,0,0,0
REBEL MASS EXPORT PVT LTD,AW24SH0141-0005700 WHITE,0005700-L,L,,0005700-L,25,0,0,0
REBEL MASS EXPORT PVT LTD,AW24SH0147-0005831 BROWN,0005831-XL,XL,,0005831-XL,25,0,0,0
REBEL MASS EXPORT PVT LTD,AW24SH0156-0005918 GREEN,0005918-L,L,,0005918-L,25,0,0,0
REBEL MASS EXPORT PVT LTD,AW24SH0156-0005927 BROWN,0005927-XL,XL,,0005927-XL,25,0,0,0
REBEL MASS EXPORT PVT LTD,AW24SH0181-0006210 LEMON,0006210-L,L,,0006210-L,25,0,0,0
REBEL MASS EXPORT PVT LTD,AW24SS0015-0005032 OLIVE,0005032-XL,XL,,0005032-XL,25,0,0,0
REBEL MASS EXPORT PVT LTD,AW24WL0001-0003771 WINE,0003771-XXL,XXL,,0003771-XXL,25,0,0,1
REBEL MASS EXPORT PVT LTD,CSH25-0004-0006706 PINK,0006706-L,L,,0006706-L,25,0,0,0
REBEL MASS EXPORT PVT LTD,CSH25-0004-0006726 L.BLUE,0006726-L,L,,0006726-L,25,0,0,0
REBEL MASS EXPORT PVT LTD,CSH25-0065 BLACK,DA2388-XL,XL,,DA2388-XL,25,0,0,0
REBEL MASS EXPORT PVT LTD,CSH25-0065 KHAKI,DA2393-XXL,XXL,,DA2393-XXL,25,0,0,0
REBEL MASS EXPORT PVT LTD,CSH25-20-0017-0007593 RED,0007593-M,M,,0007593-M,25,0,0,0
REBEL MASS EXPORT PVT LTD,CSH25-39-0034-0008239 NAVY,0008239-L,L,,0008239-L,25,0,0,0
REBEL MASS EXPORT PVT LTD,CSH25-39-0036-0008255 BROWN,0008255-L,L,,0008255-L,25,0,0,0
REBEL MASS EXPORT PVT LTD,CSH25-39-0037-0008259 OFF WHITE,0008259-L,L,,0008259-L,25,0,0,0
REBEL MASS EXPORT PVT LTD,CSS25-15-0004-0007186 BLACK,0007186-L,L,,0007186-L,25,0,0,0
REBEL MASS EXPORT PVT LTD,CSS25-15-0007-0007217 ORANGE,0007217-M,M,,0007217-M,25,0,0,0
REBEL MASS EXPORT PVT LTD,CTR25-0007 OLIVE,DA0117-86.36CM(34),86.36CM (34),,DA0117-86.36CM(34),25,0,0,0
REBEL MASS EXPORT PVT LTD,DNM25-34-0003-0007531 WHITE,0007531-96.52CM(38),96.52CM (38),,0007531-96.52CM(38),25,0,0,0
REBEL MASS EXPORT PVT LTD,DNM25-34-0005-0007764 BLACK,0007764-96.52CM(38),96.52CM (38),,0007764-96.52CM(38),25,0,0,0
REBEL MASS EXPORT PVT LTD,FSH25-0002-0006917 LEMON,0006917-M,M,,0006917-M,25,0,0,0
REBEL MASS EXPORT PVT LTD,FSH25-0002-0006920 LEMON,0006920-XXL,XXL,,0006920-XXL,25,0,0,0
REBEL MASS EXPORT PVT LTD,FSH25-0004-0006964 GREEN,0006964-XXL,XXL,,0006964-XXL,25,0,0,0
REBEL MASS EXPORT PVT LTD,FSH25-0004-0006983 VOILET,0006983-XL,XL,,0006983-XL,25,0,0,0
REBEL MASS EXPORT PVT LTD,FSH25-0005-0006986 GREEN,0006986-L,L,,0006986-L,25,0,0,0
REBEL MASS EXPORT PVT LTD,FSH25-0005-0007000 PINK,0007000-XXL,XXL,,0007000-XXL,25,0,0,0
REBEL MASS EXPORT PVT LTD,FSH25-0006-0007016 PINK,0007016-XXL,XXL,,0007016-XXL,25,0,0,0
REBEL MASS EXPORT PVT LTD,FSH25-0006-0007021 GREEN,0007021-M,M,,0007021-M,25,0,0,0
REBEL MASS EXPORT PVT LTD,FSH25-0006-0007032 ORANGE,0007032-XXL,XXL,,0007032-XXL,25,0,0,0
REBEL MASS EXPORT PVT LTD,FSH25-0044 WHITE,DA2049-XXL,XXL,,DA2049-XXL,25,0,0,0
REBEL MASS EXPORT PVT LTD,FSH25-0045 WHITE,DA2050-M,M,,DA2050-M,25,0,0,0
REBEL MASS EXPORT PVT LTD,FSH25-0049 WHITE,DA2066-M,M,,DA2066-M,25,0,0,0
REBEL MASS EXPORT PVT LTD,FSH25-0049 WHITE,DA2069-XXL,XXL,,DA2069-XXL,25,0,0,0
REBEL MASS EXPORT PVT LTD,FSH25-0050 WHITE,DA2073-XXL,XXL,,DA2073-XXL,25,0,0,0
REBEL MASS EXPORT PVT LTD,FSH25-0055 WHITE,DA2093-XXL,XXL,,DA2093-XXL,25,0,0,0
REBEL MASS EXPORT PVT LTD,FSH25-0057 CREAM,DA2229-L,L,,DA2229-L,25,0,0,0
REBEL MASS EXPORT PVT LTD,FSH25-39-0010-0007922 MUSTARD,0007922-L,L,,0007922-L,25,0,0,0
REBEL MASS EXPORT PVT LTD,FSH25-39-0022-0008015 GREEN,0008015-XL,XL,,0008015-XL,25,0,0,0
REBEL MASS EXPORT PVT LTD,MJKTS0001-0002270 TEAL,0002270-L,L,,0002270-L,25,0,0,0
REBEL MASS EXPORT PVT LTD,MWSST0006-0001816 BLACK MAROON,0001816-M,M,,0001816-M,25,0,0,0
REBEL MASS EXPORT PVT LTD,MWSST0006-0001821 WHITE MAROON,0001821-L,L,,0001821-L,25,0,0,0
REBEL MASS EXPORT PVT LTD,TS25-0012 GREEN,DA1007-L,L,,DA1007-L,25,0,0,0
REBEL MASS EXPORT PVT LTD,TS25-0012 WHITE,DA1177-L,L,,DA1177-L,25,0,0,0
REBEL MASS EXPORT PVT LTD,TS25-0017 TEAL,DA1645-XXL,XXL,,DA1645-XXL,25,0,0,0
REBEL MASS EXPORT PVT LTD,TS25-0034 OFF WHITE,DA1904-L,L,,DA1904-L,25,0,0,0
REBEL MASS EXPORT PVT LTD,CSH25-0077 NAVY,DA2604-L,L,,DA2604-L,24,0,0,0
REBEL MASS EXPORT PVT LTD,CSH25-0082 D.GREY,DA2630-XL,XL,,DA2630-XL,24,0,0,0
REBEL MASS EXPORT PVT LTD,CSH25-0107 PISTA GREEN,DA3262-XL,XL,,DA3262-XL,24,0,0,0
REBEL MASS EXPORT PVT LTD,DNM26-0008 LIGHT WASH,BM0106-76.20CM(30),76.20CM (30),,BM0106-76.20CM(30),24,0,0,0
REBEL MASS EXPORT PVT LTD,FSH25-0062 L.GREY,DA2299-XL,XL,,DA2299-XL,24,0,0,0
REBEL MASS EXPORT PVT LTD,TS25-0047 BLACK,DA2152-L,L,,DA2152-L,24,0,0,0
REBEL MASS EXPORT PVT LTD,TS25-0048 BLACK,DA2155-M,M,,DA2155-M,24,0,0,0
REBEL MASS EXPORT PVT LTD,AW24BL0004-0003591 WINE,0003591-101.6CM(40),101.6CM (40),,0003591-101.6CM(40),24,0,0,0
REBEL MASS EXPORT PVT LTD,AW24CTR0006-0006547 NAVY,0006547-81.28CM(32),81.28CM (32),,0006547-81.28CM(32),24,0,0,0
REBEL MASS EXPORT PVT LTD,AW24D0001-0002394 BATA WASH,0002394-71.12CM(28),71.12CM (28),,0002394-71.12CM(28),24,0,0,0
REBEL MASS EXPORT PVT LTD,AW24D0008-0003531 BLACK,0003531-81.28CM(32),81.28CM (32),,0003531-81.28CM(32),24,0,0,0
REBEL MASS EXPORT PVT LTD,AW24D0009A-0004263 TINT BROWN,0004263-71.12CM(28),71.12CM (28),,0004263-71.12CM(28),24,0,0,0
REBEL MASS EXPORT PVT LTD,AW24D0021-0006481 BLUE,0006481-76.20CM(30),76.20CM (30),,0006481-76.20CM(30),24,0,0,0
REBEL MASS EXPORT PVT LTD,AW24D0028-0006435 TINT BLUE,0006435-86.36CM(34),86.36CM (34),,0006435-86.36CM(34),24,0,0,0
REBEL MASS EXPORT PVT LTD,AW24FTR0026-0005082 MAHROON,0005082-81.28CM(32),81.28CM (32),,0005082-81.28CM(32),24,0,0,0
REBEL MASS EXPORT PVT LTD,AW24JKT0016-0007133 BEG/MAHRUN,0007133-M,M,,0007133-M,24,0,0,0
REBEL MASS EXPORT PVT LTD,AW24SH0090-0004605 TURQ,0004605-L,L,,0004605-L,24,0,0,0
REBEL MASS EXPORT PVT LTD,AW24SH0132-0005665 WHITE,0005665-XL,XL,,0005665-XL,24,0,0,0
REBEL MASS EXPORT PVT LTD,AW24SH0147-0005822 GREEN,0005822-L,L,,0005822-L,24,0,0,0
REBEL MASS EXPORT PVT LTD,AW24SH0155-0005911 COFFEE,0005911-XL,XL,,0005911-XL,24,0,0,0
REBEL MASS EXPORT PVT LTD,AW24SH0156-0005926 BROWN,0005926-L,L,,0005926-L,24,0,0,0
REBEL MASS EXPORT PVT LTD,AW24SH0180-0006199 NAVY,0006199-XL,XL,,0006199-XL,24,0,0,0
REBEL MASS EXPORT PVT LTD,AW24SS0003-0003736 MUSTARD.,0003736-M,M,,0003736-M,24,0,0,0
REBEL MASS EXPORT PVT LTD,AW24SS0015-0005028 SEA BLUE,0005028-XL,XL,,0005028-XL,24,0,0,0
REBEL MASS EXPORT PVT LTD,AW24TS0002-0006390 BLACK,0006390-L,L,,0006390-L,24,0,0,0
REBEL MASS EXPORT PVT LTD,AW24TS0003-0006403 YELLOW,0006403-XL,XL,,0006403-XL,24,0,0,0
REBEL MASS EXPORT PVT LTD,BELT0006-0001882 BR/BLACK,0001882-115CM,115 CM,,0001882-115CM,24,0,0,0
REBEL MASS EXPORT PVT LTD,BELT25-18-0004-0008058 BLACK,0008058-115CM,115 CM,BLACK,0008058-115CM,24,0,0,0
REBEL MASS EXPORT PVT LTD,CSH25-0003-0006682 WHT/OLIVE,0006682-L,L,,0006682-L,24,0,0,0
REBEL MASS EXPORT PVT LTD,CSH25-39-0036-0008256 BROWN,0008256-XL,XL,,0008256-XL,24,0,0,0
REBEL MASS EXPORT PVT LTD,CTR25-0007 B.GREEN,DA0130-81.28CM(32),81.28CM (32),,DA0130-81.28CM(32),24,0,0,0
REBEL MASS EXPORT PVT LTD,CWC25-32-0004 WHITE,DA1572-106.68CM(42),106.68CM (42),,DA1572-106.68CM(42),24,0,0,0
REBEL MASS EXPORT PVT LTD,DCR25-34-0004-0007823 BLUE,0007823-96.52CM(38),96.52CM (38),,0007823-96.52CM(38),24,0,0,0
REBEL MASS EXPORT PVT LTD,DCR25-34-0006-0007829 L.BLUE,0007829-76.20CM(30),76.20CM (30),,0007829-76.20CM(30),24,0,0,0
REBEL MASS EXPORT PVT LTD,DNM25-0018 WHIITE,DA2160-76.20CM(30),76.20CM (30),,DA2160-76.20CM(30),24,0,0,0
REBEL MASS EXPORT PVT LTD,DNM25-34-0002-0007520 BLUE,0007520-71.12CM(28),71.12CM (28),,0007520-71.12CM(28),24,0,0,0
REBEL MASS EXPORT PVT LTD,FSH25-0002-0006924 NUDE,0006924-XXL,XXL,,0006924-XXL,24,0,0,0
REBEL MASS EXPORT PVT LTD,FSH25-0002-0006931 STEAL GREY,0006931-XL,XL,,0006931-XL,24,0,0,0
REBEL MASS EXPORT PVT LTD,FSH25-0005-0006997 PINK,0006997-M,M,,0006997-M,24,0,0,0
REBEL MASS EXPORT PVT LTD,FSH25-0005-0007008 PURPLE,0007008-XXL,XXL,,0007008-XXL,24,0,0,0
REBEL MASS EXPORT PVT LTD,FSH25-0024 SKY BLUE,DA0573-M,M,,DA0573-M,24,0,0,0
REBEL MASS EXPORT PVT LTD,FSH25-0038 L.PINK,DA1768-XL,XL,,DA1768-XL,24,0,0,0
REBEL MASS EXPORT PVT LTD,FSH25-0051 WHITE,DA2074-M,M,,DA2074-M,24,0,0,0
REBEL MASS EXPORT PVT LTD,FSH25-0052 WHITE,DA2080-XL,XL,,DA2080-XL,24,0,0,0
REBEL MASS EXPORT PVT LTD,FSH25-0054 WHITE,DA2089-XXL,XXL,,DA2089-XXL,24,0,0,0
REBEL MASS EXPORT PVT LTD,FSH25-0056 WHITE,DA2094-M,M,,DA2094-M,24,0,0,0
REBEL MASS EXPORT PVT LTD,FSH25-39-0009-0007911 L.GREY,0007911-XL,XL,,0007911-XL,24,0,0,0
REBEL MASS EXPORT PVT LTD,FSH25-39-0015-0007958 SEA GREEN,0007958-L,L,,0007958-L,24,0,0,0
REBEL MASS EXPORT PVT LTD,MBDNM0028-0001768 DARK BLUE,0001768-86.36CM(34INCH),86.36 CM (34 INCH),,0001768-86.36CM(34INCH),24,0,0,0
REBEL MASS EXPORT PVT LTD,MJKTS0001-0002271 TEAL,0002271-XL,XL,,0002271-XL,24,0,0,0
REBEL MASS EXPORT PVT LTD,TS25-0008 NAVY,DA0906-L,L,,DA0906-L,24,0,0,0
REBEL MASS EXPORT PVT LTD,TS25-0012 B.GREEN,DA1185-L,L,,DA1185-L,24,0,0,0
REBEL MASS EXPORT PVT LTD,TS25-0013A BLUE,DA1217-L,L,,DA1217-L,24,0,0,0
REBEL MASS EXPORT PVT LTD,CSH25-0103 NAVY,DA2735-XL,XL,,DA2735-XL,23,0,0,0
REBEL MASS EXPORT PVT LTD,CSH25-0107 L.BROWN,DA3212-M,M,,DA3212-M,23,0,0,0
REBEL MASS EXPORT PVT LTD,CSH25-0107 MAROON,DA3249-L,L,,DA3249-L,23,0,0,0
REBEL MASS EXPORT PVT LTD,CSH25-0107 MAROON,DA3250-XL,XL,,DA3250-XL,23,0,0,0
REBEL MASS EXPORT PVT LTD,FSH25-0062 CHARCOAL,DA2317-XL,XL,,DA2317-XL,23,0,0,0
REBEL MASS EXPORT PVT LTD,FSH25-0072 SKY BLUE,DA3485-XL,XL,,DA3485-XL,23,0,0,0
REBEL MASS EXPORT PVT LTD,LW26-0004 BLACK,DA4061-XXL,XXL,,DA4061-XXL,23,0,0,0
REBEL MASS EXPORT PVT LTD,LW26-0005 KHAKI,DA4092-XL,XL,,DA4092-XL,23,0,0,0
REBEL MASS EXPORT PVT LTD,ASR-SHIRT-0004812 N/A,0004812-M,M,,0004812-M,23,0,0,0
REBEL MASS EXPORT PVT LTD,AW24CTR0007-0006567 CREAM,0006567-81.28CM(32),81.28CM (32),,0006567-81.28CM(32),23,0,0,0
REBEL MASS EXPORT PVT LTD,AW24CTR0007-0006568 CREAM,0006568-86.36CM(34),86.36CM (34),,0006568-86.36CM(34),23,0,0,0
REBEL MASS EXPORT PVT LTD,AW24D0011-0003877 B.T.WASH.,0003877-86.36CM(34),86.36CM (34),,0003877-86.36CM(34),23,0,0,0
REBEL MASS EXPORT PVT LTD,AW24D0021-0006475 BLUE.A,0006475-76.20CM(30),76.20CM (30),,0006475-76.20CM(30),23,0,0,0
REBEL MASS EXPORT PVT LTD,AW24D0021-0006477 BLUE.A,0006477-86.36CM(34),86.36CM (34),,0006477-86.36CM(34),23,0,0,0
REBEL MASS EXPORT PVT LTD,AW24D0027-0005428 GREY,0005428-71.12CM(28),71.12CM (28),,0005428-71.12CM(28),23,0,0,0
REBEL MASS EXPORT PVT LTD,AW24SH0085-0007051 DUSTY,0007051-XL,XL,,0007051-XL,23,0,0,0
REBEL MASS EXPORT PVT LTD,AW24SH0131-0005661 WHITE,0005661-XL,XL,,0005661-XL,23,0,0,0
REBEL MASS EXPORT PVT LTD,AW24SH0136-0005681 WHITE,0005681-XL,XL,,0005681-XL,23,0,0,0
REBEL MASS EXPORT PVT LTD,AW24SH0147-0005826 L.GREEN,0005826-L,L,,0005826-L,23,0,0,0
REBEL MASS EXPORT PVT LTD,AW24SH0147-0005839 BLACK,0005839-XL,XL,,0005839-XL,23,0,0,0
REBEL MASS EXPORT PVT LTD,AW24SH0152-0005883 GREY,0005883-XL,XL,,0005883-XL,23,0,0,0
REBEL MASS EXPORT PVT LTD,AW24SH0156-0005923 L.GREEN,0005923-XL,XL,,0005923-XL,23,0,0,0
REBEL MASS EXPORT PVT LTD,AW24SH0156-0005930 MAHROON,0005930-L,L,,0005930-L,23,0,0,0
REBEL MASS EXPORT PVT LTD,AW24SH0159-0005962 TURQ,0005962-L,L,,0005962-L,23,0,0,0
REBEL MASS EXPORT PVT LTD,AW24SH0160-0005975 GREEN,0005975-XL,XL,,0005975-XL,23,0,0,0
REBEL MASS EXPORT PVT LTD,AW24SH0169-0006065 WHITE,0006065-M,M,,0006065-M,23,0,0,0
REBEL MASS EXPORT PVT LTD,AW24SH0169-0006068 WHITE,0006068-XXL,XXL,,0006068-XXL,23,0,0,0
REBEL MASS EXPORT PVT LTD,AW24SS0006-0003751 BLACK,0003751-XXL,XXL,,0003751-XXL,23,0,0,0
REBEL MASS EXPORT PVT LTD,AW24SS0010-0004131 WHT/GREY,0004131-M,M,,0004131-M,23,0,0,0
REBEL MASS EXPORT PVT LTD,AW24SS0013-0004146 BLACK,0004146-XXL,XXL,,0004146-XXL,23,0,0,0
REBEL MASS EXPORT PVT LTD,AW24SS0021-0006335 GREY,0006335-XL,XL,,0006335-XL,23,0,0,0
REBEL MASS EXPORT PVT LTD,AW24TK0002-0005236 ANTRA,0005236-L,L,,0005236-L,23,0,0,0
REBEL MASS EXPORT PVT LTD,AW24TK0002-0005237 ANTRA,0005237-XL,XL,,0005237-XL,23,0,0,0
REBEL MASS EXPORT PVT LTD,AW24TK0002-0005241 B.MELANGE,0005241-XL,XL,,0005241-XL,23,0,0,0
REBEL MASS EXPORT PVT LTD,CSH25-0008-0006882 SKY BLUE,0006882-L,L,,0006882-L,23,0,0,0
REBEL MASS EXPORT PVT LTD,CSH25-39-0019-0008176 MAHROON,0008176-XL,XL,,0008176-XL,23,0,0,0
REBEL MASS EXPORT PVT LTD,CSH25-39-0025-0008200 BROWN,0008200-XL,XL,,0008200-XL,23,0,0,0
REBEL MASS EXPORT PVT LTD,CSH25-39-0034-0008240 NAVY,0008240-XL,XL,,0008240-XL,23,0,0,0
REBEL MASS EXPORT PVT LTD,CWC25-32-0006 FAWN,DA1583-101.6CM(40),101.6CM (40),,DA1583-101.6CM(40),23,0,0,0
REBEL MASS EXPORT PVT LTD,DNM25-34-0009-0007808 L.OLIVE,0007808-76.20CM(30),76.20CM (30),,0007808-76.20CM(30),23,0,0,0
REBEL MASS EXPORT PVT LTD,DNM25-34-0011 BLUE,DA0799-71.12CM(28),71.12CM (28),,DA0799-71.12CM(28),23,0,0,0
REBEL MASS EXPORT PVT LTD,FSH25-0002-0006925 PINK,0006925-M,M,,0006925-M,23,0,0,0
REBEL MASS EXPORT PVT LTD,FSH25-0002-0006930 STEAL GREY,0006930-L,L,,0006930-L,23,0,0,0
REBEL MASS EXPORT PVT LTD,FSH25-0004-0006966 NUDE,0006966-L,L,,0006966-L,23,0,0,0
REBEL MASS EXPORT PVT LTD,FSH25-0005-0006987 GREEN,0006987-XL,XL,,0006987-XL,23,0,0,0
REBEL MASS EXPORT PVT LTD,FSH25-0005-0006992 BLUE,0006992-XXL,XXL,,0006992-XXL,23,0,0,0
REBEL MASS EXPORT PVT LTD,FSH25-0027 SKY BLUE,DA0588-XXL,XXL,,DA0588-XXL,23,0,0,0
REBEL MASS EXPORT PVT LTD,FSH25-0050 WHITE,DA2070-M,M,,DA2070-M,23,0,0,0
REBEL MASS EXPORT PVT LTD,FSH25-39-0013-0007947 BROWN,0007947-XL,XL,,0007947-XL,23,0,0,0
REBEL MASS EXPORT PVT LTD,FSH25-39-0017-0007975 GREEN,0007975-XL,XL,,0007975-XL,23,0,0,0
REBEL MASS EXPORT PVT LTD,FSH25-39-0017-0007978 TURQ,0007978-L,L,,0007978-L,23,0,0,0
REBEL MASS EXPORT PVT LTD,JKT25-0001 GREEN,DA0772-L,L,,DA0772-L,23,0,0,0
REBEL MASS EXPORT PVT LTD,SHORT25-0002 GREY,DA1921-M,M,,DA1921-M,23,0,0,0
REBEL MASS EXPORT PVT LTD,TS25-0005 GREEN,DA0883-XL,XL,,DA0883-XL,23,0,0,0
REBEL MASS EXPORT PVT LTD,TS25-0012 B.GREEN,DA1186-XL,XL,,DA1186-XL,23,0,0,0
REBEL MASS EXPORT PVT LTD,CSH25-0069 WHITE,DA2421-XXL,XXL,,DA2421-XXL,22,0,0,0
REBEL MASS EXPORT PVT LTD,CSH25-0073 GREEN,DA2587-XXXL,XXXL,,DA2587-XXXL,22,0,0,0
REBEL MASS EXPORT PVT LTD,CSH25-0100 L.GREEN,DA2722-XXXL,XXXL,,DA2722-XXXL,22,0,0,0
REBEL MASS EXPORT PVT LTD,CSH25-0103 NAVY,DA2734-L,L,,DA2734-L,22,0,0,0
REBEL MASS EXPORT PVT LTD,CSH25-0107 L.GREY,DA3255-L,L,,DA3255-L,22,0,0,0
REBEL MASS EXPORT PVT LTD,FSH25-0072 SKY BLUE,DA3484-L,L,,DA3484-L,22,0,0,0
REBEL MASS EXPORT PVT LTD,LW26-0004 GREY,DA4066-M,M,,DA4066-M,22,0,0,0
REBEL MASS EXPORT PVT LTD,LW26-0005 KHAKI,DA4091-L,L,,DA4091-L,22,0,0,0
REBEL MASS EXPORT PVT LTD,TS25-0012 SKY,DA2119-M,M,,DA2119-M,22,0,0,0
REBEL MASS EXPORT PVT LTD,AW24BL0012-0004435 BLACK,0004435-101.6CM(40),101.6CM (40),,0004435-101.6CM(40),22,0,0,0
REBEL MASS EXPORT PVT LTD,AW24BL0013-0004412 GREEN,0004412-106.68CM(42),106.68CM (42),,0004412-106.68CM(42),22,0,0,0
REBEL MASS EXPORT PVT LTD,AW24CTR0003-0004871 CAMEL,0004871-81.28CM(32),81.28CM (32),,0004871-81.28CM(32),22,0,0,0
REBEL MASS EXPORT PVT LTD,AW24D0001-0002400 DIRTY EARTH,0002400-76.20CM(30),76.20CM (30),,0002400-76.20CM(30),22,0,0,0
REBEL MASS EXPORT PVT LTD,AW24D0008-0003532 BLACK,0003532-86.36CM(34),86.36CM (34),,0003532-86.36CM(34),22,0,0,0
REBEL MASS EXPORT PVT LTD,AW24D0011-0003887 BLUE TOWEL,0003887-76.2CM(30),76.2CM (30),,0003887-76.2CM(30),22,0,0,0
REBEL MASS EXPORT PVT LTD,AW24D0011-0004351 D.BLUE.,0004351-76.2CM(30),76.2CM (30),,0004351-76.2CM(30),22,0,0,0
REBEL MASS EXPORT PVT LTD,AW24D0019-0004401 D.BLUE.,0004401-86.36CM(34),86.36CM (34),,0004401-86.36CM(34),22,0,0,0
REBEL MASS EXPORT PVT LTD,AW24D0028-0006451 L.BLUE,0006451-76.20CM(30),76.20CM (30),,0006451-76.20CM(30),22,0,0,0
REBEL MASS EXPORT PVT LTD,AW24SH0037-0002903 SEA GREEN,0002903-L,L,,0002903-L,22,0,0,0
REBEL MASS EXPORT PVT LTD,AW24SH0074-0004047 WHITE,0004047-L,L,,0004047-L,22,0,0,0
REBEL MASS EXPORT PVT LTD,AW24SH0085-0004233 OLIVE,0004233-XL,XL,,0004233-XL,22,0,0,0
REBEL MASS EXPORT PVT LTD,AW24SH0085-0007054 CHARCOAL,0007054-L,L,,0007054-L,22,0,0,0
REBEL MASS EXPORT PVT LTD,AW24SH0092-0004638 BLACK,0004638-XL,XL,,0004638-XL,22,0,0,0
REBEL MASS EXPORT PVT LTD,AW24SH0094-0004665 YELLOW,0004665-L,L,,0004665-L,22,0,0,0
REBEL MASS EXPORT PVT LTD,AW24SH0147-0005818 MAHROON,0005818-L,L,,0005818-L,22,0,0,0
REBEL MASS EXPORT PVT LTD,AW24SH0147-0005823 GREEN,0005823-XL,XL,,0005823-XL,22,0,0,0
REBEL MASS EXPORT PVT LTD,AW24SH0152-0005866 SEA GREEN,0005866-L,L,,0005866-L,22,0,0,0
REBEL MASS EXPORT PVT LTD,AW24SH0152-0005879 KHAKI,0005879-XL,XL,,0005879-XL,22,0,0,0
REBEL MASS EXPORT PVT LTD,AW24SH0155-0005910 COFFEE,0005910-L,L,,0005910-L,22,0,0,0
REBEL MASS EXPORT PVT LTD,AW24SH0156-0005922 L.GREEN,0005922-L,L,,0005922-L,22,0,0,0
REBEL MASS EXPORT PVT LTD,AW24SH0156-0005939 BROWN,0005939-XL,XL,,0005939-XL,22,0,0,0
REBEL MASS EXPORT PVT LTD,AW24SH0166-0006053 WHITE,0006053-M,M,,0006053-M,22,0,0,0
REBEL MASS EXPORT PVT LTD,AW24SH0168-0006064 WHITE,0006064-XXL,XXL,,0006064-XXL,22,0,0,0
REBEL MASS EXPORT PVT LTD,AW24SH0177-0006139 P.GREEN,0006139-XL,XL,,0006139-XL,22,0,0,0
REBEL MASS EXPORT PVT LTD,AW24SS0005-0003744 BLACK,0003744-M,M,,0003744-M,22,0,0,0
REBEL MASS EXPORT PVT LTD,AW24SS0008-0003759 SEA BLUE,0003759-XXL,XXL,,0003759-XXL,22,0,0,0
REBEL MASS EXPORT PVT LTD,AW24SS0015-0005015 MUSTARD,0005015-L,L,,0005015-L,22,0,0,0
REBEL MASS EXPORT PVT LTD,AW24TK0002-0005240 B.MELANGE,0005240-L,L,,0005240-L,22,0,0,0
REBEL MASS EXPORT PVT LTD,AW24TS0003-0006402 YELLOW,0006402-L,L,,0006402-L,22,0,0,0
REBEL MASS EXPORT PVT LTD,CSH25-0003-0006681 WHT/OLIVE,0006681-M,M,,0006681-M,22,0,0,0
REBEL MASS EXPORT PVT LTD,CSH25-0008-0006878 LEMON,0006878-L,L,,0006878-L,22,0,0,0
REBEL MASS EXPORT PVT LTD,CSH25-0041 BLACK,DA0561-XL,XL,,DA0561-XL,22,0,0,0
REBEL MASS EXPORT PVT LTD,CSH25-39-0020-0008179 BLUE,0008179-L,L,,0008179-L,22,0,0,0
REBEL MASS EXPORT PVT LTD,CSH25-39-0020-0008180 BLUE,0008180-XL,XL,,0008180-XL,22,0,0,0
REBEL MASS EXPORT PVT LTD,CSH25-39-0037-0008260 OFF WHITE,0008260-XL,XL,,0008260-XL,22,0,0,0
REBEL MASS EXPORT PVT LTD,CTK25-15-0001-0007207 MUSTARD,0007207-XL,XL,,0007207-XL,22,0,0,0
REBEL MASS EXPORT PVT LTD,CWC25-32-0005 FAWN,DA1581-111.76CM(44),111.76CM (44),,DA1581-111.76CM(44),22,0,0,0
REBEL MASS EXPORT PVT LTD,CWC25-32-0005 FAWN,DA1578-96.52CM(38),96.52CM (38),,DA1578-96.52CM(38),22,0,0,0
REBEL MASS EXPORT PVT LTD,DCR25-34-0004-0007822 BLUE,0007822-91.44CM(36),91.44CM (36),,0007822-91.44CM(36),22,0,0,0
REBEL MASS EXPORT PVT LTD,DCR25-34-0008-0007841 BLACK,0007841-86.36CM(34),86.36CM (34),,0007841-86.36CM(34),22,0,0,0
REBEL MASS EXPORT PVT LTD,DNM25-0019 D.BLUE,DA3145-71.12CM(28),71.12CM (28),,DA3145-71.12CM(28),22,0,0,0
REBEL MASS EXPORT PVT LTD,DNM25-0020 L.BLUE,DA3154-86.36CM(34),86.36CM (34),,DA3154-86.36CM(34),22,0,0,0
REBEL MASS EXPORT PVT LTD,DNM25-34-0008-0007803 GREY,0007803-81.28CM(32),81.28CM (32),,0007803-81.28CM(32),22,0,0,0
REBEL MASS EXPORT PVT LTD,DNM25-34-0015 DARK GREY,DA1328-86.36CM(34),86.36CM (34),,DA1328-86.36CM(34),22,0,0,0
REBEL MASS EXPORT PVT LTD,FSH25-0001-0006835 BEIGE,0006835-XL,XL,,0006835-XL,22,0,0,0
REBEL MASS EXPORT PVT LTD,FSH25-0004-0006961 GREEN,0006961-M,M,,0006961-M,22,0,0,0
REBEL MASS EXPORT PVT LTD,FSH25-0004-0006979 STEAL GREY,0006979-XL,XL,,0006979-XL,22,0,0,0
REBEL MASS EXPORT PVT LTD,FSH25-0005-0006989 BLUE,0006989-M,M,,0006989-M,22,0,0,0
REBEL MASS EXPORT PVT LTD,FSH25-0005-0006994 LEMON,0006994-L,L,,0006994-L,22,0,0,0
REBEL MASS EXPORT PVT LTD,FSH25-0005-0006995 LEMON,0006995-XL,XL,,0006995-XL,22,0,0,0
REBEL MASS EXPORT PVT LTD,FSH25-0028 SKY BLUE,DA0592-XXL,XXL,,DA0592-XXL,22,0,0,0
REBEL MASS EXPORT PVT LTD,FSH25-0038 AQUA,DA1755-L,L,,DA1755-L,22,0,0,0
REBEL MASS EXPORT PVT LTD,FSH25-0042 NAVY,DA1816-XL,XL,,DA1816-XL,22,0,0,0
REBEL MASS EXPORT PVT LTD,FSH25-0046 WHITE,DA2054-M,M,,DA2054-M,22,0,0,0
REBEL MASS EXPORT PVT LTD,FSH25-0055 WHITE,DA2090-M,M,,DA2090-M,22,0,0,0
REBEL MASS EXPORT PVT LTD,FSH25-39-0009-0007910 L.GREY,0007910-L,L,,0007910-L,22,0,0,0
REBEL MASS EXPORT PVT LTD,FSH25-39-0009-0007914 TOBBACO,0007914-L,L,,0007914-L,22,0,0,0
REBEL MASS EXPORT PVT LTD,FSH25-39-0015-0007959 SEA GREEN,0007959-XL,XL,,0007959-XL,22,0,0,0
REBEL MASS EXPORT PVT LTD,FSH25-39-0016-0007967 BLUE,0007967-XL,XL,,0007967-XL,22,0,0,0
REBEL MASS EXPORT PVT LTD,FSH25-39-0022-0008019 GRN.PLAID,0008019-XL,XL,,0008019-XL,22,0,0,0
REBEL MASS EXPORT PVT LTD,FTR25-0001-0006742 CHARCOAL,0006742-86.36CM(34),86.36CM (34),,0006742-86.36CM(34),22,0,0,0
REBEL MASS EXPORT PVT LTD,MBDNM0033-0001808 MID  BLUE,0001808-81.28CM(32INCH),81.28 CM (32 INCH),,0001808-81.28CM(32INCH),22,0,0,0
REBEL MASS EXPORT PVT LTD,MBDNM0034-0001813 DARK BLUE,0001813-81.28CM(32INCH),81.28 CM (32 INCH),,0001813-81.28CM(32INCH),22,0,0,0
REBEL MASS EXPORT PVT LTD,SHORT25-0002 BLACK,DA1919-XL,XL,,DA1919-XL,22,0,0,0
REBEL MASS EXPORT PVT LTD,TS25-0008 MAROON,DA0989-XXL,XXL,,DA0989-XXL,22,0,0,0
REBEL MASS EXPORT PVT LTD,TS25-0012 NAVY,DA1180-M,M,,DA1180-M,22,0,0,0
REBEL MASS EXPORT PVT LTD,TS25-0018 FAWN,DA1646-M,M,,DA1646-M,22,0,0,0
REBEL MASS EXPORT PVT LTD,CSH25-0070 CHOCOLATE,DA2572-XXXL,XXXL,,DA2572-XXXL,21,0,0,0
REBEL MASS EXPORT PVT LTD,CSH25-0075 MAROON,DA2595-XL,XL,,DA2595-XL,21,0,0,0
REBEL MASS EXPORT PVT LTD,CSH25-0107 PISTA GREEN,DA3261-L,L,,DA3261-L,21,0,0,0
REBEL MASS EXPORT PVT LTD,CSH25-0107 SKY,DA3207-L,L,,DA3207-L,21,0,0,0
REBEL MASS EXPORT PVT LTD,CSH25-0107 TURQ,DA3225-L,L,,DA3225-L,21,0,0,0
REBEL MASS EXPORT PVT LTD,CSH25-0107 WHITE,DA3202-XL,XL,,DA3202-XL,21,0,0,0
REBEL MASS EXPORT PVT LTD,FSH25-0062 SKY BLUE,DA2333-M,M,,DA2333-M,21,0,0,0
REBEL MASS EXPORT PVT LTD,FSH25-0069 GREY/BLK,DA2887-XL,XL,,DA2887-XL,21,0,0,0
REBEL MASS EXPORT PVT LTD,FSH25-0069 GREY/BLK,DA2888-XXL,XXL,,DA2888-XXL,21,0,0,0
REBEL MASS EXPORT PVT LTD,FSH25-0069 L.ORANGE,DA2998-XXXL,XXXL,,DA2998-XXXL,21,0,0,0
REBEL MASS EXPORT PVT LTD,LW26-0005 KHAKI,DA4090-M,M,,DA4090-M,21,0,0,0
REBEL MASS EXPORT PVT LTD,TS25-0047 BLACK,DA2153-XL,XL,,DA2153-XL,21,0,0,0
REBEL MASS EXPORT PVT LTD,AW24CR0002A-0004300 TINT BLUE,0004300-96.52CM(38),96.52CM (38),,0004300-96.52CM(38),21,0,0,0
REBEL MASS EXPORT PVT LTD,AW24D0011-0003889 BLUE TOWEL,0003889-86.36CM(34),86.36CM (34),,0003889-86.36CM(34),21,0,0,0
REBEL MASS EXPORT PVT LTD,AW24D0011-0004353 D.BLUE.,0004353-86.36CM(34),86.36CM (34),,0004353-86.36CM(34),21,0,0,0
REBEL MASS EXPORT PVT LTD,AW24D0017-0004389 BLACK,0004389-86.36CM(34),86.36CM (34),,0004389-86.36CM(34),21,0,0,0
REBEL MASS EXPORT PVT LTD,AW24D0023-0005405 CRBN BLUE,0005405-76.20CM(30),76.20CM (30),,0005405-76.20CM(30),21,0,0,0
REBEL MASS EXPORT PVT LTD,AW24D0028-0006440 DARK BLUE,0006440-81.28CM(32),81.28CM (32),,0006440-81.28CM(32),21,0,0,0
REBEL MASS EXPORT PVT LTD,AW24JKT0016-0007140 MAHROON,0007140-XXL,XXL,,0007140-XXL,21,0,0,0
REBEL MASS EXPORT PVT LTD,AW24JKT0017-0006615 BLUE,0006615-XXL,XXL,,0006615-XXL,21,0,0,0
REBEL MASS EXPORT PVT LTD,AW24SH0090-0004613 PURPLE,0004613-L,L,,0004613-L,21,0,0,0
REBEL MASS EXPORT PVT LTD,AW24SH0096-0004782 BEIGE,0004782-XL,XL,,0004782-XL,21,0,0,0
REBEL MASS EXPORT PVT LTD,AW24SH0142-0005704 WHITE,0005704-L,L,,0005704-L,21,0,0,0
REBEL MASS EXPORT PVT LTD,AW24SH0142-0005705 WHITE,0005705-XL,XL,,0005705-XL,21,0,0,0
REBEL MASS EXPORT PVT LTD,AW24SH0147-0005830 BROWN,0005830-L,L,,0005830-L,21,0,0,0
REBEL MASS EXPORT PVT LTD,AW24SH0148-0005846 BLACK,0005846-L,L,,0005846-L,21,0,0,0
REBEL MASS EXPORT PVT LTD,AW24SH0152-0005867 SEA GREEN,0005867-XL,XL,,0005867-XL,21,0,0,0
REBEL MASS EXPORT PVT LTD,AW24SH0152-0005875 L.KHAKI,0005875-XL,XL,,0005875-XL,21,0,0,0
REBEL MASS EXPORT PVT LTD,AW24SH0154-0005902 GREY,0005902-L,L,,0005902-L,21,0,0,0
REBEL MASS EXPORT PVT LTD,AW24SH0154-0005903 GREY,0005903-XL,XL,,0005903-XL,21,0,0,0
REBEL MASS EXPORT PVT LTD,AW24SH0156-0005919 GREEN,0005919-XL,XL,,0005919-XL,21,0,0,0
REBEL MASS EXPORT PVT LTD,AW24SH0156-0005943 GREEN,0005943-XL,XL,,0005943-XL,21,0,0,0
REBEL MASS EXPORT PVT LTD,AW24SH0168-0006061 WHITE,0006061-M,M,,0006061-M,21,0,0,0
REBEL MASS EXPORT PVT LTD,AW24SS0007-0003755 OLIVE,0003755-XXL,XXL,,0003755-XXL,21,0,0,0
REBEL MASS EXPORT PVT LTD,AW24SS0010-0004134 WHT/GREY,0004134-XXL,XXL,,0004134-XXL,21,0,0,0
REBEL MASS EXPORT PVT LTD,AW24SS0016-0005038 BLUE,0005038-M,M,,0005038-M,21,0,0,0
REBEL MASS EXPORT PVT LTD,AW24TK0004-0006492 ANTRA,0006492-M,M,,0006492-M,21,0,0,0
REBEL MASS EXPORT PVT LTD,AW24TK0005-0007090 GREY,0007090-L,L,,0007090-L,21,0,0,0
REBEL MASS EXPORT PVT LTD,AW24TS0002-0006387 MAHROON,0006387-XL,XL,,0006387-XL,21,0,0,0
REBEL MASS EXPORT PVT LTD,AW24TS0002-0006391 BLACK,0006391-XL,XL,,0006391-XL,21,0,0,0
REBEL MASS EXPORT PVT LTD,BELT0009-0001878 CHOCOLATE,0001878-110CM,110 CM,,0001878-110CM,21,0,0,0
REBEL MASS EXPORT PVT LTD,CSH25-0001-0006629 WHT/YELLOW,0006629-M,M,,0006629-M,21,0,0,0
REBEL MASS EXPORT PVT LTD,CSH25-0006-0006862 BROWN,0006862-L,L,,0006862-L,21,0,0,0
REBEL MASS EXPORT PVT LTD,CSH25-0006-0006863 BROWN,0006863-XL,XL,,0006863-XL,21,0,0,0
REBEL MASS EXPORT PVT LTD,CSH25-0041 BLACK,DA0560-L,L,,DA0560-L,21,0,0,0
REBEL MASS EXPORT PVT LTD,CSH25-0041 WHITE,DA0564-L,L,,DA0564-L,21,0,0,0
REBEL MASS EXPORT PVT LTD,CSH25-0065 OFF WHITE,DA2401-XXL,XXL,,DA2401-XXL,21,0,0,0
REBEL MASS EXPORT PVT LTD,CSH25-39-0014-0007098 WHITE,0007098-L,L,,0007098-L,21,0,0,0
REBEL MASS EXPORT PVT LTD,CSH25-39-0034-0008236 BLACK,0008236-XL,XL,,0008236-XL,21,0,0,0
REBEL MASS EXPORT PVT LTD,CSH25-39-0037-0008264 BLUE,0008264-XL,XL,,0008264-XL,21,0,0,0
REBEL MASS EXPORT PVT LTD,CTR25-0007 BLACK,DA0152-86.36CM(34),86.36CM (34),,DA0152-86.36CM(34),21,0,0,0
REBEL MASS EXPORT PVT LTD,CTR25-0007 OLIVE,DA0116-81.28CM(32),81.28CM (32),,DA0116-81.28CM(32),21,0,0,0
REBEL MASS EXPORT PVT LTD,CTR25-36-0001-0007435 BEIGE,0007435-86.36CM(34),86.36CM (34),,0007435-86.36CM(34),21,0,0,0
REBEL MASS EXPORT PVT LTD,CTR25-36-0002-0007449 GREY,0007449-81.28CM(32),81.28CM (32),,0007449-81.28CM(32),21,0,0,0
REBEL MASS EXPORT PVT LTD,CTR25-36-0004-0007490 KHAKI,0007490-86.36CM(34),86.36CM (34),,0007490-86.36CM(34),21,0,0,0
REBEL MASS EXPORT PVT LTD,DCR25-34-0004-0007819 BLUE,0007819-76.20CM(30),76.20CM (30),,0007819-76.20CM(30),21,0,0,0
REBEL MASS EXPORT PVT LTD,DCR25-34-0005-0007825 BLUE,0007825-81.28CM(32),81.28CM (32),,0007825-81.28CM(32),21,0,0,0
REBEL MASS EXPORT PVT LTD,DCR25-34-0008-0007840 BLACK,0007840-81.28CM(32),81.28CM (32),,0007840-81.28CM(32),21,0,0,0
REBEL MASS EXPORT PVT LTD,DNM25-0019 D.BLUE,DA3149-91.44CM(36),91.44CM (36),,DA3149-91.44CM(36),21,0,0,0
REBEL MASS EXPORT PVT LTD,DNM25-34-0007-0007793 D.BLUE,0007793-91.44CM(36),91.44CM (36),,0007793-91.44CM(36),21,0,0,0
REBEL MASS EXPORT PVT LTD,FSH25-0001-0006827 SKY BLUE,0006827-XL,XL,,0006827-XL,21,0,0,0
REBEL MASS EXPORT PVT LTD,FSH25-0003-0006960 PURPLE,0006960-XXL,XXL,,0006960-XXL,21,0,0,0
REBEL MASS EXPORT PVT LTD,FSH25-0004-0006973 BLUE,0006973-M,M,,0006973-M,21,0,0,0
REBEL MASS EXPORT PVT LTD,FSH25-0040 PINK,DA1795-L,L,,DA1795-L,21,0,0,0
REBEL MASS EXPORT PVT LTD,FSH25-0042 NAVY,DA1815-L,L,,DA1815-L,21,0,0,0
REBEL MASS EXPORT PVT LTD,FSH25-0053 WHITE,DA2082-M,M,,DA2082-M,21,0,0,0
REBEL MASS EXPORT PVT LTD,FSH25-0058 BLACK,DA2235-XXL,XXL,,DA2235-XXL,21,0,0,0
REBEL MASS EXPORT PVT LTD,FSH25-39-0017-0007974 GREEN,0007974-L,L,,0007974-L,21,0,0,0
REBEL MASS EXPORT PVT LTD,FSH25-39-0020-0008002 D.BROWN,0008002-L,L,,0008002-L,21,0,0,0
REBEL MASS EXPORT PVT LTD,FSH25-39-0020-0008003 D.BROWN,0008003-XL,XL,,0008003-XL,21,0,0,0
REBEL MASS EXPORT PVT LTD,FSH25-39-0021-0008007 STEAL GREY,0008007-XL,XL,,0008007-XL,21,0,0,0
REBEL MASS EXPORT PVT LTD,JKT25-0001 BLACK,DA0780-L,L,,DA0780-L,21,0,0,0
REBEL MASS EXPORT PVT LTD,JKT25-0001 BLACK,DA0781-XL,XL,,DA0781-XL,21,0,0,0
REBEL MASS EXPORT PVT LTD,MBDNM0004-0000493 MERCRIZE BLUE,0000493-32,32,,0000493-32,21,0,0,0
REBEL MASS EXPORT PVT LTD,MBDNM0033-0001809 MID  BLUE,0001809-86.36CM(34INCH),86.36 CM (34 INCH),,0001809-86.36CM(34INCH),21,0,0,0
REBEL MASS EXPORT PVT LTD,MJKTS0001-0002272 TEAL,0002272-XXL,XXL,,0002272-XXL,21,0,0,0
REBEL MASS EXPORT PVT LTD,MTSHS0008-0000587 GREEN,0000587-L,L,,0000587-L,21,0,0,0
REBEL MASS EXPORT PVT LTD,TS25-0013 WHITE,DA1016-XL,XL,,DA1016-XL,21,0,0,0
REBEL MASS EXPORT PVT LTD,TS25-0028 NAVY,DA1699-L,L,,DA1699-L,21,0,0,0
REBEL MASS EXPORT PVT LTD,TS25-0045 WHITE,DA2144-L,L,,DA2144-L,21,0,0,0
REBEL MASS EXPORT PVT LTD,CSH25-0082 D.GREY,DA2632-XXXL,XXXL,,DA2632-XXXL,20,0,0,0
REBEL MASS EXPORT PVT LTD,CSH25-0085 RUST,DA2645-XL,XL,,DA2645-XL,20,0,0,0
REBEL MASS EXPORT PVT LTD,CSH25-0107 L.BROWN,DA3214-XL,XL,,DA3214-XL,20,0,0,0
REBEL MASS EXPORT PVT LTD,CSH25-0107 SKY,DA3206-M,M,,DA3206-M,20,0,0,0
REBEL MASS EXPORT PVT LTD,CSH25-0107 TURQ,DA3226-XL,XL,,DA3226-XL,20,0,0,0
REBEL MASS EXPORT PVT LTD,DNM26-0001 LIGHT WASH,DA4198-71.12CM(28),71.12CM (28),,DA4198-71.12CM(28),20,0,0,0
REBEL MASS EXPORT PVT LTD,FSH25-0062 CHARCOAL,DA2316-L,L,,DA2316-L,20,0,0,0
REBEL MASS EXPORT PVT LTD,FSH25-0062 L.PURPLE,DA2282-XXL,XXL,,DA2282-XXL,20,0,0,0
REBEL MASS EXPORT PVT LTD,TS25-0049 NAVY,DA2202-XL,XL,,DA2202-XL,20,0,0,0
REBEL MASS EXPORT PVT LTD,AW24CR0005-0005395 BLUE,0005395-86.36CM(34),86.36CM (34),,0005395-86.36CM(34),20,0,0,0
REBEL MASS EXPORT PVT LTD,AW24CTR0004-0005748 OLIVE,0005748-81.28CM(32),81.28CM (32),,0005748-81.28CM(32),20,0,0,0
REBEL MASS EXPORT PVT LTD,AW24CTR0006-0006543 KHAKI,0006543-86.36CM(34),86.36CM (34),,0006543-86.36CM(34),20,0,0,0
REBEL MASS EXPORT PVT LTD,AW24CTR0007-0006577 GREY,0006577-81.28CM(32),81.28CM (32),,0006577-81.28CM(32),20,0,0,0
REBEL MASS EXPORT PVT LTD,AW24D0009A-0004257 DIRTY EARTH,0004257-71.12CM(28),71.12CM (28),,0004257-71.12CM(28),20,0,0,0
REBEL MASS EXPORT PVT LTD,AW24D0009A-0004265 TINT BROWN,0004265-81.28CM(32),81.28CM (32),,0004265-81.28CM(32),20,0,0,0
REBEL MASS EXPORT PVT LTD,AW24D0011-0003876 B.T.WASH.,0003876-81.28CM(32),81.28CM (32),,0003876-81.28CM(32),20,0,0,0
REBEL MASS EXPORT PVT LTD,AW24D0011-0003888 BLUE TOWEL,0003888-81.28CM(32),81.28CM (32),,0003888-81.28CM(32),20,0,0,0
REBEL MASS EXPORT PVT LTD,AW24D0011-0004341 L.BLUE,0004341-86.36CM(34),86.36CM (34),,0004341-86.36CM(34),20,0,0,0
REBEL MASS EXPORT PVT LTD,AW24D0021-0006487 L.BLUE,0006487-76.20CM(30),76.20CM (30),,0006487-76.20CM(30),20,0,0,0
REBEL MASS EXPORT PVT LTD,AW24D0023-0005409 CRBN BLUE,0005409-96.52CM(38),96.52CM (38),,0005409-96.52CM(38),20,0,0,0
REBEL MASS EXPORT PVT LTD,AW24D0026-0005423 CRBN BLUE,0005423-76.20CM(30),76.20CM (30),,0005423-76.20CM(30),20,0,0,0
REBEL MASS EXPORT PVT LTD,AW24D0028-0006434 TINT BLUE,0006434-81.28CM(32),81.28CM (32),,0006434-81.28CM(32),20,0,0,0
REBEL MASS EXPORT PVT LTD,AW24FTR0041-0006596 NAVY,0006596-86.36CM(34),86.36CM (34),,0006596-86.36CM(34),20,0,0,0
REBEL MASS EXPORT PVT LTD,AW24JKT0017-0006612 BLUE,0006612-M,M,,0006612-M,20,0,0,0
REBEL MASS EXPORT PVT LTD,AW24JKT0017-0006614 BLUE,0006614-XL,XL,,0006614-XL,20,0,0,0
REBEL MASS EXPORT PVT LTD,AW24PO0008-0005620 MUSTARD,0005620-M,M,,0005620-M,20,0,0,0
REBEL MASS EXPORT PVT LTD,AW24SH0085-0007046 CHOCOLATE,0007046-L,L,,0007046-L,20,0,0,0
REBEL MASS EXPORT PVT LTD,AW24SH0090-0004590 GOLDEN,0004590-XL,XL,,0004590-XL,20,0,0,0
REBEL MASS EXPORT PVT LTD,AW24SH0090-0004594 ORANGE,0004594-XL,XL,,0004594-XL,20,0,0,0
REBEL MASS EXPORT PVT LTD,AW24SH0090-0004606 TURQ,0004606-XL,XL,,0004606-XL,20,0,0,0
REBEL MASS EXPORT PVT LTD,AW24SH0147-0005827 L.GREEN,0005827-XL,XL,,0005827-XL,20,0,0,0
REBEL MASS EXPORT PVT LTD,AW24SH0152-0005870 D.SEA GREEN,0005870-L,L,,0005870-L,20,0,0,0
REBEL MASS EXPORT PVT LTD,AW24SH0152-0005874 L.KHAKI,0005874-L,L,,0005874-L,20,0,0,0
REBEL MASS EXPORT PVT LTD,AW24SH0152-0005886 BEIGE,0005886-L,L,,0005886-L,20,0,0,0
REBEL MASS EXPORT PVT LTD,AW24SH0153-0005895 BEIGE,0005895-XL,XL,,0005895-XL,20,0,0,0
REBEL MASS EXPORT PVT LTD,AW24SH0156-0005934 BLACK,0005934-L,L,,0005934-L,20,0,0,0
REBEL MASS EXPORT PVT LTD,AW24SH0159-0005963 TURQ,0005963-XL,XL,,0005963-XL,20,0,0,0
REBEL MASS EXPORT PVT LTD,AW24SH0167-0006057 WHITE,0006057-M,M,,0006057-M,20,0,0,0
REBEL MASS EXPORT PVT LTD,AW24SH0172-0006091 SEA BLUE,0006091-XL,XL,,0006091-XL,20,0,0,0
REBEL MASS EXPORT PVT LTD,AW24SH0180-0006202 BLACK,0006202-L,L,,0006202-L,20,0,0,0
REBEL MASS EXPORT PVT LTD,AW24SH0181-0006206 SKY BLUE,0006206-L,L,,0006206-L,20,0,0,0
REBEL MASS EXPORT PVT LTD,AW24SS0002-0003732 BEIGE,0003732-M,M,,0003732-M,20,0,0,0
REBEL MASS EXPORT PVT LTD,AW24SS0015-0005019 BEIGE,0005019-L,L,,0005019-L,20,0,0,0
REBEL MASS EXPORT PVT LTD,AW24SS0022-0006408 RED,0006408-XL,XL,,0006408-XL,20,0,0,0
REBEL MASS EXPORT PVT LTD,AW24WL0003-0004129 G.MELANGE,0004129-XL,XL,,0004129-XL,20,0,0,0
REBEL MASS EXPORT PVT LTD,BELT25-18-0001-0008034 BLACK,0008034-115CM,115 CM,,0008034-115CM,20,0,0,0
REBEL MASS EXPORT PVT LTD,BELT25-18-0003-0008054 BROWN,0008054-115CM,115 CM,BROWN,0008054-115CM,20,0,0,0
REBEL MASS EXPORT PVT LTD,BELT25-18-0005 BLACK,DA0571-130CM,130 CM,BLACK,DA0571-130CM,20,0,0,0
REBEL MASS EXPORT PVT LTD,BLZ25-0020 GREY/BLK,DA3331-106.68CM(42),106.68CM (42),,DA3331-106.68CM(42),20,0,0,0
REBEL MASS EXPORT PVT LTD,CPO25-44-0002-0007580 NAVY,0007580-XL,XL,,0007580-XL,20,0,0,0
REBEL MASS EXPORT PVT LTD,CRC25-18-0003 L.GREY,DA0209-86.36CM(34),86.36CM (34),,DA0209-86.36CM(34),20,0,0,0
REBEL MASS EXPORT PVT LTD,CSH25-0002-0006658 WHT/YELLOW,0006658-L,L,,0006658-L,20,0,0,0
REBEL MASS EXPORT PVT LTD,CSH25-0008-0006879 LEMON,0006879-XL,XL,,0006879-XL,20,0,0,0
REBEL MASS EXPORT PVT LTD,CSH25-0008-0006887 GREEN,0006887-XL,XL,,0006887-XL,20,0,0,0
REBEL MASS EXPORT PVT LTD,CSH25-39-0034-0008235 BLACK,0008235-L,L,,0008235-L,20,0,0,0
REBEL MASS EXPORT PVT LTD,CTR25-36-0002-0007459 ECRU,0007459-81.28CM(32),81.28CM (32),,0007459-81.28CM(32),20,0,0,0
REBEL MASS EXPORT PVT LTD,CTR25-36-0004-0007505 BLACK,0007505-86.36CM(34),86.36CM (34),,0007505-86.36CM(34),20,0,0,0
REBEL MASS EXPORT PVT LTD,CWC25-0009 D.PINK,DA1597-111.76CM(44),111.76CM (44),,DA1597-111.76CM(44),20,0,0,0
REBEL MASS EXPORT PVT LTD,CWC25-15-0001 WHITE,DA0967-106.68CM(42),106.68CM (42),,DA0967-106.68CM(42),20,0,0,0
REBEL MASS EXPORT PVT LTD,CWC25-32-0006 FAWN,DA1584-106.68CM(42),106.68CM (42),,DA1584-106.68CM(42),20,0,0,0
REBEL MASS EXPORT PVT LTD,CWL25-15-0002-0007738 NAVY,0007738-L,L,,0007738-L,20,0,0,0
REBEL MASS EXPORT PVT LTD,DNM25-34-0002-0007525 BLUE,0007525-96.52CM(38),96.52CM (38),,0007525-96.52CM(38),20,0,0,0
REBEL MASS EXPORT PVT LTD,DNM25-34-0003-0007530 WHITE,0007530-91.44CM(36),91.44CM (36),,0007530-91.44CM(36),20,0,0,0
REBEL MASS EXPORT PVT LTD,DNM25-34-0011 BLUE,DA0804-96.52CM(38),96.52CM (38),,DA0804-96.52CM(38),20,0,0,0
REBEL MASS EXPORT PVT LTD,DNM25-34-0016 GREY,DA1351-81.28CM(32),81.28CM (32),,DA1351-81.28CM(32),20,0,0,0
REBEL MASS EXPORT PVT LTD,FSH25-0001-0006826 SKY BLUE,0006826-L,L,,0006826-L,20,0,0,0
REBEL MASS EXPORT PVT LTD,FSH25-0001-0006844 GREEN,0006844-XXL,XXL,,0006844-XXL,20,0,0,0
REBEL MASS EXPORT PVT LTD,FSH25-0002-0006921 NUDE,0006921-M,M,,0006921-M,20,0,0,0
REBEL MASS EXPORT PVT LTD,FSH25-0003-0006952 ORANGE,0006952-XXL,XXL,,0006952-XXL,20,0,0,0
REBEL MASS EXPORT PVT LTD,FSH25-0004-0006968 NUDE,0006968-XXL,XXL,,0006968-XXL,20,0,0,0
REBEL MASS EXPORT PVT LTD,FSH25-0004-0006972 PINK,0006972-XXL,XXL,,0006972-XXL,20,0,0,0
REBEL MASS EXPORT PVT LTD,FSH25-0004-0006976 BLUE,0006976-XXL,XXL,,0006976-XXL,20,0,0,0
REBEL MASS EXPORT PVT LTD,FSH25-0006-0007028 GREY,0007028-XXL,XXL,,0007028-XXL,20,0,0,0
REBEL MASS EXPORT PVT LTD,FSH25-0038 L.GREY,DA1764-XL,XL,,DA1764-XL,20,0,0,0
REBEL MASS EXPORT PVT LTD,FSH25-0052 WHITE,DA2079-L,L,,DA2079-L,20,0,0,0
REBEL MASS EXPORT PVT LTD,FSH25-39-0008-0007907 BEIGE,0007907-XL,XL,,0007907-XL,20,0,0,0
REBEL MASS EXPORT PVT LTD,FSH25-39-0011-0007930 L.BEIGE,0007930-L,L,,0007930-L,20,0,0,0
REBEL MASS EXPORT PVT LTD,FSH25-39-0013-0007946 BROWN,0007946-L,L,,0007946-L,20,0,0,0
REBEL MASS EXPORT PVT LTD,FSH25-39-0014-0007950 MUSTARD,0007950-L,L,,0007950-L,20,0,0,0
REBEL MASS EXPORT PVT LTD,FSH25-39-0022-0008018 GRN.PLAID,0008018-L,L,,0008018-L,20,0,0,0
REBEL MASS EXPORT PVT LTD,FTR25-0004-0006756 SKY BLUE,0006756-81.28CM(32),81.28CM (32),,0006756-81.28CM(32),20,0,0,0
REBEL MASS EXPORT PVT LTD,JKT25-0001 BLUE,DA0768-L,L,,DA0768-L,20,0,0,0
REBEL MASS EXPORT PVT LTD,MBDNM0005-0000498 MERCRIZE BLUE,0000498-34,34,,0000498-34,20,0,0,0
REBEL MASS EXPORT PVT LTD,MBDNM0005-0000500 MERCRIZE BLUE,0000500-32,32,,0000500-32,20,0,0,0
REBEL MASS EXPORT PVT LTD,MBDNM0028-0001765 DARK BLUE,0001765-71.12CM(28),71.12CM (28),,0001765-71.12CM(28),20,0,0,0
REBEL MASS EXPORT PVT LTD,MBDNM0028-0001766 DARK BLUE,0001766-76.2CM(30INCH),76.2 CM (30 INCH),,0001766-76.2CM(30INCH),20,0,0,0
REBEL MASS EXPORT PVT LTD,MCBLZ0032-0000784 BLUE,0000784-42,42,,0000784-42,20,0,0,0
REBEL MASS EXPORT PVT LTD,MJKTF0008-0006781 TEAL,0006781-M,M,,0006781-M,20,0,0,0
REBEL MASS EXPORT PVT LTD,MJKTF0008-0006789 BLUE,0006789-M,M,,0006789-M,20,0,0,0
REBEL MASS EXPORT PVT LTD,TS25-0001 WHITE,DA0894-L,L,,DA0894-L,20,0,0,0
REBEL MASS EXPORT PVT LTD,TS25-0012 BLACK,DA1002-M,M,,DA1002-M,20,0,0,0
REBEL MASS EXPORT PVT LTD,TS25-0012 BLACK,DA1005-XXL,XXL,,DA1005-XXL,20,0,0,0
REBEL MASS EXPORT PVT LTD,TS25-0012 GREEN,DA1008-XL,XL,,DA1008-XL,20,0,0,0
REBEL MASS EXPORT PVT LTD,TS25-0027 NAVY,DA1695-L,L,,DA1695-L,20,0,0,0
REBEL MASS EXPORT PVT LTD,TS25-0028 NAVY,DA1698-M,M,,DA1698-M,20,0,0,0
REBEL MASS EXPORT PVT LTD,TS25-0036 SKY,DA1954-XL,XL,,DA1954-XL,20,0,0,0
REBEL MASS EXPORT PVT LTD,CSH25-0085 RUST,DA2643-M,M,,DA2643-M,19,0,0,0
REBEL MASS EXPORT PVT LTD,CSH25-0087 BLK/CREAM,DA2657-XXXL,XXXL,,DA2657-XXXL,19,0,0,0
REBEL MASS EXPORT PVT LTD,CSH25-0096 MEHANDI,DA2700-XL,XL,,DA2700-XL,19,0,0,0
REBEL MASS EXPORT PVT LTD,CSH25-0107 L.GREY,DA3254-M,M,,DA3254-M,19,0,0,0
REBEL MASS EXPORT PVT LTD,CSH25-0107 NAVY,DA3267-L,L,,DA3267-L,19,0,0,0
REBEL MASS EXPORT PVT LTD,CSH25-0107 SLATE GREY,DA3232-XL,XL,,DA3232-XL,19,0,0,0
REBEL MASS EXPORT PVT LTD,FSH25-0062 SKY BLUE,DA2336-XXL,XXL,,DA2336-XXL,19,0,0,0
REBEL MASS EXPORT PVT LTD,FSH25-0069 GREY/BLK,DA2886-L,L,,DA2886-L,19,0,0,0
REBEL MASS EXPORT PVT LTD,FSH25-0069 GREY/BLK,DA2885-M,M,,DA2885-M,19,0,0,0
REBEL MASS EXPORT PVT LTD,FSH25-0069 ORANGE,DA2985-XXXL,XXXL,,DA2985-XXXL,19,0,0,0
REBEL MASS EXPORT PVT LTD,FSH25-0069 ORANGE/BLUE,DA2980-XXXL,XXXL,,DA2980-XXXL,19,0,0,0
REBEL MASS EXPORT PVT LTD,FSH25-0072 GREY,DA3481-XL,XL,,DA3481-XL,19,0,0,0
REBEL MASS EXPORT PVT LTD,FTR25-0085 GREY/BLK,DA3130-86.36CM(34),86.36CM (34),,DA3130-86.36CM(34),19,0,0,0
REBEL MASS EXPORT PVT LTD,LW26-0004 MEHROON,DA4063-L,L,,DA4063-L,19,0,0,0
REBEL MASS EXPORT PVT LTD,AW24BL0012-0004436 BLACK,0004436-106.68CM(42),106.68CM (42),,0004436-106.68CM(42),19,0,0,0
REBEL MASS EXPORT PVT LTD,AW24BL0012-0004493 WINE,0004493-101.6CM(40),101.6CM (40),,0004493-101.6CM(40),19,0,0,0
REBEL MASS EXPORT PVT LTD,AW24CR0005-0005394 BLUE,0005394-81.28CM(32),81.28CM (32),,0005394-81.28CM(32),19,0,0,0
REBEL MASS EXPORT PVT LTD,AW24CTR0004-0005728 GREEN,0005728-81.28CM(32),81.28CM (32),,0005728-81.28CM(32),19,0,0,0
REBEL MASS EXPORT PVT LTD,AW24CTR0004-0005749 OLIVE,0005749-86.36CM(34),86.36CM (34),,0005749-86.36CM(34),19,0,0,0
REBEL MASS EXPORT PVT LTD,AW24CTR0007-0006557 SKY BLUE,0006557-81.28CM(32),81.28CM (32),,0006557-81.28CM(32),19,0,0,0
REBEL MASS EXPORT PVT LTD,AW24CTR0007-0006562 LEMON,0006562-81.28CM(32),81.28CM (32),,0006562-81.28CM(32),19,0,0,0
REBEL MASS EXPORT PVT LTD,AW24D0007-0003523 BLACK,0003523-71.12CM(28),71.12CM (28),,0003523-71.12CM(28),19,0,0,0
REBEL MASS EXPORT PVT LTD,AW24D0007-0003525 BLACK,0003525-81.28CM(32),81.28CM (32),,0003525-81.28CM(32),19,0,0,0
REBEL MASS EXPORT PVT LTD,AW24D0021-0005371 KHAKI TINT,0005371-76.20CM(30),76.20CM (30),,0005371-76.20CM(30),19,0,0,0
REBEL MASS EXPORT PVT LTD,AW24D0021-0005372 KHAKI TINT,0005372-81.28CM(32),81.28CM (32),,0005372-81.28CM(32),19,0,0,0
REBEL MASS EXPORT PVT LTD,AW24D0021-0006476 BLUE.A,0006476-81.28CM(32),81.28CM (32),,0006476-81.28CM(32),19,0,0,0
REBEL MASS EXPORT PVT LTD,AW24D0021-0006482 BLUE,0006482-81.28CM(32),81.28CM (32),,0006482-81.28CM(32),19,0,0,0
REBEL MASS EXPORT PVT LTD,AW24SH0083-0004165 LEMON,0004165-XL,XL,,0004165-XL,19,0,0,0
REBEL MASS EXPORT PVT LTD,AW24SH0090-0004593 ORANGE,0004593-L,L,,0004593-L,19,0,0,0
REBEL MASS EXPORT PVT LTD,AW24SH0094-0004666 YELLOW,0004666-XL,XL,,0004666-XL,19,0,0,0
REBEL MASS EXPORT PVT LTD,AW24SH0099-0004904 WHITE,0004904-M,M,,0004904-M,19,0,0,0
REBEL MASS EXPORT PVT LTD,AW24SH0120-0005550 WHITE,0005550-XL,XL,,0005550-XL,19,0,0,0
REBEL MASS EXPORT PVT LTD,AW24SH0147-0005835 NAVY,0005835-XL,XL,,0005835-XL,19,0,0,0
REBEL MASS EXPORT PVT LTD,AW24SH0147-0005838 BLACK,0005838-L,L,,0005838-L,19,0,0,0
REBEL MASS EXPORT PVT LTD,AW24SH0149-0005850 GREY,0005850-L,L,,0005850-L,19,0,0,0
REBEL MASS EXPORT PVT LTD,AW24SH0153-0005890 NAVY,0005890-L,L,,0005890-L,19,0,0,0
REBEL MASS EXPORT PVT LTD,AW24SH0153-0005891 NAVY,0005891-XL,XL,,0005891-XL,19,0,0,0
REBEL MASS EXPORT PVT LTD,AW24SH0155-0005907 SKY BLUE,0005907-XL,XL,,0005907-XL,19,0,0,0
REBEL MASS EXPORT PVT LTD,AW24SH0156-0005942 GREEN,0005942-L,L,,0005942-L,19,0,0,0
REBEL MASS EXPORT PVT LTD,AW24SH0176-0006135 SEA BLUE,0006135-XL,XL,,0006135-XL,19,0,0,0
REBEL MASS EXPORT PVT LTD,AW24SH0178-0006155 SKY BLUE,0006155-XL,XL,,0006155-XL,19,0,0,0
REBEL MASS EXPORT PVT LTD,AW24SH0180-0006203 BLACK,0006203-XL,XL,,0006203-XL,19,0,0,0
REBEL MASS EXPORT PVT LTD,AW24SH0181-0006207 SKY BLUE,0006207-XL,XL,,0006207-XL,19,0,0,0
REBEL MASS EXPORT PVT LTD,AW24SS0001-0003728 MAROON,0003728-M,M,,0003728-M,19,0,0,0
REBEL MASS EXPORT PVT LTD,AW24SS0006-0003748 BLACK,0003748-M,M,,0003748-M,19,0,0,0
REBEL MASS EXPORT PVT LTD,AW24SS0016-0005036 BLACK,0005036-XL,XL,,0005036-XL,19,0,0,0
REBEL MASS EXPORT PVT LTD,AW24SS0021-0006342 WHITE,0006342-L,L,,0006342-L,19,0,0,0
REBEL MASS EXPORT PVT LTD,AW24TK0002-0005245 W.MELANGE,0005245-XL,XL,,0005245-XL,19,0,0,0
REBEL MASS EXPORT PVT LTD,AW24TK0004-0006495 ANTRA,0006495-XXL,XXL,,0006495-XXL,19,0,0,0
REBEL MASS EXPORT PVT LTD,AW24TK0005-0007091 GREY,0007091-XL,XL,,0007091-XL,19,0,0,0
REBEL MASS EXPORT PVT LTD,AW24TS0002-0006386 MAHROON,0006386-L,L,,0006386-L,19,0,0,0
REBEL MASS EXPORT PVT LTD,AW24WL0003-0005366 B.MELANGE,0005366-M,M,,0005366-M,19,0,0,0
REBEL MASS EXPORT PVT LTD,BELT0009-0001880 CHOCOLATE,0001880-120CM,120 CM,,0001880-120CM,19,0,0,0
REBEL MASS EXPORT PVT LTD,CSH25-0001-0006630 WHT/YELLOW,0006630-L,L,,0006630-L,19,0,0,0
REBEL MASS EXPORT PVT LTD,CSH25-0001-0006645 WHT/GREY,0006645-M,M,,0006645-M,19,0,0,0
REBEL MASS EXPORT PVT LTD,CSH25-0002-0006666 WHT/PINK,0006666-L,L,,0006666-L,19,0,0,0
REBEL MASS EXPORT PVT LTD,CSH25-0002-0006674 WHT/GREY,0006674-L,L,,0006674-L,19,0,0,0
REBEL MASS EXPORT PVT LTD,CSH25-0003-0006690 WHT/PINK,0006690-L,L,,0006690-L,19,0,0,0
REBEL MASS EXPORT PVT LTD,CSH25-0004-0006724 L.BLUE,0006724-S,S,,0006724-S,19,0,0,0
REBEL MASS EXPORT PVT LTD,CSH25-0004-0006729 MUSTARD,0006729-M,M,,0006729-M,19,0,0,0
REBEL MASS EXPORT PVT LTD,CSH25-0004-0006733 D.PINK,0006733-M,M,,0006733-M,19,0,0,0
REBEL MASS EXPORT PVT LTD,CSH25-0006-0006866 GREEN,0006866-L,L,,0006866-L,19,0,0,0
REBEL MASS EXPORT PVT LTD,CSH25-0038 YELLOW,DA0509-XL,XL,,DA0509-XL,19,0,0,0
REBEL MASS EXPORT PVT LTD,CSH25-0065 BLACK,DA2387-L,L,,DA2387-L,19,0,0,0
REBEL MASS EXPORT PVT LTD,CSH25-20-0017-0007596 RED,0007596-XXL,XXL,,0007596-XXL,19,0,0,0
REBEL MASS EXPORT PVT LTD,CSH25-39-0013-0007082 YELLOW,0007082-L,L,,0007082-L,19,0,0,0
REBEL MASS EXPORT PVT LTD,CTR25-36-0004-0007495 OLIVE,0007495-86.36CM(34),86.36CM (34),,0007495-86.36CM(34),19,0,0,0
REBEL MASS EXPORT PVT LTD,CWC25-15-0001 PEACH,DA0970-101.6CM(40),101.6CM (40),,DA0970-101.6CM(40),19,0,0,0
REBEL MASS EXPORT PVT LTD,CWC25-15-0001 PEACH,DA0971-106.68CM(42),106.68CM (42),,DA0971-106.68CM(42),19,0,0,0
REBEL MASS EXPORT PVT LTD,CWC25-32-0015 RED,DA1619-101.6CM(40),101.6CM (40),,DA1619-101.6CM(40),19,0,0,0
REBEL MASS EXPORT PVT LTD,DCR25-34-0011 G.BLUE,DA1348-96.52CM(38),96.52CM (38),,DA1348-96.52CM(38),19,0,0,0
REBEL MASS EXPORT PVT LTD,DNM25-0019 D.BLUE,DA3147-81.28CM(32),81.28CM (32),,DA3147-81.28CM(32),19,0,0,0
REBEL MASS EXPORT PVT LTD,DNM25-0020 L.BLUE,DA3153-81.28CM(32),81.28CM (32),,DA3153-81.28CM(32),19,0,0,0
REBEL MASS EXPORT PVT LTD,DNM25-34-0003-0007527 WHITE,0007527-76.20CM(30),76.20CM (30),,0007527-76.20CM(30),19,0,0,0
REBEL MASS EXPORT PVT LTD,DNM25-34-0005-0007763 BLACK,0007763-91.44CM(36),91.44CM (36),,0007763-91.44CM(36),19,0,0,0
REBEL MASS EXPORT PVT LTD,DNM25-34-0009-0007810 L.OLIVE,0007810-86.36CM(34),86.36CM (34),,0007810-86.36CM(34),19,0,0,0
REBEL MASS EXPORT PVT LTD,DNM25-34-0015 DARK GREY,DA1327-81.28CM(32),81.28CM (32),,DA1327-81.28CM(32),19,0,0,0
REBEL MASS EXPORT PVT LTD,FSH25-0002-0006913 SKY BLUE,0006913-M,M,,0006913-M,19,0,0,0
REBEL MASS EXPORT PVT LTD,FSH25-0006-0007009 PEACH,0007009-M,M,,0007009-M,19,0,0,0
REBEL MASS EXPORT PVT LTD,FSH25-0025 SKY BLUE,DA0577-M,M,,DA0577-M,19,0,0,0
REBEL MASS EXPORT PVT LTD,FSH25-0036 L.PINK,DA1732-XL,XL,,DA1732-XL,19,0,0,0
REBEL MASS EXPORT PVT LTD,FSH25-0038 L.MINT,DA1760-XL,XL,,DA1760-XL,19,0,0,0
REBEL MASS EXPORT PVT LTD,FSH25-0038 L.YELLOW,DA1752-XL,XL,,DA1752-XL,19,0,0,0
REBEL MASS EXPORT PVT LTD,FSH25-0040 L.BLUE,DA1779-L,L,,DA1779-L,19,0,0,0
REBEL MASS EXPORT PVT LTD,FSH25-0040 L.GREEN,DA1784-XL,XL,,DA1784-XL,19,0,0,0
REBEL MASS EXPORT PVT LTD,FSH25-0040 ORANGE,DA1787-L,L,,DA1787-L,19,0,0,0
REBEL MASS EXPORT PVT LTD,FSH25-0040 ORANGE,DA1788-XL,XL,,DA1788-XL,19,0,0,0
REBEL MASS EXPORT PVT LTD,FSH25-0042 MAROON,DA1819-L,L,,DA1819-L,19,0,0,0
REBEL MASS EXPORT PVT LTD,FSH25-0047 WHITE,DA2058-M,M,,DA2058-M,19,0,0,0
REBEL MASS EXPORT PVT LTD,FSH25-39-0013-0007943 ROYAL BLUE,0007943-XL,XL,,0007943-XL,19,0,0,0
REBEL MASS EXPORT PVT LTD,FSH25-39-0014-0007951 MUSTARD,0007951-XL,XL,,0007951-XL,19,0,0,0
REBEL MASS EXPORT PVT LTD,FSH25-39-0016-0007970 RED,0007970-L,L,,0007970-L,19,0,0,0
REBEL MASS EXPORT PVT LTD,FSH25-39-0017-0007979 TURQ,0007979-XL,XL,,0007979-XL,19,0,0,0
REBEL MASS EXPORT PVT LTD,FTR25-0006-0006768 BLUE,0006768-81.28CM(32),81.28CM (32),,0006768-81.28CM(32),19,0,0,0
REBEL MASS EXPORT PVT LTD,JKT25-0001 BLUE,DA0769-XL,XL,,DA0769-XL,19,0,0,0
REBEL MASS EXPORT PVT LTD,MJKTF0008-0006790 BLUE,0006790-L,L,,0006790-L,19,0,0,0
REBEL MASS EXPORT PVT LTD,MTSHS0017-0000622 WHITE,0000622-L,L,,0000622-L,19,0,0,0
REBEL MASS EXPORT PVT LTD,SHORT25-0002 MEHANDI,DA1933-M,M,,DA1933-M,19,0,0,0
REBEL MASS EXPORT PVT LTD,TS25-0010 GREEN,DA2137-XL,XL,,DA2137-XL,19,0,0,0
REBEL MASS EXPORT PVT LTD,TS25-0012 NAVY,DA1183-XXL,XXL,,DA1183-XXL,19,0,0,0
REBEL MASS EXPORT PVT LTD,TS25-0022 BLUE,DA1666-M,M,,DA1666-M,19,0,0,0
REBEL MASS EXPORT PVT LTD,TS25-0025 BOTTLE GREEN,DA1683-L,L,,DA1683-L,19,0,0,0
REBEL MASS EXPORT PVT LTD,TS25-0033 B.GREEN,DA1719-L,L,,DA1719-L,19,0,0,0
REBEL MASS EXPORT PVT LTD,TS25-0045 WHITE,DA2145-XL,XL,,DA2145-XL,19,0,0,0
REBEL MASS EXPORT PVT LTD,TS25-0046 OLIVE,DA2147-M,M,,DA2147-M,19,0,0,0
REBEL MASS EXPORT PVT LTD,CSH25-0069 WHITE,DA2418-M,M,,DA2418-M,18,0,0,0
REBEL MASS EXPORT PVT LTD,CSH25-0071 BLU/GREEN,DA2577-XXXL,XXXL,,DA2577-XXXL,18,0,0,0
REBEL MASS EXPORT PVT LTD,CSH25-0081 BEIGE/KHAKI,DA2627-XXXL,XXXL,,DA2627-XXXL,18,0,0,0
REBEL MASS EXPORT PVT LTD,CSH25-0107 BEIGE,DA3272-M,M,,DA3272-M,18,0,0,0
REBEL MASS EXPORT PVT LTD,CSH25-0107 NAVY,DA3268-XL,XL,,DA3268-XL,18,0,0,0
REBEL MASS EXPORT PVT LTD,CSH25-0107 PISTA,DA3176-M,M,,DA3176-M,18,0,0,0
REBEL MASS EXPORT PVT LTD,CSH25-0107 SLATE GREY,DA3231-L,L,,DA3231-L,18,0,0,0
REBEL MASS EXPORT PVT LTD,FSH25-0062 PINK,DA2267-M,M,,DA2267-M,18,0,0,0
REBEL MASS EXPORT PVT LTD,FSH25-0062 SKY,DA2262-L,L,,DA2262-L,18,0,0,0
REBEL MASS EXPORT PVT LTD,FSH25-0062 TURQ,DA2275-XL,XL,,DA2275-XL,18,0,0,0
REBEL MASS EXPORT PVT LTD,FSH25-0069 L.PURPLE,DA2990-XXXL,XXXL,,DA2990-XXXL,18,0,0,0
REBEL MASS EXPORT PVT LTD,FSH25-0069 LEMON,DA2995-XXXL,XXXL,,DA2995-XXXL,18,0,0,0
REBEL MASS EXPORT PVT LTD,FSH25-0071 PURPLE,DA3453-XL,XL,,DA3453-XL,18,0,0,0
REBEL MASS EXPORT PVT LTD,FSH25-0071 R.GREEN,DA3461-XL,XL,,DA3461-XL,18,0,0,0
REBEL MASS EXPORT PVT LTD,FSH25-0072 BLACK,DA3493-XL,XL,,DA3493-XL,18,0,0,0
REBEL MASS EXPORT PVT LTD,LW26-0004 GREY,DA4069-XXL,XXL,,DA4069-XXL,18,0,0,0
REBEL MASS EXPORT PVT LTD,TS25-0012 D.GREY,DA2128-L,L,,DA2128-L,18,0,0,0
REBEL MASS EXPORT PVT LTD,TS25-0021 BLACK,DA1678-M,M,,DA1678-M,18,0,0,0
REBEL MASS EXPORT PVT LTD,TS25-0051 SKY BLUE,DA2217-XL,XL,,DA2217-XL,18,0,0,0
REBEL MASS EXPORT PVT LTD,TS25-0052 SKY BLUE,DA2222-XL,XL,,DA2222-XL,18,0,0,0
REBEL MASS EXPORT PVT LTD,TS25-0059 BLUE,DA2564-M,M,,DA2564-M,18,0,0,0
REBEL MASS EXPORT PVT LTD,AW24CR0003-0003503 BLUE TOWEL,0003503-91.44CM(36),91.44CM(36),,0003503-91.44CM(36),18,0,0,0
REBEL MASS EXPORT PVT LTD,AW24CTR0002-0002850 TEAL,0002850-81.28CM(32),81.28CM (32),,0002850-81.28CM(32),18,0,0,0
REBEL MASS EXPORT PVT LTD,AW24CTR0003-0004830 TEAL,0004830-86.36CM(34),86.36CM (34),,0004830-86.36CM(34),18,0,0,0
REBEL MASS EXPORT PVT LTD,AW24D0001-0002403 DIRTY EARTH,0002403-91.44CM(36),91.44CM (36),,0002403-91.44CM(36),18,0,0,0
REBEL MASS EXPORT PVT LTD,AW24D0002-0002535 BATA WASH,0002535-71.12CM(28),71.12CM (28),,0002535-71.12CM(28),18,0,0,0
REBEL MASS EXPORT PVT LTD,AW24D0009A-0004266 TINT BROWN,0004266-86.36CM(34),86.36CM (34),,0004266-86.36CM(34),18,0,0,0
REBEL MASS EXPORT PVT LTD,AW24D0011-0004340 L.BLUE,0004340-81.28CM(32),81.28CM (32),,0004340-81.28CM(32),18,0,0,0
REBEL MASS EXPORT PVT LTD,AW24D0011-0004345 BLUE,0004345-76.2CM(30),76.2CM (30),,0004345-76.2CM(30),18,0,0,0
REBEL MASS EXPORT PVT LTD,AW24D0026-0005425 CRBN BLUE,0005425-86.36CM(34),86.36CM (34),,0005425-86.36CM(34),18,0,0,0
REBEL MASS EXPORT PVT LTD,AW24D0027-0005429 GREY,0005429-76.20CM(30),76.20CM (30),,0005429-76.20CM(30),18,0,0,0
REBEL MASS EXPORT PVT LTD,AW24D0028-0006441 DARK BLUE,0006441-86.36CM(34),86.36CM (34),,0006441-86.36CM(34),18,0,0,0
REBEL MASS EXPORT PVT LTD,AW24D0029-0006457 BLUE,0006457-76.20CM(30),76.20CM (30),,0006457-76.20CM(30),18,0,0,0
REBEL MASS EXPORT PVT LTD,AW24JKT0016-0007136 BEG/MAHRUN,0007136-XXL,XXL,,0007136-XXL,18,0,0,0
REBEL MASS EXPORT PVT LTD,AW24JKT0016-0007137 MAHROON,0007137-M,M,,0007137-M,18,0,0,0
REBEL MASS EXPORT PVT LTD,AW24JKT0017-0006613 BLUE,0006613-L,L,,0006613-L,18,0,0,0
REBEL MASS EXPORT PVT LTD,AW24PO0005-0005247 KHAKI,0005247-M,M,,0005247-M,18,0,0,0
REBEL MASS EXPORT PVT LTD,AW24PO0007-0005602 PINK,0005602-M,M,,0005602-M,18,0,0,0
REBEL MASS EXPORT PVT LTD,AW24PO0007-0005603 PINK,0005603-L,L,,0005603-L,18,0,0,0
REBEL MASS EXPORT PVT LTD,AW24PO0007-0005617 MUSTARD,0005617-M,M,,0005617-M,18,0,0,0
REBEL MASS EXPORT PVT LTD,AW24SH0030-0002384 YELLOW,0002384-XXL,XXL,,0002384-XXL,18,0,0,0
REBEL MASS EXPORT PVT LTD,AW24SH0037-0002876 ROYAL GREEN,0002876-XL,XL,,0002876-XL,18,0,0,0
REBEL MASS EXPORT PVT LTD,AW24SH0037-0002900 ORANGE,0002900-XL,XL,,0002900-XL,18,0,0,0
REBEL MASS EXPORT PVT LTD,AW24SH0037-0002904 SEA GREEN,0002904-XL,XL,,0002904-XL,18,0,0,0
REBEL MASS EXPORT PVT LTD,AW24SH0083-0004176 PURPLE.,0004176-L,L,,0004176-L,18,0,0,0
REBEL MASS EXPORT PVT LTD,AW24SH0083-0004177 PURPLE.,0004177-XL,XL,,0004177-XL,18,0,0,0
REBEL MASS EXPORT PVT LTD,AW24SH0084-0004204 YELLOW,0004204-L,L,,0004204-L,18,0,0,0
REBEL MASS EXPORT PVT LTD,AW24SH0084-0004205 YELLOW,0004205-XL,XL,,0004205-XL,18,0,0,0
REBEL MASS EXPORT PVT LTD,AW24SH0085-0004229 KHAKI,0004229-XL,XL,,0004229-XL,18,0,0,0
REBEL MASS EXPORT PVT LTD,AW24SH0085-0007055 CHARCOAL,0007055-XL,XL,,0007055-XL,18,0,0,0
REBEL MASS EXPORT PVT LTD,AW24SH0088-0004534 LEMON,0004534-XL,XL,,0004534-XL,18,0,0,0
REBEL MASS EXPORT PVT LTD,AW24SH0099-0004907 WHITE,0004907-XXL,XXL,,0004907-XXL,18,0,0,0
REBEL MASS EXPORT PVT LTD,AW24SH0112-0005489 KHAKI,0005489-L,L,,0005489-L,18,0,0,0
REBEL MASS EXPORT PVT LTD,AW24SH0128-0005649 SKY BLUE,0005649-XL,XL,,0005649-XL,18,0,0,0
REBEL MASS EXPORT PVT LTD,AW24SH0150-0005858 WHITE,0005858-L,L,,0005858-L,18,0,0,0
REBEL MASS EXPORT PVT LTD,AW24SH0150-0005859 WHITE,0005859-XL,XL,,0005859-XL,18,0,0,0
REBEL MASS EXPORT PVT LTD,AW24SH0152-0005882 GREY,0005882-L,L,,0005882-L,18,0,0,0
REBEL MASS EXPORT PVT LTD,AW24SH0156-0005914 T.BLUE,0005914-L,L,,0005914-L,18,0,0,0
REBEL MASS EXPORT PVT LTD,AW24SH0156-0005915 T.BLUE,0005915-XL,XL,,0005915-XL,18,0,0,0
REBEL MASS EXPORT PVT LTD,AW24SH0156-0005938 BROWN,0005938-L,L,,0005938-L,18,0,0,0
REBEL MASS EXPORT PVT LTD,AW24SH0160-0005974 GREEN,0005974-L,L,,0005974-L,18,0,0,0
REBEL MASS EXPORT PVT LTD,AW24SH0172-0006086 PINK,0006086-L,L,,0006086-L,18,0,0,0
REBEL MASS EXPORT PVT LTD,AW24SH0172-0006087 PINK,0006087-XL,XL,,0006087-XL,18,0,0,0
REBEL MASS EXPORT PVT LTD,AW24SH0172-0006095 P.GREEN,0006095-XL,XL,,0006095-XL,18,0,0,0
REBEL MASS EXPORT PVT LTD,AW24SH0173-0006102 BROWN,0006102-L,L,,0006102-L,18,0,0,0
REBEL MASS EXPORT PVT LTD,AW24SH0177-0006138 P.GREEN,0006138-L,L,,0006138-L,18,0,0,0
REBEL MASS EXPORT PVT LTD,AW24SH0177-0006143 L.PURPLE,0006143-XL,XL,,0006143-XL,18,0,0,0
REBEL MASS EXPORT PVT LTD,AW24SH0178-0006150 L.GREEN,0006150-L,L,,0006150-L,18,0,0,0
REBEL MASS EXPORT PVT LTD,AW24SH0179-0006171 BROWN,0006171-XL,XL,,0006171-XL,18,0,0,0
REBEL MASS EXPORT PVT LTD,AW24SH0180-0006198 NAVY,0006198-L,L,,0006198-L,18,0,0,0
REBEL MASS EXPORT PVT LTD,AW24SH0190-0006295 OLIVE,0006295-XL,XL,,0006295-XL,18,0,0,0
REBEL MASS EXPORT PVT LTD,AW24SS0015-0005021 BEIGE,0005021-XXL,XXL,,0005021-XXL,18,0,0,0
REBEL MASS EXPORT PVT LTD,AW24SS0015-0005031 OLIVE,0005031-L,L,,0005031-L,18,0,0,0
REBEL MASS EXPORT PVT LTD,AW24SS0025-0006410 BEIGE,0006410-M,M,,0006410-M,18,0,0,0
REBEL MASS EXPORT PVT LTD,AW24SS0025-0006413 BEIGE,0006413-XXL,XXL,,0006413-XXL,18,0,0,0
REBEL MASS EXPORT PVT LTD,AW24WL0003-0004130 G.MELANGE,0004130-XXL,XXL,,0004130-XXL,18,0,0,0
REBEL MASS EXPORT PVT LTD,BELT25-18-0005 BLACK,DA0569-120CM,120 CM,BLACK,DA0569-120CM,18,0,0,0
REBEL MASS EXPORT PVT LTD,CPO25-44-0002-0007579 NAVY,0007579-L,L,,0007579-L,18,0,0,0
REBEL MASS EXPORT PVT LTD,CPO25-44-0002-0007584 BLACK,0007584-M,M,,0007584-M,18,0,0,0
REBEL MASS EXPORT PVT LTD,CRC25-0010 STEEL GREY,DA2530-81.28CM(32),81.28CM (32),,DA2530-81.28CM(32),18,0,0,0
REBEL MASS EXPORT PVT LTD,CRC25-18-0003 L.GREY,DA0210-91.44CM(36),91.44CM (36),,DA0210-91.44CM(36),18,0,0,0
REBEL MASS EXPORT PVT LTD,CSH25-0001-0006634 WHT/GREEN,0006634-L,L,,0006634-L,18,0,0,0
REBEL MASS EXPORT PVT LTD,CSH25-0001-0006641 WHT/OLIVE,0006641-M,M,,0006641-M,18,0,0,0
REBEL MASS EXPORT PVT LTD,CSH25-0004-0006732 D.PINK,0006732-S,S,,0006732-S,18,0,0,0
REBEL MASS EXPORT PVT LTD,CSH25-0038 CREAM,DA0512-L,L,,DA0512-L,18,0,0,0
REBEL MASS EXPORT PVT LTD,CSH25-0040 GREEN,DA0556-L,L,,DA0556-L,18,0,0,0
REBEL MASS EXPORT PVT LTD,CSH25-0067 WHITE,DA2413-XXL,XXL,,DA2413-XXL,18,0,0,0
REBEL MASS EXPORT PVT LTD,CSH25-39-0024-0008195 D.BEIGE,0008195-L,L,,0008195-L,18,0,0,0
REBEL MASS EXPORT PVT LTD,CSH25-39-0028-0008211 WHITE,0008211-L,L,,0008211-L,18,0,0,0
REBEL MASS EXPORT PVT LTD,CSH25-39-0029-0008216 NAVY,0008216-XL,XL,,0008216-XL,18,0,0,0
REBEL MASS EXPORT PVT LTD,CSH25-39-0036-0008251 YELLOW,0008251-L,L,,0008251-L,18,0,0,0
REBEL MASS EXPORT PVT LTD,CTK25-15-0001-0007206 MUSTARD,0007206-L,L,,0007206-L,18,0,0,0
REBEL MASS EXPORT PVT LTD,CTK25-15-0002-0007210 NAVY,0007210-L,L,,0007210-L,18,0,0,0
REBEL MASS EXPORT PVT LTD,CTR25-04-0005-0007680 STEAL GREY,0007680-81.28CM(32),81.28CM (32),,0007680-81.28CM(32),18,0,0,0
REBEL MASS EXPORT PVT LTD,CTR25-36-0002-0007460 ECRU,0007460-86.36CM(34),86.36CM (34),,0007460-86.36CM(34),18,0,0,0
REBEL MASS EXPORT PVT LTD,CTR25-36-0003-0007476 OLIVE,0007476-91.44CM(36),91.44CM (36),,0007476-91.44CM(36),18,0,0,0
REBEL MASS EXPORT PVT LTD,CWC25-0009 D.PINK,DA1594-96.52CM(38),96.52CM (38),,DA1594-96.52CM(38),18,0,0,0
REBEL MASS EXPORT PVT LTD,CWC25-32-0004 WHITE,DA1571-101.6CM(40),101.6CM (40),,DA1571-101.6CM(40),18,0,0,0
REBEL MASS EXPORT PVT LTD,DCR25-34-0003-0007546 GREY,0007546-81.28CM(32),81.28CM (32),,0007546-81.28CM(32),18,0,0,0
REBEL MASS EXPORT PVT LTD,DNM25-34-0003-0007526 WHITE,0007526-71.12CM(28),71.12CM (28),,0007526-71.12CM(28),18,0,0,0
REBEL MASS EXPORT PVT LTD,DNM25-34-0011 BLUE,DA0800-76.20CM(30),76.20CM (30),,DA0800-76.20CM(30),18,0,0,0
REBEL MASS EXPORT PVT LTD,DNM25-34-0013 D.BLUE,DA1291-86.36CM(34),86.36CM (34),,DA1291-86.36CM(34),18,0,0,0
REBEL MASS EXPORT PVT LTD,DNM25-34-0015 DARK GREY,DA1326-76.20CM(30),76.20CM (30),,DA1326-76.20CM(30),18,0,0,0
REBEL MASS EXPORT PVT LTD,FSH25-0001-0006834 BEIGE,0006834-L,L,,0006834-L,18,0,0,0
REBEL MASS EXPORT PVT LTD,FSH25-0001-0006841 GREEN,0006841-M,M,,0006841-M,18,0,0,0
REBEL MASS EXPORT PVT LTD,FSH25-0003-0006956 YELLOW,0006956-XXL,XXL,,0006956-XXL,18,0,0,0
REBEL MASS EXPORT PVT LTD,FSH25-0006-0007012 PEACH,0007012-XXL,XXL,,0007012-XXL,18,0,0,0
REBEL MASS EXPORT PVT LTD,FSH25-0036 L.MINT,DA1735-L,L,,DA1735-L,18,0,0,0
REBEL MASS EXPORT PVT LTD,FSH25-0036 L.MINT,DA1736-XL,XL,,DA1736-XL,18,0,0,0
REBEL MASS EXPORT PVT LTD,FSH25-0037 GREY,DA1743-L,L,,DA1743-L,18,0,0,0
REBEL MASS EXPORT PVT LTD,FSH25-0038 L.MINT,DA1759-L,L,,DA1759-L,18,0,0,0
REBEL MASS EXPORT PVT LTD,FSH25-0043 MAROON,DA1827-L,L,,DA1827-L,18,0,0,0
REBEL MASS EXPORT PVT LTD,FSH25-0043 MAROON,DA1828-XL,XL,,DA1828-XL,18,0,0,0
REBEL MASS EXPORT PVT LTD,FSH25-0048 WHITE,DA2064-XL,XL,,DA2064-XL,18,0,0,0
REBEL MASS EXPORT PVT LTD,FSH25-39-0010-0007919 GREEN,0007919-XL,XL,,0007919-XL,18,0,0,0
REBEL MASS EXPORT PVT LTD,FSH25-39-0012-0007935 NAVY,0007935-XL,XL,,0007935-XL,18,0,0,0
REBEL MASS EXPORT PVT LTD,FSH25-39-0014-0007955 NAVY,0007955-XL,XL,,0007955-XL,18,0,0,0
REBEL MASS EXPORT PVT LTD,FSH25-39-0018-0007986 MUSTARD,0007986-L,L,,0007986-L,18,0,0,0
REBEL MASS EXPORT PVT LTD,MBDNM0034-0001812 DARK BLUE,0001812-76.2CM(30INCH),76.2 CM (30 INCH),,0001812-76.2CM(30INCH),18,0,0,0
REBEL MASS EXPORT PVT LTD,MJKTF0008-0006783 TEAL,0006783-XL,XL,,0006783-XL,18,0,0,0
REBEL MASS EXPORT PVT LTD,MJKTF0008-0006791 BLUE,0006791-XL,XL,,0006791-XL,18,0,0,0
REBEL MASS EXPORT PVT LTD,SHORT25-0002 CAMEL,DA1925-M,M,,DA1925-M,18,0,0,0
REBEL MASS EXPORT PVT LTD,SHORT25-0002 MEHANDI,DA1934-L,L,,DA1934-L,18,0,0,0
REBEL MASS EXPORT PVT LTD,TS25-0001 WHITE,DA0895-XL,XL,,DA0895-XL,18,0,0,0
REBEL MASS EXPORT PVT LTD,TS25-0004 WHITE,DA0887-XL,XL,,DA0887-XL,18,0,0,0
REBEL MASS EXPORT PVT LTD,TS25-0028 NAVY,DA1701-XXL,XXL,,DA1701-XXL,18,0,0,0
REBEL MASS EXPORT PVT LTD,TS25-0032 GREEN,DA1716-XL,XL,,DA1716-XL,18,0,0,0
REBEL MASS EXPORT PVT LTD,TS25-0036 SKY,DA1953-L,L,,DA1953-L,18,0,0,0
REBEL MASS EXPORT PVT LTD,TS25-0040 NAVY,DA1998-L,L,,DA1998-L,18,0,0,0
REBEL MASS EXPORT PVT LTD,TS25-0040 OLIVE,DA2008-L,L,,DA2008-L,18,0,0,0
REBEL MASS EXPORT PVT LTD,TS25-0040 OLIVE,DA2007-M,M,,DA2007-M,18,0,0,0
REBEL MASS EXPORT PVT LTD,TS25-0040 OLIVE,DA2006-S,S,,DA2006-S,18,0,0,0
REBEL MASS EXPORT PVT LTD,CSH25-0063 BLACK/WHT,DA2255-XXL,XXL,,DA2255-XXL,17,0,0,0
REBEL MASS EXPORT PVT LTD,CSH25-0084 BLACK,DA2642-XXXL,XXXL,,DA2642-XXXL,17,0,0,0
REBEL MASS EXPORT PVT LTD,CSH25-0103 NAVY,DA2733-M,M,,DA2733-M,17,0,0,0
REBEL MASS EXPORT PVT LTD,CSH25-0107 BLACK,DA3244-XL,XL,,DA3244-XL,17,0,0,0
REBEL MASS EXPORT PVT LTD,CSH25-0107 LEMON,DA3170-M,M,,DA3170-M,17,0,0,0
REBEL MASS EXPORT PVT LTD,CSH25-0108 NAVY,DA3277-M,M,,DA3277-M,17,0,0,0
REBEL MASS EXPORT PVT LTD,CSS26-0001 GREY,DA3912-XL,XL,,DA3912-XL,17,0,0,0
REBEL MASS EXPORT PVT LTD,DNM26-0001 LIGHT WASH,DA4200-81.28CM(32),81.28CM (32),,DA4200-81.28CM(32),17,0,0,0
REBEL MASS EXPORT PVT LTD,DNM26-0009 D. BLUE,BM0113-81.28CM(32),81.28CM (32),,BM0113-81.28CM(32),17,0,0,0
REBEL MASS EXPORT PVT LTD,FSH25-0069 WHITE,DA2997-XXXL,XXXL,,DA2997-XXXL,17,0,0,0
REBEL MASS EXPORT PVT LTD,FSH25-0071 PURPLE,DA3452-L,L,,DA3452-L,17,0,0,0
REBEL MASS EXPORT PVT LTD,FSH25-0071 R.GREEN,DA3460-L,L,,DA3460-L,17,0,0,0
REBEL MASS EXPORT PVT LTD,FSH25-0072 GREY,DA3480-L,L,,DA3480-L,17,0,0,0
REBEL MASS EXPORT PVT LTD,FTR25-0075 BLACK,DA3070-81.28CM(32),81.28CM (32),,DA3070-81.28CM(32),17,0,0,0
REBEL MASS EXPORT PVT LTD,FTR25-0075 BLACK,DA3071-86.36CM(34),86.36CM (34),,DA3071-86.36CM(34),17,0,0,0
REBEL MASS EXPORT PVT LTD,LW26-0004 BLACK,DA4059-L,L,,DA4059-L,17,0,0,0
REBEL MASS EXPORT PVT LTD,TS25-0021 WHT/BLK,DA1658-M,M,,DA1658-M,17,0,0,0
REBEL MASS EXPORT PVT LTD,TS25-0059 NAVY,DA2807-3XL,3XL,,DA2807-3XL,17,0,0,0
REBEL MASS EXPORT PVT LTD,2PC25-0019 WINE,DA1851-101.6CM(40),101.6CM (40),,DA1851-101.6CM(40),17,0,0,0
REBEL MASS EXPORT PVT LTD,AW24CR0002A-0004311 L.BLUE,0004311-86.36CM(34),86.36CM (34),,0004311-86.36CM(34),17,0,0,0
REBEL MASS EXPORT PVT LTD,AW24CTR0004-0005783 MAHANDI,0005783-81.28CM(32),81.28CM (32),,0005783-81.28CM(32),17,0,0,0
REBEL MASS EXPORT PVT LTD,AW24CTR0004-0005784 MAHANDI,0005784-86.36CM(34),86.36CM (34),,0005784-86.36CM(34),17,0,0,0
REBEL MASS EXPORT PVT LTD,AW24CTR0005-0005773 KHAKI,0005773-81.28CM(32),81.28CM (32),,0005773-81.28CM(32),17,0,0,0
REBEL MASS EXPORT PVT LTD,AW24CTR0007-0006558 SKY BLUE,0006558-86.36CM(34),86.36CM (34),,0006558-86.36CM(34),17,0,0,0
REBEL MASS EXPORT PVT LTD,AW24D0001-0002389 HARD WASH.,0002389-71.12CM(28),71.12CM (28),,0002389-71.12CM(28),17,0,0,0
REBEL MASS EXPORT PVT LTD,AW24D0002-0002536 BATA WASH,0002536-76.20CM(30),76.20CM (30),,0002536-76.20CM(30),17,0,0,0
REBEL MASS EXPORT PVT LTD,AW24D0002-0002540 BATA WASH,0002540-96.52CM(38),96.52CM (38),,0002540-96.52CM(38),17,0,0,0
REBEL MASS EXPORT PVT LTD,AW24D0011-0004338 L.BLUE,0004338-71.12CM(28),71.12CM (28),,0004338-71.12CM(28),17,0,0,0
REBEL MASS EXPORT PVT LTD,AW24D0011-0004347 BLUE,0004347-86.36CM(34),86.36CM (34),,0004347-86.36CM(34),17,0,0,0
REBEL MASS EXPORT PVT LTD,AW24D0019-0004400 D.BLUE.,0004400-81.28CM(32),81.28CM (32),,0004400-81.28CM(32),17,0,0,0
REBEL MASS EXPORT PVT LTD,AW24D0021-0006483 BLUE,0006483-86.36CM(34),86.36CM (34),,0006483-86.36CM(34),17,0,0,0
REBEL MASS EXPORT PVT LTD,AW24D0027-0005432 GREY,0005432-91.44CM(36),91.44CM (36),,0005432-91.44CM(36),17,0,0,0
REBEL MASS EXPORT PVT LTD,AW24FTR0026-0005083 MAHROON,0005083-86.36CM(34),86.36CM (34),,0005083-86.36CM(34),17,0,0,0
REBEL MASS EXPORT PVT LTD,AW24FTR0028-0005095 NAVY,0005095-86.36CM(34),86.36CM (34),,0005095-86.36CM(34),17,0,0,0
REBEL MASS EXPORT PVT LTD,AW24JKT0010-0002820 L.GREY,0002820-M,M,,0002820-M,17,0,0,0
REBEL MASS EXPORT PVT LTD,AW24JKT0016-0005455 BLACK,0005455-XXL,XXL,,0005455-XXL,17,0,0,0
REBEL MASS EXPORT PVT LTD,AW24PO0006-0005570 KHAKI,0005570-L,L,,0005570-L,17,0,0,0
REBEL MASS EXPORT PVT LTD,AW24PO0007-0005619 MUSTARD,0005619-XL,XL,,0005619-XL,17,0,0,0
REBEL MASS EXPORT PVT LTD,AW24PO0008-0005622 MUSTARD,0005622-XL,XL,,0005622-XL,17,0,0,0
REBEL MASS EXPORT PVT LTD,AW24SH0075-0004051 WHITE,0004051-L,L,,0004051-L,17,0,0,0
REBEL MASS EXPORT PVT LTD,AW24SH0077-0004060 WHITE,0004060-XL,XL,,0004060-XL,17,0,0,0
REBEL MASS EXPORT PVT LTD,AW24SH0085-0007050 DUSTY,0007050-L,L,,0007050-L,17,0,0,0
REBEL MASS EXPORT PVT LTD,AW24SH0088-0004525 L..YELLOW,0004525-L,L,,0004525-L,17,0,0,0
REBEL MASS EXPORT PVT LTD,AW24SH0088-0004529 PEACH,0004529-L,L,,0004529-L,17,0,0,0
REBEL MASS EXPORT PVT LTD,AW24SH0092-0004637 BLACK,0004637-L,L,,0004637-L,17,0,0,0
REBEL MASS EXPORT PVT LTD,AW24SH0096-0004781 BEIGE,0004781-L,L,,0004781-L,17,0,0,0
REBEL MASS EXPORT PVT LTD,AW24SH0099-0004911 SEA GREEN,0004911-XXL,XXL,,0004911-XXL,17,0,0,0
REBEL MASS EXPORT PVT LTD,AW24SH0120-0005549 WHITE,0005549-L,L,,0005549-L,17,0,0,0
REBEL MASS EXPORT PVT LTD,AW24SH0131-0005660 WHITE,0005660-L,L,,0005660-L,17,0,0,0
REBEL MASS EXPORT PVT LTD,AW24SH0148-0005842 WHITE,0005842-L,L,,0005842-L,17,0,0,0
REBEL MASS EXPORT PVT LTD,AW24SH0149-0005851 GREY,0005851-XL,XL,,0005851-XL,17,0,0,0
REBEL MASS EXPORT PVT LTD,AW24SH0149-0005854 YELLOW,0005854-L,L,,0005854-L,17,0,0,0
REBEL MASS EXPORT PVT LTD,AW24SH0151-0005863 RED,0005863-XL,XL,,0005863-XL,17,0,0,0
REBEL MASS EXPORT PVT LTD,AW24SH0153-0005894 BEIGE,0005894-L,L,,0005894-L,17,0,0,0
REBEL MASS EXPORT PVT LTD,AW24SH0154-0005898 NAVY,0005898-L,L,,0005898-L,17,0,0,0
REBEL MASS EXPORT PVT LTD,AW24SH0155-0005906 SKY BLUE,0005906-L,L,,0005906-L,17,0,0,0
REBEL MASS EXPORT PVT LTD,AW24SH0156-0005935 BLACK,0005935-XL,XL,,0005935-XL,17,0,0,0
REBEL MASS EXPORT PVT LTD,AW24SH0161-0005983 PINK,0005983-XL,XL,,0005983-XL,17,0,0,0
REBEL MASS EXPORT PVT LTD,AW24SH0172-0006079 BEIGE,0006079-XL,XL,,0006079-XL,17,0,0,0
REBEL MASS EXPORT PVT LTD,AW24SH0172-0006090 SEA BLUE,0006090-L,L,,0006090-L,17,0,0,0
REBEL MASS EXPORT PVT LTD,AW24SH0176-0006131 BEIGE,0006131-XL,XL,,0006131-XL,17,0,0,0
REBEL MASS EXPORT PVT LTD,AW24SH0178-0006151 L.GREEN,0006151-XL,XL,,0006151-XL,17,0,0,0
REBEL MASS EXPORT PVT LTD,AW24SH0178-0006162 KHAKI,0006162-L,L,,0006162-L,17,0,0,0
REBEL MASS EXPORT PVT LTD,AW24SH0178-0006163 KHAKI,0006163-XL,XL,,0006163-XL,17,0,0,0
REBEL MASS EXPORT PVT LTD,AW24SH0179-0006174 T.GREEN,0006174-L,L,,0006174-L,17,0,0,0
REBEL MASS EXPORT PVT LTD,AW24SS0023-0006373 SKY BLUE,0006373-M,M,,0006373-M,17,0,0,0
REBEL MASS EXPORT PVT LTD,AW24TK0002-0005244 W.MELANGE,0005244-L,L,,0005244-L,17,0,0,0
REBEL MASS EXPORT PVT LTD,AW24TK0004-0006496 B.MELANGE,0006496-M,M,,0006496-M,17,0,0,0
REBEL MASS EXPORT PVT LTD,BLZ25-0007 BEIGE/MARON,DA0626-101.6CM(40),101.6CM (40),,DA0626-101.6CM(40),17,0,0,0
REBEL MASS EXPORT PVT LTD,BLZ25-0020 CAMEL,DA3322-101.6CM(40),101.6CM (40),,DA3322-101.6CM(40),17,0,0,0
REBEL MASS EXPORT PVT LTD,CPO25-44-0002-0007578 NAVY,0007578-M,M,,0007578-M,17,0,0,0
REBEL MASS EXPORT PVT LTD,CPO25-44-0002-0007581 BROWN,0007581-M,M,,0007581-M,17,0,0,0
REBEL MASS EXPORT PVT LTD,CRC25-0005 BEIGE,DA0281-81.28CM(32),81.28CM (32),,DA0281-81.28CM(32),17,0,0,0
REBEL MASS EXPORT PVT LTD,CRC25-0010 STEEL GREY,DA2531-86.36CM(34),86.36CM (34),,DA2531-86.36CM(34),17,0,0,0
REBEL MASS EXPORT PVT LTD,CRC25-18-0003 L.GREY,DA0208-81.28CM(32),81.28CM (32),,DA0208-81.28CM(32),17,0,0,0
REBEL MASS EXPORT PVT LTD,CRC25-18-0003-0008132 MEHANDI,0008132-81.28CM(32),81.28CM (32),,0008132-81.28CM(32),17,0,0,0
REBEL MASS EXPORT PVT LTD,CSH25-0001-0006638 WHT/PINK,0006638-L,L,,0006638-L,17,0,0,0
REBEL MASS EXPORT PVT LTD,CSH25-0001-0006642 WHT/OLIVE,0006642-L,L,,0006642-L,17,0,0,0
REBEL MASS EXPORT PVT LTD,CSH25-0001-0006646 WHT/GREY,0006646-L,L,,0006646-L,17,0,0,0
REBEL MASS EXPORT PVT LTD,CSH25-0003-0006698 WHT/GREY,0006698-L,L,,0006698-L,17,0,0,0
REBEL MASS EXPORT PVT LTD,CSH25-0004-0006737 BLUE,0006737-M,M,,0006737-M,17,0,0,0
REBEL MASS EXPORT PVT LTD,CSH25-0008-0006886 GREEN,0006886-L,L,,0006886-L,17,0,0,0
REBEL MASS EXPORT PVT LTD,CSH25-0038 NAVY,DA0500-L,L,,DA0500-L,17,0,0,0
REBEL MASS EXPORT PVT LTD,CSH25-0041 WHITE,DA0565-XL,XL,,DA0565-XL,17,0,0,0
REBEL MASS EXPORT PVT LTD,CSH25-39-0025-0008199 BROWN,0008199-L,L,,0008199-L,17,0,0,0
REBEL MASS EXPORT PVT LTD,CTR25-36-0002-0007444 CREAM,0007444-81.28CM(32),81.28CM (32),,0007444-81.28CM(32),17,0,0,0
REBEL MASS EXPORT PVT LTD,CWC25-32-0010 PISTA,DA1600-106.68CM(42),106.68CM (42),,DA1600-106.68CM(42),17,0,0,0
REBEL MASS EXPORT PVT LTD,CWC25-32-0015 RED,DA1620-106.68CM(42),106.68CM (42),,DA1620-106.68CM(42),17,0,0,0
REBEL MASS EXPORT PVT LTD,CWL25-15-0002-0007739 NAVY,0007739-XL,XL,,0007739-XL,17,0,0,0
REBEL MASS EXPORT PVT LTD,DNM25-34-0001-0007510 L.BLUE,0007510-81.28CM(32),81.28CM (32),,0007510-81.28CM(32),17,0,0,0
REBEL MASS EXPORT PVT LTD,DNM25-34-0002-0007522 BLUE,0007522-81.28CM(32),81.28CM (32),,0007522-81.28CM(32),17,0,0,0
REBEL MASS EXPORT PVT LTD,DNM25-34-0004-0007749 D.BLUE,0007749-81.28CM(32),81.28CM (32),,0007749-81.28CM(32),17,0,0,0
REBEL MASS EXPORT PVT LTD,DNM25-34-0004-0007750 D.BLUE,0007750-86.36CM(34),86.36CM (34),,0007750-86.36CM(34),17,0,0,0
REBEL MASS EXPORT PVT LTD,DNM25-34-0004-0007847 BLUE,0007847-86.36CM(34),86.36CM (34),,0007847-86.36CM(34),17,0,0,0
REBEL MASS EXPORT PVT LTD,DNM25-34-0005-0007760 BLACK,0007760-76.20CM(30),76.20CM (30),,0007760-76.20CM(30),17,0,0,0
REBEL MASS EXPORT PVT LTD,DNM25-34-0005-0007765 BLUE,0007765-71.12CM(28),71.12CM (28),,0007765-71.12CM(28),17,0,0,0
REBEL MASS EXPORT PVT LTD,DNM25-34-0005-0007768 BLUE,0007768-86.36CM(34),86.36CM (34),,0007768-86.36CM(34),17,0,0,0
REBEL MASS EXPORT PVT LTD,DNM25-34-0009-0007812 L.OLIVE,0007812-96.52CM(38),96.52CM (38),,0007812-96.52CM(38),17,0,0,0
REBEL MASS EXPORT PVT LTD,DNM25-34-0011 BLUE,DA0803-91.44CM(36),91.44CM(36),,DA0803-91.44CM(36),17,0,0,0
REBEL MASS EXPORT PVT LTD,DNM25-34-0018 INDIGO BLUE,DA1836-71.12CM(28),71.12CM (28),,DA1836-71.12CM(28),17,0,0,0
REBEL MASS EXPORT PVT LTD,FSH25-0002-0006916 SKY BLUE,0006916-XXL,XXL,,0006916-XXL,17,0,0,0
REBEL MASS EXPORT PVT LTD,FSH25-0003-0006940 BLUE,0006940-XXL,XXL,,0006940-XXL,17,0,0,0
REBEL MASS EXPORT PVT LTD,FSH25-0004-0006967 NUDE,0006967-XL,XL,,0006967-XL,17,0,0,0
REBEL MASS EXPORT PVT LTD,FSH25-0036 BEIGE,DA1724-XL,XL,,DA1724-XL,17,0,0,0
REBEL MASS EXPORT PVT LTD,FSH25-0036 L.PINK,DA1731-L,L,,DA1731-L,17,0,0,0
REBEL MASS EXPORT PVT LTD,FSH25-0038 L.YELLOW,DA1751-L,L,,DA1751-L,17,0,0,0
REBEL MASS EXPORT PVT LTD,FSH25-0040 L.GREEN,DA1783-L,L,,DA1783-L,17,0,0,0
REBEL MASS EXPORT PVT LTD,FSH25-0058 BLACK,DA2232-M,M,,DA2232-M,17,0,0,0
REBEL MASS EXPORT PVT LTD,FSH25-39-0008-0007903 GREY,0007903-XL,XL,,0007903-XL,17,0,0,0
REBEL MASS EXPORT PVT LTD,FSH25-39-0008-0007906 BEIGE,0007906-L,L,,0007906-L,17,0,0,0
REBEL MASS EXPORT PVT LTD,FSH25-39-0009-0007915 TOBBACO,0007915-XL,XL,,0007915-XL,17,0,0,0
REBEL MASS EXPORT PVT LTD,FSH25-39-0014-0007954 NAVY,0007954-L,L,,0007954-L,17,0,0,0
REBEL MASS EXPORT PVT LTD,FSH25-39-0015-0007962 MAHROON,0007962-L,L,,0007962-L,17,0,0,0
REBEL MASS EXPORT PVT LTD,FSH25-39-0016-0007971 RED,0007971-XL,XL,,0007971-XL,17,0,0,0
REBEL MASS EXPORT PVT LTD,FSH25-39-0022-0008014 GREEN,0008014-L,L,,0008014-L,17,0,0,0
REBEL MASS EXPORT PVT LTD,FTR25-18-0016-0007309 BLUE,0007309-86.36CM(34),86.36CM (34),,0007309-86.36CM(34),17,0,0,0
REBEL MASS EXPORT PVT LTD,FTR25-18-0018-0007320 NAVY,0007320-81.28CM(32),81.28CM (32),,0007320-81.28CM(32),17,0,0,0
REBEL MASS EXPORT PVT LTD,MBDNM0005-0000496 MERCRIZE BLUE,0000496-28,28,,0000496-28,17,0,0,0
REBEL MASS EXPORT PVT LTD,MBDNM0005-0000497 MERCRIZE BLUE,0000497-38,38,,0000497-38,17,0,0,0
REBEL MASS EXPORT PVT LTD,MBDNM0017-0000877 DIRTY EARTH,0000877-32,32,,0000877-32,17,0,0,0
REBEL MASS EXPORT PVT LTD,MTSHS0010-0000594 BLUE,0000594-M,M,,0000594-M,17,0,0,0
REBEL MASS EXPORT PVT LTD,SHORT25-0002 GREY,DA1922-L,L,,DA1922-L,17,0,0,0
REBEL MASS EXPORT PVT LTD,TS25-0004 WHITE,DA0886-L,L,,DA0886-L,17,0,0,0
REBEL MASS EXPORT PVT LTD,TS25-0005 TEAL,DA0876-XXL,XXL,,DA0876-XXL,17,0,0,0
REBEL MASS EXPORT PVT LTD,TS25-0019 KHAKI/BLK,DA1652-XL,XL,,DA1652-XL,17,0,0,0
REBEL MASS EXPORT PVT LTD,TS25-0022 BLUE,DA1669-XXL,XXL,,DA1669-XXL,17,0,0,0
REBEL MASS EXPORT PVT LTD,TS25-0024 TEAL,DA1675-L,L,,DA1675-L,17,0,0,0
REBEL MASS EXPORT PVT LTD,TS25-0024 TEAL,DA1676-XL,XL,,DA1676-XL,17,0,0,0
REBEL MASS EXPORT PVT LTD,TS25-0030 MAROON,DA1708-XL,XL,,DA1708-XL,17,0,0,0
REBEL MASS EXPORT PVT LTD,TS25-0040 OLIVE,DA2009-XL,XL,,DA2009-XL,17,0,0,0
REBEL MASS EXPORT PVT LTD,CSH25-0063 BLACK/WHT,DA2252-M,M,,DA2252-M,16,0,0,0
REBEL MASS EXPORT PVT LTD,CSH25-0107 WINE,DA3219-L,L,,DA3219-L,16,0,0,0
REBEL MASS EXPORT PVT LTD,DNM26-0005 BLACK,DA4226-91.44CM(36),91.44CM (36),,DA4226-91.44CM(36),16,0,0,0
REBEL MASS EXPORT PVT LTD,DNM26-0007 LIGHT WASH,BM0093-71.12CM(28),71.12CM (28),,BM0093-71.12CM(28),16,0,0,0
REBEL MASS EXPORT PVT LTD,FSH25-0063 WHITE,DA2846-L,L,,DA2846-L,16,0,0,0
REBEL MASS EXPORT PVT LTD,FSH25-0069 L.PINK,DA2981-XXXL,XXXL,,DA2981-XXXL,16,0,0,0
REBEL MASS EXPORT PVT LTD,FSH25-0069 MEHANDI,DA2992-XXXL,XXXL,,DA2992-XXXL,16,0,0,0
REBEL MASS EXPORT PVT LTD,FSH25-0069 PINK,DA2977-XXXL,XXXL,,DA2977-XXXL,16,0,0,0
REBEL MASS EXPORT PVT LTD,FSH25-0069 PIURPLE,DA2979-XXXL,XXXL,,DA2979-XXXL,16,0,0,0
REBEL MASS EXPORT PVT LTD,FSH25-0069 R.BLUE,DA2984-XXXL,XXXL,,DA2984-XXXL,16,0,0,0
REBEL MASS EXPORT PVT LTD,FTR25-0075 BLACK,DA3072-91.44CM(36),91.44CM (36),,DA3072-91.44CM(36),16,0,0,0
REBEL MASS EXPORT PVT LTD,FTR25-0079 GREY/BLK,DA3101-86.36CM(34),86.36CM (34),,DA3101-86.36CM(34),16,0,0,0
REBEL MASS EXPORT PVT LTD,LW26-0005 KHAKI,DA4093-XXL,XXL,,DA4093-XXL,16,0,0,0
REBEL MASS EXPORT PVT LTD,TS25-0049 NAVY,DA2201-L,L,,DA2201-L,16,0,0,0
REBEL MASS EXPORT PVT LTD,TS25-0049 SKY BLUE,DA2205-M,M,,DA2205-M,16,0,0,0
REBEL MASS EXPORT PVT LTD,TS25-0049 SKY BLUE,DA2207-XL,XL,,DA2207-XL,16,0,0,0
REBEL MASS EXPORT PVT LTD,TS25-0052 SKY BLUE,DA2220-M,M,,DA2220-M,16,0,0,0
REBEL MASS EXPORT PVT LTD,AW24BL0009-0004091 MAHROON,0004091-101.6CM(40),101.6CM (40),,0004091-101.6CM(40),16,0,0,0
REBEL MASS EXPORT PVT LTD,AW24BL0012-0004494 WINE,0004494-106.68CM(42),106.68CM (42),,0004494-106.68CM(42),16,0,0,0
REBEL MASS EXPORT PVT LTD,AW24CR0003-0003504 BLUE TOWEL,0003504-96.52CM(38),96.52CM (38),,0003504-96.52CM(38),16,0,0,0
REBEL MASS EXPORT PVT LTD,AW24CT0001-0004987 BLACK,0004987-101.6CM(40),101.6CM (40),,0004987-101.6CM(40),16,0,0,0
REBEL MASS EXPORT PVT LTD,AW24CT0001-0004988 BLACK,0004988-106.68CM.(42),106.68CM. (42),,0004988-106.68CM.(42),16,0,0,0
REBEL MASS EXPORT PVT LTD,AW24CTR0003-0004872 CAMEL,0004872-86.36CM(34),86.36CM (34),,0004872-86.36CM(34),16,0,0,0
REBEL MASS EXPORT PVT LTD,AW24CTR0004-0005734 PISTA,0005734-86.36CM(34),86.36CM (34),,0005734-86.36CM(34),16,0,0,0
REBEL MASS EXPORT PVT LTD,AW24CTR0006-0006542 KHAKI,0006542-81.28CM(32),81.28CM (32),,0006542-81.28CM(32),16,0,0,0
REBEL MASS EXPORT PVT LTD,AW24D0007-0003526 BLACK,0003526-86.36CM(34),86.36CM (34),,0003526-86.36CM(34),16,0,0,0
REBEL MASS EXPORT PVT LTD,AW24D0009A-0004264 TINT BROWN,0004264-76.2CM(30),76.2CM (30),,0004264-76.2CM(30),16,0,0,0
REBEL MASS EXPORT PVT LTD,AW24D0011-0003881 L.GREY,0003881-76.2CM(30),76.2CM (30),,0003881-76.2CM(30),16,0,0,0
REBEL MASS EXPORT PVT LTD,AW24D0011-0004342 L.BLUE,0004342-91.44CM(36),91.44CM(36),,0004342-91.44CM(36),16,0,0,0
REBEL MASS EXPORT PVT LTD,AW24D0011-0004352 D.BLUE.,0004352-81.28CM(32),81.28CM (32),,0004352-81.28CM(32),16,0,0,0
REBEL MASS EXPORT PVT LTD,AW24D0015-0004376 M.BLUE.,0004376-81.28CM(32),81.28CM (32),,0004376-81.28CM(32),16,0,0,0
REBEL MASS EXPORT PVT LTD,AW24D0017-0004387 BLACK,0004387-76.2CM(30),76.2CM (30),,0004387-76.2CM(30),16,0,0,0
REBEL MASS EXPORT PVT LTD,AW24D0017-0004391 BLACK,0004391-96.52CM(38),96.52CM (38),,0004391-96.52CM(38),16,0,0,0
REBEL MASS EXPORT PVT LTD,AW24D0026-0005427 CRBN BLUE,0005427-96.52CM(38),96.52CM (38),,0005427-96.52CM(38),16,0,0,0
REBEL MASS EXPORT PVT LTD,AW24D0027-0005433 GREY,0005433-96.52CM(38),96.52CM (38),,0005433-96.52CM(38),16,0,0,0
REBEL MASS EXPORT PVT LTD,AW24D0028-0006439 DARK BLUE,0006439-76.20CM(30),76.20CM (30),,0006439-76.20CM(30),16,0,0,0
REBEL MASS EXPORT PVT LTD,AW24FTR0002-0002526 COFFEE,0002526-81.28CM(32),81.28CM (32),,0002526-81.28CM(32),16,0,0,0
REBEL MASS EXPORT PVT LTD,AW24FTR0018-0004964 SKY BLUE,0004964-81.28CM(32),81.28CM (32),,0004964-81.28CM(32),16,0,0,0
REBEL MASS EXPORT PVT LTD,AW24JKT0008-0004277 NAVY,0004277-XL,XL,,0004277-XL,16,0,0,0
REBEL MASS EXPORT PVT LTD,AW24JKT0008-0004279 NAVY,0004279-3XL,3XL,,0004279-3XL,16,0,0,0
REBEL MASS EXPORT PVT LTD,AW24JKT0017-0006611 MEHROON,0006611-XXL,XXL,,0006611-XXL,16,0,0,0
REBEL MASS EXPORT PVT LTD,AW24PO0006-0005325 PEACH,0005325-L,L,,0005325-L,16,0,0,0
REBEL MASS EXPORT PVT LTD,AW24SH0017-0002235 BEIGE,0002235-XL,XL,,0002235-XL,16,0,0,0
REBEL MASS EXPORT PVT LTD,AW24SH0037-0002875 ROYAL GREEN,0002875-L,L,,0002875-L,16,0,0,0
REBEL MASS EXPORT PVT LTD,AW24SH0078-0004063 WHITE,0004063-L,L,,0004063-L,16,0,0,0
REBEL MASS EXPORT PVT LTD,AW24SH0083-0004164 LEMON,0004164-L,L,,0004164-L,16,0,0,0
REBEL MASS EXPORT PVT LTD,AW24SH0085-0004232 OLIVE,0004232-L,L,,0004232-L,16,0,0,0
REBEL MASS EXPORT PVT LTD,AW24SH0085-0007048 CHOCOLATE,0007048-XXL,XXL,,0007048-XXL,16,0,0,0
REBEL MASS EXPORT PVT LTD,AW24SH0085-0007056 CHARCOAL,0007056-XXL,XXL,,0007056-XXL,16,0,0,0
REBEL MASS EXPORT PVT LTD,AW24SH0090-0004589 GOLDEN,0004589-L,L,,0004589-L,16,0,0,0
REBEL MASS EXPORT PVT LTD,AW24SH0090-0004615 PURPLE,0004615-XXL,XXL,,0004615-XXL,16,0,0,0
REBEL MASS EXPORT PVT LTD,AW24SH0111-0005485 NAVY,0005485-L,L,,0005485-L,16,0,0,0
REBEL MASS EXPORT PVT LTD,AW24SH0111-0005486 NAVY,0005486-XL,XL,,0005486-XL,16,0,0,0
REBEL MASS EXPORT PVT LTD,AW24SH0119-0005542 GREEN,0005542-XL,XL,,0005542-XL,16,0,0,0
REBEL MASS EXPORT PVT LTD,AW24SH0120-0005546 RED,0005546-XL,XL,,0005546-XL,16,0,0,0
REBEL MASS EXPORT PVT LTD,AW24SH0148-0005847 BLACK,0005847-XL,XL,,0005847-XL,16,0,0,0
REBEL MASS EXPORT PVT LTD,AW24SH0161-0005978 LEMON,0005978-L,L,,0005978-L,16,0,0,0
REBEL MASS EXPORT PVT LTD,AW24SH0163-0006027 PINK,0006027-XL,XL,,0006027-XL,16,0,0,0
REBEL MASS EXPORT PVT LTD,AW24SH0164-0006048 WHITE,0006048-XXL,XXL,,0006048-XXL,16,0,0,0
REBEL MASS EXPORT PVT LTD,AW24SH0172-0006099 SKY BLUE,0006099-XL,XL,,0006099-XL,16,0,0,0
REBEL MASS EXPORT PVT LTD,AW24SH0173-0006106 GREEN,0006106-L,L,,0006106-L,16,0,0,0
REBEL MASS EXPORT PVT LTD,AW24SH0179-0006191 WINE,0006191-XL,XL,,0006191-XL,16,0,0,0
REBEL MASS EXPORT PVT LTD,AW24SS0015-0005027 SEA BLUE,0005027-L,L,,0005027-L,16,0,0,0
REBEL MASS EXPORT PVT LTD,AW24SS0020-0006315 CREAM,0006315-XL,XL,,0006315-XL,16,0,0,0
REBEL MASS EXPORT PVT LTD,AW24SS0020-0006322 GREEN,0006322-L,L,,0006322-L,16,0,0,0
REBEL MASS EXPORT PVT LTD,AW24SS0020-0006323 GREEN,0006323-XL,XL,,0006323-XL,16,0,0,0
REBEL MASS EXPORT PVT LTD,AW24TK0004-0006499 B.MELANGE,0006499-XXL,XXL,,0006499-XXL,16,0,0,0
REBEL MASS EXPORT PVT LTD,AW24WL0001-0003775 GREY,0003775-XXL,XXL,,0003775-XXL,16,0,0,0
REBEL MASS EXPORT PVT LTD,AW24WL0003-0004127 G.MELANGE,0004127-M,M,,0004127-M,16,0,0,2
REBEL MASS EXPORT PVT LTD,BELT0005-0001849 BROWN,0001849-115CM,115 CM,,0001849-115CM,16,0,0,0
REBEL MASS EXPORT PVT LTD,BELT0005-0001854 DOTTED BLACK,0001854-115CM,115 CM,,0001854-115CM,16,0,0,0
REBEL MASS EXPORT PVT LTD,BELT0008-0001866 BLACK,0001866-110CM,110 CM,,0001866-110CM,16,0,0,0
REBEL MASS EXPORT PVT LTD,BLZ25-0007 BEIGE/MARON,DA0627-106.68CM(42),106.68CM (42),,DA0627-106.68CM(42),16,0,0,0
REBEL MASS EXPORT PVT LTD,BLZ25-0010 GREY,DA0864-96.52CM(38),96.52CM (38),,DA0864-96.52CM(38),16,0,0,0
REBEL MASS EXPORT PVT LTD,BLZ25-0020 CAMEL,DA3323-106.68CM(42),106.68CM (42),,DA3323-106.68CM(42),16,0,0,0
REBEL MASS EXPORT PVT LTD,BLZ25-0020 SKY,DA3327-106.68CM(42),106.68CM (42),,DA3327-106.68CM(42),16,0,0,0
REBEL MASS EXPORT PVT LTD,CRC25-0005 BEIGE,DA0282-86.36CM(34),86.36CM (34),,DA0282-86.36CM(34),16,0,0,0
REBEL MASS EXPORT PVT LTD,CRC25-0006 CREAM,DA0306-86.36CM(34),86.36CM (34),,DA0306-86.36CM(34),16,0,0,0
REBEL MASS EXPORT PVT LTD,CRC25-0006 SKY BLUE,DA0314-81.28CM(32),81.28CM (32),,DA0314-81.28CM(32),16,0,0,0
REBEL MASS EXPORT PVT LTD,CRC25-18-0003 TAN,DA0794-81.28CM(32),81.28CM (32),,DA0794-81.28CM(32),16,0,0,0
REBEL MASS EXPORT PVT LTD,CSH25-0003-0006696 WHT/GREY,0006696-S,S,,0006696-S,16,0,0,0
REBEL MASS EXPORT PVT LTD,CSH25-0004-0006708 YELLOW,0006708-S,S,,0006708-S,16,0,0,0
REBEL MASS EXPORT PVT LTD,CSH25-0004-0006718 OLIVE,0006718-L,L,,0006718-L,16,0,0,0
REBEL MASS EXPORT PVT LTD,CSH25-0004-0006720 GREY,0006720-S,S,,0006720-S,16,0,0,0
REBEL MASS EXPORT PVT LTD,CSH25-0038 BEIGE,DA0492-L,L,,DA0492-L,16,0,0,0
REBEL MASS EXPORT PVT LTD,CSH25-0038 SKY BLUE,DA0504-L,L,,DA0504-L,16,0,0,0
REBEL MASS EXPORT PVT LTD,CSH25-0038 WHITE,DA0488-L,L,,DA0488-L,16,0,0,0
REBEL MASS EXPORT PVT LTD,CSH25-0038 YELLOW,DA0508-L,L,,DA0508-L,16,0,0,0
REBEL MASS EXPORT PVT LTD,CSH25-0040 GREEN,DA0557-XL,XL,,DA0557-XL,16,0,0,0
REBEL MASS EXPORT PVT LTD,CSH25-0040 PINK,DA0553-XL,XL,,DA0553-XL,16,0,0,0
REBEL MASS EXPORT PVT LTD,CSH25-0065 CREAM,DA2396-XL,XL,,DA2396-XL,16,0,0,0
REBEL MASS EXPORT PVT LTD,CSH25-0067 BLACK,DA3066-L,L,,DA3066-L,16,0,0,0
REBEL MASS EXPORT PVT LTD,CSH25-39-0037-0008265 BLUE,0008265-XXL,XXL,,0008265-XXL,16,0,0,0
REBEL MASS EXPORT PVT LTD,CSS25-15-0004-0007188 BLACK,0007188-XXL,XXL,,0007188-XXL,16,0,0,0
REBEL MASS EXPORT PVT LTD,CTR25-0007 B.GREEN,DA0131-86.36CM(34),86.36CM (34),,DA0131-86.36CM(34),16,0,0,0
REBEL MASS EXPORT PVT LTD,CTR25-36-0001-0007433 BEIGE,0007433-76.20CM(30),76.20CM (30),,0007433-76.20CM(30),16,0,0,0
REBEL MASS EXPORT PVT LTD,CTR25-36-0002-0007450 GREY,0007450-86.36CM(34),86.36CM (34),,0007450-86.36CM(34),16,0,0,0
REBEL MASS EXPORT PVT LTD,CTR25-36-0003-0007470 L.BROWN,0007470-86.36CM(34),86.36CM (34),,0007470-86.36CM(34),16,0,0,0
REBEL MASS EXPORT PVT LTD,CTR25-36-0003-0007471 L.BROWN,0007471-91.44CM(36),91.44CM (36),,0007471-91.44CM(36),16,0,0,0
REBEL MASS EXPORT PVT LTD,CWC25-0001 WINE,DA3334-101.6CM(40),101.6CM (40),,DA3334-101.6CM(40),16,0,0,0
REBEL MASS EXPORT PVT LTD,CWC25-15-0001-0007655 GREEN,0007655-106.68CM(42),106.68CM (42),,0007655-106.68CM(42),16,0,0,0
REBEL MASS EXPORT PVT LTD,DNM25-0020 L.BLUE,DA3156-96.52CM(38),96.52CM (38),,DA3156-96.52CM(38),16,0,0,0
REBEL MASS EXPORT PVT LTD,DNM25-34-0001-0007517 BLUE,0007517-86.36CM(34),86.36CM (34),,0007517-86.36CM(34),16,0,0,0
REBEL MASS EXPORT PVT LTD,DNM25-34-0005-0007766 BLUE,0007766-76.20CM(30),76.20CM (30),,0007766-76.20CM(30),16,0,0,0
REBEL MASS EXPORT PVT LTD,DNM25-34-0005-0007767 BLUE,0007767-81.28CM(32),81.28CM (32),,0007767-81.28CM(32),16,0,0,0
REBEL MASS EXPORT PVT LTD,DNM25-34-0008-0007804 GREY,0007804-86.36CM(34),86.36CM (34),,0007804-86.36CM(34),16,0,0,0
REBEL MASS EXPORT PVT LTD,DNM25-34-0012 D.BLUE,DA1276-71.12CM(28),71.12CM (28),,DA1276-71.12CM(28),16,0,0,0
REBEL MASS EXPORT PVT LTD,DNM25-34-0018 INDIGO BLUE,DA1837-76.20CM(30),76.20CM (30),,DA1837-76.20CM(30),16,0,0,0
REBEL MASS EXPORT PVT LTD,FSH25-0003-0006957 PURPLE,0006957-M,M,,0006957-M,16,0,0,0
REBEL MASS EXPORT PVT LTD,FSH25-0023 BLUE,DA0532-L,L,,DA0532-L,16,0,0,0
REBEL MASS EXPORT PVT LTD,FSH25-0036 BEIGE,DA1723-L,L,,DA1723-L,16,0,0,0
REBEL MASS EXPORT PVT LTD,FSH25-0038 L.PINK,DA1767-L,L,,DA1767-L,16,0,0,0
REBEL MASS EXPORT PVT LTD,FSH25-0040 L.BLUE,DA1780-XL,XL,,DA1780-XL,16,0,0,0
REBEL MASS EXPORT PVT LTD,FSH25-0043 NAVY,DA1824-XL,XL,,DA1824-XL,16,0,0,0
REBEL MASS EXPORT PVT LTD,FSH25-39-0008-0007902 GREY,0007902-L,L,,0007902-L,16,0,0,0
REBEL MASS EXPORT PVT LTD,FSH25-39-0010-0007923 MUSTARD,0007923-XL,XL,,0007923-XL,16,0,0,0
REBEL MASS EXPORT PVT LTD,FSH25-39-0015-0007963 MAHROON,0007963-XL,XL,,0007963-XL,16,0,0,0
REBEL MASS EXPORT PVT LTD,FSH25-39-0021-0008006 STEAL GREY,0008006-L,L,,0008006-L,16,0,0,0
REBEL MASS EXPORT PVT LTD,FSH25-39-0021-0008011 RED,0008011-XL,XL,,0008011-XL,16,0,0,0
REBEL MASS EXPORT PVT LTD,JKT25-0001 BLACK,DA0779-M,M,,DA0779-M,16,0,0,0
REBEL MASS EXPORT PVT LTD,JKT25-0001 GREEN,DA0771-M,M,,DA0771-M,16,0,0,0
REBEL MASS EXPORT PVT LTD,MCTRZ0002-0000990 TEAL,0000990-34,34,,0000990-34,16,0,0,0
REBEL MASS EXPORT PVT LTD,MFSHT0001-0000532 NAVY,0000532-XL,XL,,0000532-XL,16,0,0,0
REBEL MASS EXPORT PVT LTD,MJKTF0008-0006782 TEAL,0006782-L,L,,0006782-L,16,0,0,0
REBEL MASS EXPORT PVT LTD,MJKTS0001-0001451 BLACK,0001451-L,L,,0001451-L,16,0,0,0
REBEL MASS EXPORT PVT LTD,SHORT25-0002 MAROON,DA1931-XL,XL,,DA1931-XL,16,0,0,0
REBEL MASS EXPORT PVT LTD,TS25-0025 BOTTLE GREEN,DA1684-XL,XL,,DA1684-XL,16,0,0,0
REBEL MASS EXPORT PVT LTD,CSH25-0086 PINK,DA2649-L,L,,DA2649-L,15,0,0,0
REBEL MASS EXPORT PVT LTD,CSH25-0103 NAVY,DA2736-XXL,XXL,,DA2736-XXL,15,0,0,0
REBEL MASS EXPORT PVT LTD,CSH25-0107 B.GREEN,DA3192-XXXL,XXXL,,DA3192-XXXL,15,0,0,0
REBEL MASS EXPORT PVT LTD,CSH25-0107 BEIGE,DA3275-XXL,XXL,,DA3275-XXL,15,0,0,0
REBEL MASS EXPORT PVT LTD,CSH25-0107 P.GREEN,DA3236-M,M,,DA3236-M,15,0,0,0
REBEL MASS EXPORT PVT LTD,CSH25-0108 NAVY,DA3280-XXL,XXL,,DA3280-XXL,15,0,0,0
REBEL MASS EXPORT PVT LTD,CSS26-0001 GREY,DA3911-L,L,,DA3911-L,15,0,0,0
REBEL MASS EXPORT PVT LTD,DNM26-0009 L.BLUE,BM0127-71.12CM(28),71.12CM (28),,BM0127-71.12CM(28),15,0,0,0
REBEL MASS EXPORT PVT LTD,FSH25-0062 BEIGE,DA2291-M,M,,DA2291-M,15,0,0,0
REBEL MASS EXPORT PVT LTD,FSH25-0062 GREY,DA2310-L,L,,DA2310-L,15,0,0,0
REBEL MASS EXPORT PVT LTD,FSH25-0067 WHITE,DA2863-XL,XL,,DA2863-XL,15,0,0,0
REBEL MASS EXPORT PVT LTD,FSH25-0068B BLACK,DA2974-XXXL,XXXL,,DA2974-XXXL,15,0,0,0
REBEL MASS EXPORT PVT LTD,FSH25-0069 BEIGE,DA2976-XXXL,XXXL,,DA2976-XXXL,15,0,0,0
REBEL MASS EXPORT PVT LTD,FSH25-0069 L.GREEN,DA2999-XXXL,XXXL,,DA2999-XXXL,15,0,0,0
REBEL MASS EXPORT PVT LTD,FSH25-0069 L.ORANGE,DA2968-XXL,XXL,,DA2968-XXL,15,0,0,0
REBEL MASS EXPORT PVT LTD,FSH25-0069 SEA GREEN,DA2982-XXXL,XXXL,,DA2982-XXXL,15,0,0,0
REBEL MASS EXPORT PVT LTD,FSH25-0069 TURQ,DA2991-XXXL,XXXL,,DA2991-XXXL,15,0,0,0
REBEL MASS EXPORT PVT LTD,FSH25-0069 WHT/BLUE,DA2993-XXXL,XXXL,,DA2993-XXXL,15,0,0,0
REBEL MASS EXPORT PVT LTD,FSH25-0071 NAVY,DA3464-L,L,,DA3464-L,15,0,0,0
REBEL MASS EXPORT PVT LTD,FSH25-0071 NAVY,DA3465-XL,XL,,DA3465-XL,15,0,0,0
REBEL MASS EXPORT PVT LTD,FSH25-0072 BLACK,DA3492-L,L,,DA3492-L,15,0,0,0
REBEL MASS EXPORT PVT LTD,FSH25-0072 SKY,DA3477-XL,XL,,DA3477-XL,15,0,0,0
REBEL MASS EXPORT PVT LTD,SHORT-0003 S.BLUE PRINT,DA2368-L,L,,DA2368-L,15,0,0,0
REBEL MASS EXPORT PVT LTD,TS25-0049 NAVY,DA2200-M,M,,DA2200-M,15,0,0,0
REBEL MASS EXPORT PVT LTD,TS25-0052 SKY BLUE,DA2221-L,L,,DA2221-L,15,0,0,0
REBEL MASS EXPORT PVT LTD,2PC25-0019 WINE,DA1852-106.68CM(42),106.68CM (42),,DA1852-106.68CM(42),15,0,0,0
REBEL MASS EXPORT PVT LTD,AW24BL0004-0003603 BLACK,0003603-111.76CM(44),111.76CM (44),,0003603-111.76CM(44),15,0,0,0
REBEL MASS EXPORT PVT LTD,AW24BL0013-0004415 WINE,0004415-101.6CM(40),101.6CM (40),,0004415-101.6CM(40),15,0,0,0
REBEL MASS EXPORT PVT LTD,AW24CTR0001-0002830 FAWN,0002830-81.28CM(32),81.28CM (32),,0002830-81.28CM(32),15,0,0,0
REBEL MASS EXPORT PVT LTD,AW24CTR0003-0004829 TEAL,0004829-81.28CM(32),81.28CM (32),,0004829-81.28CM(32),15,0,0,0
REBEL MASS EXPORT PVT LTD,AW24CTR0006-0006546 NAVY,0006546-76.20CM(30),76.20CM (30),,0006546-76.20CM(30),15,0,0,0
REBEL MASS EXPORT PVT LTD,AW24CTR0007-0006563 LEMON,0006563-86.36CM(34),86.36CM (34),,0006563-86.36CM(34),15,0,0,0
REBEL MASS EXPORT PVT LTD,AW24CTR0007-0006582 MUSTARD,0006582-81.28CM(32),81.28CM (32),,0006582-81.28CM(32),15,0,0,0
REBEL MASS EXPORT PVT LTD,AW24D0001-0002395 BATA WASH,0002395-76.20CM(30),76.20CM (30),,0002395-76.20CM(30),15,0,0,0
REBEL MASS EXPORT PVT LTD,AW24D0011-0003874 B.T.WASH.,0003874-71.12CM(28),71.12CM (28),,0003874-71.12CM(28),15,0,0,0
REBEL MASS EXPORT PVT LTD,AW24D0011-0003894 C.BLUE,0003894-81.28CM(32),81.28CM (32),,0003894-81.28CM(32),15,0,0,0
REBEL MASS EXPORT PVT LTD,AW24D0018-0004394 BLUE,0004394-81.28CM(32),81.28CM (32),,0004394-81.28CM(32),15,0,0,0
REBEL MASS EXPORT PVT LTD,AW24D0018-0004395 BLUE,0004395-86.36CM(34),86.36CM (34),,0004395-86.36CM(34),15,0,0,0
REBEL MASS EXPORT PVT LTD,AW24D0028-0006432 TINT BLUE,0006432-71.12CM(28),71.12CM (28),,0006432-71.12CM(28),15,0,0,0
REBEL MASS EXPORT PVT LTD,AW24D0029-0006463 DARK BLUE,0006463-76.20CM(30),76.20CM (30),,0006463-76.20CM(30),15,0,0,0
REBEL MASS EXPORT PVT LTD,AW24D0029-0006464 DARK BLUE,0006464-81.28CM(32),81.28CM (32),,0006464-81.28CM(32),15,0,0,0
REBEL MASS EXPORT PVT LTD,AW24JKT0010-0002822 L.GREY,0002822-XL,XL,,0002822-XL,15,0,0,0
REBEL MASS EXPORT PVT LTD,AW24PO0005-0004726 PEACH,0004726-XL,XL,,0004726-XL,15,0,0,0
REBEL MASS EXPORT PVT LTD,AW24PO0005-0005248 KHAKI,0005248-L,L,,0005248-L,15,0,0,0
REBEL MASS EXPORT PVT LTD,AW24PO0006-0004728 PINK,0004728-M,M,,0004728-M,15,0,0,0
REBEL MASS EXPORT PVT LTD,AW24PO0006-0005260 STEAL GREY,0005260-L,L,,0005260-L,15,0,0,0
REBEL MASS EXPORT PVT LTD,AW24PO0007-0005601 KHAKI,0005601-XL,XL,,0005601-XL,15,0,0,0
REBEL MASS EXPORT PVT LTD,AW24SH0034-0002717 BEIGE,0002717-XL,XL,,0002717-XL,15,0,0,0
REBEL MASS EXPORT PVT LTD,AW24SH0037-0002912 GOLDEN,0002912-XL,XL,,0002912-XL,15,0,0,0
REBEL MASS EXPORT PVT LTD,AW24SH0062-0003908 S.BLUE,0003908-XL,XL,,0003908-XL,15,0,0,0
REBEL MASS EXPORT PVT LTD,AW24SH0083-0004188 SEA GREEN,0004188-L,L,,0004188-L,15,0,0,0
REBEL MASS EXPORT PVT LTD,AW24SH0083-0004189 SEA GREEN,0004189-XL,XL,,0004189-XL,15,0,0,0
REBEL MASS EXPORT PVT LTD,AW24SH0084-0004212 PISTA,0004212-L,L,,0004212-L,15,0,0,0
REBEL MASS EXPORT PVT LTD,AW24SH0085-0004228 KHAKI,0004228-L,L,,0004228-L,15,0,0,0
REBEL MASS EXPORT PVT LTD,AW24SH0085-0004236 BROWN,0004236-L,L,,0004236-L,15,0,0,0
REBEL MASS EXPORT PVT LTD,AW24SH0088-0004526 L..YELLOW,0004526-XL,XL,,0004526-XL,15,0,0,0
REBEL MASS EXPORT PVT LTD,AW24SH0088-0004533 LEMON,0004533-L,L,,0004533-L,15,0,0,0
REBEL MASS EXPORT PVT LTD,AW24SH0089-0004558 YELLOW,0004558-XL,XL,,0004558-XL,15,0,0,0
REBEL MASS EXPORT PVT LTD,AW24SH0100-0004912 GREY,0004912-M,M,,0004912-M,15,0,0,0
REBEL MASS EXPORT PVT LTD,AW24SH0112-0005490 KHAKI,0005490-XL,XL,,0005490-XL,15,0,0,0
REBEL MASS EXPORT PVT LTD,AW24SH0114-0005498 MUSTARD,0005498-XL,XL,,0005498-XL,15,0,0,0
REBEL MASS EXPORT PVT LTD,AW24SH0117-0005525 FIROZI,0005525-L,L,,0005525-L,15,0,0,0
REBEL MASS EXPORT PVT LTD,AW24SH0120-0005545 RED,0005545-L,L,,0005545-L,15,0,0,0
REBEL MASS EXPORT PVT LTD,AW24SH0122-0005625 SKY BLUE,0005625-XL,XL,,0005625-XL,15,0,0,0
REBEL MASS EXPORT PVT LTD,AW24SH0123-0005628 SKY BLUE,0005628-L,L,,0005628-L,15,0,0,0
REBEL MASS EXPORT PVT LTD,AW24SH0125-0005637 SKY BLUE,0005637-XL,XL,,0005637-XL,15,0,0,0
REBEL MASS EXPORT PVT LTD,AW24SH0130-0005658 WHITE,0005658-XXL,XXL,,0005658-XXL,15,0,0,0
REBEL MASS EXPORT PVT LTD,AW24SH0138-0005688 WHITE,0005688-L,L,,0005688-L,15,0,0,0
REBEL MASS EXPORT PVT LTD,AW24SH0147-0005819 MAHROON,0005819-XL,XL,,0005819-XL,15,0,0,0
REBEL MASS EXPORT PVT LTD,AW24SH0151-0005862 RED,0005862-L,L,,0005862-L,15,0,0,0
REBEL MASS EXPORT PVT LTD,AW24SH0152-0005871 D.SEA GREEN,0005871-XL,XL,,0005871-XL,15,0,0,0
REBEL MASS EXPORT PVT LTD,AW24SH0161-0005979 LEMON,0005979-XL,XL,,0005979-XL,15,0,0,0
REBEL MASS EXPORT PVT LTD,AW24SH0161-0005987 PEACH,0005987-XL,XL,,0005987-XL,15,0,0,0
REBEL MASS EXPORT PVT LTD,AW24SH0166-0006056 WHITE,0006056-XXL,XXL,,0006056-XXL,15,0,0,0
REBEL MASS EXPORT PVT LTD,AW24SH0167-0006060 WHITE,0006060-XXL,XXL,,0006060-XXL,15,0,0,0
REBEL MASS EXPORT PVT LTD,AW24SH0171-0006076 WHITE,0006076-XXL,XXL,,0006076-XXL,15,0,0,0
REBEL MASS EXPORT PVT LTD,AW24SH0173-0006103 BROWN,0006103-XL,XL,,0006103-XL,15,0,0,0
REBEL MASS EXPORT PVT LTD,AW24SH0173-0006107 GREEN,0006107-XL,XL,,0006107-XL,15,0,0,0
REBEL MASS EXPORT PVT LTD,AW24SH0174-0006110 T.BLUE,0006110-L,L,,0006110-L,15,0,0,0
REBEL MASS EXPORT PVT LTD,AW24SH0175-0006119 LEMON,0006119-XL,XL,,0006119-XL,15,0,0,0
REBEL MASS EXPORT PVT LTD,AW24SH0178-0006166 PEACH,0006166-L,L,,0006166-L,15,0,0,0
REBEL MASS EXPORT PVT LTD,AW24SH0179-0006175 T.GREEN,0006175-XL,XL,,0006175-XL,15,0,0,0
REBEL MASS EXPORT PVT LTD,AW24SH0179-0006183 MAHROON,0006183-XL,XL,,0006183-XL,15,0,0,0
REBEL MASS EXPORT PVT LTD,AW24SH0181-0006216 GREEN,0006216-XXL,XXL,,0006216-XXL,15,0,0,0
REBEL MASS EXPORT PVT LTD,AW24SS0009-0003813 BLACK,0003813-L,L,,0003813-L,15,0,0,0
REBEL MASS EXPORT PVT LTD,AW24SS0013-0004143 BLACK,0004143-M,M,,0004143-M,15,0,0,0
REBEL MASS EXPORT PVT LTD,AW24SS0022-0006407 RED,0006407-L,L,,0006407-L,15,0,0,0
REBEL MASS EXPORT PVT LTD,AW24TS0003-0006399 GREY,0006399-XL,XL,,0006399-XL,15,0,0,0
REBEL MASS EXPORT PVT LTD,AW24WL0002-0003794 BLACK,0003794-XL,XL,,0003794-XL,15,0,0,1
REBEL MASS EXPORT PVT LTD,BELT0009-0001874 BLACK,0001874-110CM,110 CM,,0001874-110CM,15,0,0,0
REBEL MASS EXPORT PVT LTD,BELT25-18-0001-0008038 BROWN,0008038-115CM,115 CM,,0008038-115CM,15,0,0,0
REBEL MASS EXPORT PVT LTD,BLZ25-0013 BEIGE,DA1385-106.68CM(42),106.68CM (42),,DA1385-106.68CM(42),15,0,0,0
REBEL MASS EXPORT PVT LTD,CRC25-0006 CREAM,DA0305-81.28CM(32),81.28CM (32),,DA0305-81.28CM(32),15,0,0,0
REBEL MASS EXPORT PVT LTD,CRC25-0010 GREY,DA2519-86.36CM(34),86.36CM (34),,DA2519-86.36CM(34),15,0,0,0
REBEL MASS EXPORT PVT LTD,CSH25-0002-0006656 WHT/YELLOW,0006656-S,S,,0006656-S,15,0,0,0
REBEL MASS EXPORT PVT LTD,CSH25-0003-0006694 WHT/YELLOW,0006694-L,L,,0006694-L,15,0,0,0
REBEL MASS EXPORT PVT LTD,CSH25-0003-0006697 WHT/GREY,0006697-M,M,,0006697-M,15,0,0,0
REBEL MASS EXPORT PVT LTD,CSH25-0004-0006703 SKY BLUE,0006703-XL,XL,,0006703-XL,15,0,0,0
REBEL MASS EXPORT PVT LTD,CSH25-0004-0006712 SEA GREEN,0006712-S,S,,0006712-S,15,0,0,0
REBEL MASS EXPORT PVT LTD,CSH25-0007-0006874 SEA GREEN,0006874-L,L,,0006874-L,15,0,0,0
REBEL MASS EXPORT PVT LTD,CSH25-39-0013-0007094 WHITE,0007094-L,L,,0007094-L,15,0,0,0
REBEL MASS EXPORT PVT LTD,CSH25-39-0013-0007095 WHITE,0007095-XL,XL,,0007095-XL,15,0,0,0
REBEL MASS EXPORT PVT LTD,CSH25-39-0020-0008178 BLUE,0008178-M,M,,0008178-M,15,0,0,0
REBEL MASS EXPORT PVT LTD,CSH25-39-0029-0008215 NAVY,0008215-L,L,,0008215-L,15,0,0,0
REBEL MASS EXPORT PVT LTD,CSH25-39-0037-0008262 BLUE,0008262-M,M,,0008262-M,15,0,0,0
REBEL MASS EXPORT PVT LTD,CTK25-15-0002-0007211 NAVY,0007211-XL,XL,,0007211-XL,15,0,0,0
REBEL MASS EXPORT PVT LTD,CTR25-0007 OLIVE,DA0115-76.20CM(30),76.20CM (30),,DA0115-76.20CM(30),15,0,0,0
REBEL MASS EXPORT PVT LTD,CTR25-36-0001-0007437 BEIGE,0007437-96.52CM(38),96.52CM (38),,0007437-96.52CM(38),15,0,0,0
REBEL MASS EXPORT PVT LTD,CWC25-15-0001-0007654 GREEN,0007654-101.6CM(40),101.6CM (40),,0007654-101.6CM(40),15,0,0,0
REBEL MASS EXPORT PVT LTD,CWC25-32-0004 WHITE,DA1570-96.52CM(38),96.52CM (38),,DA1570-96.52CM(38),15,0,0,0
REBEL MASS EXPORT PVT LTD,DNM25-34-0001-0007511 L.BLUE,0007511-86.36CM(34),86.36CM (34),,0007511-86.36CM(34),15,0,0,0
REBEL MASS EXPORT PVT LTD,DNM25-34-0001-0007516 BLUE,0007516-81.28CM(32),81.28CM (32),,0007516-81.28CM(32),15,0,0,0
REBEL MASS EXPORT PVT LTD,DNM25-34-0002-0007521 BLUE,0007521-76.20CM(30),76.20CM (30),,0007521-76.20CM(30),15,0,0,0
REBEL MASS EXPORT PVT LTD,DNM25-34-0008-0007805 GREY,0007805-91.44CM(36),91.44CM (36),,0007805-91.44CM(36),15,0,0,0
REBEL MASS EXPORT PVT LTD,DNM25-34-0012 L.BLUE,DA1282-71.12CM(28),71.12CM (28),,DA1282-71.12CM(28),15,0,0,0
REBEL MASS EXPORT PVT LTD,DNM25-34-0015 DARK GREY,DA1325-71.12CM(28),71.12CM (28),,DA1325-71.12CM(28),15,0,0,0
REBEL MASS EXPORT PVT LTD,FSH25-0004-0006969 PINK,0006969-M,M,,0006969-M,15,0,0,0
REBEL MASS EXPORT PVT LTD,FSH25-0005-0006985 GREEN,0006985-M,M,,0006985-M,15,0,0,0
REBEL MASS EXPORT PVT LTD,FSH25-0006-0007025 GREY,0007025-M,M,,0007025-M,15,0,0,0
REBEL MASS EXPORT PVT LTD,FSH25-0038 L.GREY,DA1763-L,L,,DA1763-L,15,0,0,0
REBEL MASS EXPORT PVT LTD,FSH25-0040 PINK,DA1796-XL,XL,,DA1796-XL,15,0,0,0
REBEL MASS EXPORT PVT LTD,FSH25-0043 NAVY,DA1823-L,L,,DA1823-L,15,0,0,0
REBEL MASS EXPORT PVT LTD,FSH25-39-0016-0007966 BLUE,0007966-L,L,,0007966-L,15,0,0,0
REBEL MASS EXPORT PVT LTD,FSH25-39-0017-0007973 GREEN,0007973-M,M,,0007973-M,15,0,0,0
REBEL MASS EXPORT PVT LTD,FSH25-39-0017-0007976 GREEN,0007976-XXL,XXL,,0007976-XXL,15,0,0,0
REBEL MASS EXPORT PVT LTD,FSH25-39-0019-0007995 D.BROWN,0007995-XL,XL,,0007995-XL,15,0,0,0
REBEL MASS EXPORT PVT LTD,FTR25-0004-0006757 SKY BLUE,0006757-86.36CM(34),86.36CM (34),,0006757-86.36CM(34),15,0,0,0
REBEL MASS EXPORT PVT LTD,FTR25-18-0022-0007344 BLACK,0007344-81.28CM(32),81.28CM (32),,0007344-81.28CM(32),15,0,0,0
REBEL MASS EXPORT PVT LTD,FTR25-18-0025-0007380 D.NAVY,0007380-81.28CM(32),81.28CM (32),,0007380-81.28CM(32),15,0,0,0
REBEL MASS EXPORT PVT LTD,FTR25-18-0038-0007879 BLUE,0007879-81.28CM(32),81.28CM (32),,0007879-81.28CM(32),15,0,0,0
REBEL MASS EXPORT PVT LTD,MBDNM0003-0000484 CARBON BLUE,0000484-32,32,,0000484-32,15,0,0,0
REBEL MASS EXPORT PVT LTD,MBDNM0032-0001801 ICE BLUE,0001801-71.12CM(28),71.12CM (28),,0001801-71.12CM(28),15,0,0,0
REBEL MASS EXPORT PVT LTD,TS25-0005 BROWN,DA0878-L,L,,DA0878-L,15,0,0,0
REBEL MASS EXPORT PVT LTD,TS25-0012 WHITE,DA1176-M,M,,DA1176-M,15,0,0,0
REBEL MASS EXPORT PVT LTD,TS25-0023 TEAL,DA1670-M,M,,DA1670-M,15,0,0,0
REBEL MASS EXPORT PVT LTD,TS25-0026 CHARCOAL,DA1688-XL,XL,,DA1688-XL,15,0,0,0
REBEL MASS EXPORT PVT LTD,TS25-0027 NAVY,DA1694-M,M,,DA1694-M,15,0,0,0
REBEL MASS EXPORT PVT LTD,TS25-0031 BLUE,DA1711-L,L,,DA1711-L,15,0,0,0
REBEL MASS EXPORT PVT LTD,CSH25-0062 ORANGE/WHT,DA2248-M,M,,DA2248-M,14,0,0,0
REBEL MASS EXPORT PVT LTD,CSH25-0064 PISTA,DA2257-L,L,,DA2257-L,14,0,0,0
REBEL MASS EXPORT PVT LTD,CSH25-0064 PISTA,DA2259-XXL,XXL,,DA2259-XXL,14,0,0,0
REBEL MASS EXPORT PVT LTD,CSH25-0076 PINK/BLU,DA2602-XXXL,XXXL,,DA2602-XXXL,14,0,0,0
REBEL MASS EXPORT PVT LTD,CSH25-0077 NAVY,DA2603-M,M,,DA2603-M,14,0,0,0
REBEL MASS EXPORT PVT LTD,CSH25-0080 CREAM/BEIGE,DA2622-XXXL,XXXL,,DA2622-XXXL,14,0,0,0
REBEL MASS EXPORT PVT LTD,CSH25-0085 RUST,DA2646-XXL,XXL,,DA2646-XXL,14,0,0,0
REBEL MASS EXPORT PVT LTD,CSH25-0096 MEHANDI,DA2699-L,L,,DA2699-L,14,0,0,0
REBEL MASS EXPORT PVT LTD,CSH25-0097 SKY,DA2706-XXL,XXL,,DA2706-XXL,14,0,0,0
REBEL MASS EXPORT PVT LTD,CSH25-0106 BLUE,DA2749-L,L,,DA2749-L,14,0,0,0
REBEL MASS EXPORT PVT LTD,CSH25-0107 B.GREEN,DA3188-M,M,,DA3188-M,14,0,0,0
REBEL MASS EXPORT PVT LTD,CSH25-0107 BLACK,DA3243-L,L,,DA3243-L,14,0,0,0
REBEL MASS EXPORT PVT LTD,CSH25-0107 BROWN,DA3182-M,M,,DA3182-M,14,0,0,0
REBEL MASS EXPORT PVT LTD,FSH25-0062 BEIGE,DA2294-XXL,XXL,,DA2294-XXL,14,0,0,0
REBEL MASS EXPORT PVT LTD,FSH25-0062 GREY,DA2311-XL,XL,,DA2311-XL,14,0,0,0
REBEL MASS EXPORT PVT LTD,FSH25-0067 WHITE,DA2862-L,L,,DA2862-L,14,0,0,0
REBEL MASS EXPORT PVT LTD,FSH25-0069 GREY/BLK,DA3005-S,S,,DA3005-S,14,0,0,0
REBEL MASS EXPORT PVT LTD,FSH25-0069 L.GREY,DA2988-XXXL,XXXL,,DA2988-XXXL,14,0,0,0
REBEL MASS EXPORT PVT LTD,FSH25-0069 ORANGE,DA2915-XL,XL,,DA2915-XL,14,0,0,0
REBEL MASS EXPORT PVT LTD,SHORT25-0004 T BLUE,DA3036-86.36CM(34),86.36CM (34),,DA3036-86.36CM(34),14,0,0,0
REBEL MASS EXPORT PVT LTD,TS25-0037 NAVY,DA1973-L,L,,DA1973-L,14,0,0,0
REBEL MASS EXPORT PVT LTD,TS25-0039 GREY,DA1982-M,M,,DA1982-M,14,0,0,0
REBEL MASS EXPORT PVT LTD,TS25-0039 GREY,DA1984-XL,XL,,DA1984-XL,14,0,0,0
REBEL MASS EXPORT PVT LTD,TS25-0047 BLACK,DA2154-XXL,XXL,,DA2154-XXL,14,0,0,0
REBEL MASS EXPORT PVT LTD,AW24BL0008-0003704 BROWN,0003704-96.52CM(38),96.52CM (38),,0003704-96.52CM(38),14,0,0,0
REBEL MASS EXPORT PVT LTD,AW24BL0009-0004092 MAHROON,0004092-106.68CM(42),106.68CM (42),,0004092-106.68CM(42),14,0,0,0
REBEL MASS EXPORT PVT LTD,AW24CR0002A-0004296 TINT BLUE,0004296-76.2CM(30),76.2CM (30),,0004296-76.2CM(30),14,0,0,0
REBEL MASS EXPORT PVT LTD,AW24CR0002A-0004299 TINT BLUE,0004299-91.44CM(36),91.44CM (36),,0004299-91.44CM(36),14,0,0,0
REBEL MASS EXPORT PVT LTD,AW24CR0003-0003500 BLUE TOWEL,0003500-76.2CM(30),76.2CM (30),,0003500-76.2CM(30),14,0,0,0
REBEL MASS EXPORT PVT LTD,AW24CT0001-0004995 GREEN,0004995-101.6CM(40),101.6CM (40),,0004995-101.6CM(40),14,0,0,0
REBEL MASS EXPORT PVT LTD,AW24CT0001-0004996 GREEN,0004996-106.68CM.(42),106.68CM. (42),,0004996-106.68CM.(42),14,0,0,0
REBEL MASS EXPORT PVT LTD,AW24CTR0003-0004853 BEIGE,0004853-81.28CM(32),81.28CM (32),,0004853-81.28CM(32),14,0,0,0
REBEL MASS EXPORT PVT LTD,AW24CTR0004-0005729 GREEN,0005729-86.36CM(34),86.36CM (34),,0005729-86.36CM(34),14,0,0,0
REBEL MASS EXPORT PVT LTD,AW24CTR0006-0006537 PISTA,0006537-81.28CM(32),81.28CM (32),,0006537-81.28CM(32),14,0,0,0
REBEL MASS EXPORT PVT LTD,AW24CTR0007-0006573 GREEN,0006573-86.36CM(34),86.36CM (34),,0006573-86.36CM(34),14,0,0,0
REBEL MASS EXPORT PVT LTD,AW24CTR0007-0006583 MUSTARD,0006583-86.36CM(34),86.36CM (34),,0006583-86.36CM(34),14,0,0,0
REBEL MASS EXPORT PVT LTD,AW24D0001-0002398 BATA WASH,0002398-91.44CM(36),91.44CM (36),,0002398-91.44CM(36),14,0,0,0
REBEL MASS EXPORT PVT LTD,AW24D0006-0003519 INDIGO BLUE,0003519-81.28CM(32),81.28CM (32),,0003519-81.28CM(32),14,0,0,0
REBEL MASS EXPORT PVT LTD,AW24D0008-0003533 BLACK,0003533-91.44CM(36),91.44CM(36),,0003533-91.44CM(36),14,0,0,0
REBEL MASS EXPORT PVT LTD,AW24D0009A-0004260 DIRTY EARTH,0004260-86.36CM(34),86.36CM (34),,0004260-86.36CM(34),14,0,0,0
REBEL MASS EXPORT PVT LTD,AW24D0011-0003875 B.T.WASH.,0003875-76.2CM(30),76.2CM (30),,0003875-76.2CM(30),14,0,0,0
REBEL MASS EXPORT PVT LTD,AW24D0011-0004346 BLUE,0004346-81.28CM(32),81.28CM (32),,0004346-81.28CM(32),14,0,0,0
REBEL MASS EXPORT PVT LTD,AW24D0014-0004370 BLUE,0004370-81.28CM(32),81.28CM (32),,0004370-81.28CM(32),14,0,0,0
REBEL MASS EXPORT PVT LTD,AW24D0015-0004374 M.BLUE.,0004374-71.12CM(28),71.12CM (28),,0004374-71.12CM(28),14,0,0,0
REBEL MASS EXPORT PVT LTD,AW24D0019-0004403 D.BLUE.,0004403-96.52CM(38),96.52CM (38),,0004403-96.52CM(38),14,0,0,0
REBEL MASS EXPORT PVT LTD,AW24D0021-0006479 BLUE.A,0006479-96.52CM(38),96.52CM (38),,0006479-96.52CM(38),14,0,0,0
REBEL MASS EXPORT PVT LTD,AW24D0021-0006488 L.BLUE,0006488-81.28CM(32),81.28CM (32),,0006488-81.28CM(32),14,0,0,0
REBEL MASS EXPORT PVT LTD,AW24D0028-0006436 TINT BLUE,0006436-91.44CM(36),91.44CM (36),,0006436-91.44CM(36),14,0,0,0
REBEL MASS EXPORT PVT LTD,AW24D0028-0006455 L.BLUE,0006455-96.52CM(38),96.52CM (38),,0006455-96.52CM(38),14,0,0,0
REBEL MASS EXPORT PVT LTD,AW24D0029-0006458 BLUE,0006458-81.28CM(32),81.28CM (32),,0006458-81.28CM(32),14,0,0,0
REBEL MASS EXPORT PVT LTD,AW24D0029-0006459 BLUE,0006459-86.36CM(34),86.36CM (34),,0006459-86.36CM(34),14,0,0,0
REBEL MASS EXPORT PVT LTD,AW24FTR0001-0002512 BROWN,0002512-81.28CM(32),81.28CM (32),,0002512-81.28CM(32),14,0,0,0
REBEL MASS EXPORT PVT LTD,AW24FTR0040-0006588 D.NAVY,0006588-81.28CM(32),81.28CM (32),,0006588-81.28CM(32),14,0,0,0
REBEL MASS EXPORT PVT LTD,AW24JKT0004-0002283 SKY BLUE,0002283-XL,XL,,0002283-XL,14,0,0,0
REBEL MASS EXPORT PVT LTD,AW24LC0001-0002787 NAVY,0002787-96.52CM(38),96.52CM (38),,0002787-96.52CM(38),14,0,0,0
REBEL MASS EXPORT PVT LTD,AW24LC0001-0002794 TAN,0002794-101.6CM(40),101.6CM (40),,0002794-101.6CM(40),14,0,0,0
REBEL MASS EXPORT PVT LTD,AW24PO0005-0004720 YELLOW,0004720-M,M,,0004720-M,14,0,0,0
REBEL MASS EXPORT PVT LTD,AW24PO0005-0005249 KHAKI,0005249-XL,XL,,0005249-XL,14,0,0,0
REBEL MASS EXPORT PVT LTD,AW24PO0005-0005320 PINK,0005320-XL,XL,,0005320-XL,14,0,0,0
REBEL MASS EXPORT PVT LTD,AW24PO0006-0005324 PEACH,0005324-M,M,,0005324-M,14,0,0,0
REBEL MASS EXPORT PVT LTD,AW24PO0006-0005565 CREAM,0005565-XL,XL,,0005565-XL,14,0,0,0
REBEL MASS EXPORT PVT LTD,AW24PO0006-0005571 KHAKI,0005571-XL,XL,,0005571-XL,14,0,0,0
REBEL MASS EXPORT PVT LTD,AW24PO0008-0005611 KHAKI,0005611-M,M,,0005611-M,14,0,0,0
REBEL MASS EXPORT PVT LTD,AW24PO0008-0005612 KHAKI,0005612-L,L,,0005612-L,14,0,0,0
REBEL MASS EXPORT PVT LTD,AW24SH0047-0003249 BEIGE,0003249-L,L,,0003249-L,14,0,0,0
REBEL MASS EXPORT PVT LTD,AW24SH0077-0004059 WHITE,0004059-L,L,,0004059-L,14,0,0,0
REBEL MASS EXPORT PVT LTD,AW24SH0084-0004201 L.BLUE,0004201-XL,XL,,0004201-XL,14,0,0,0
REBEL MASS EXPORT PVT LTD,AW24SH0085-0007052 DUSTY,0007052-XXL,XXL,,0007052-XXL,14,0,0,0
REBEL MASS EXPORT PVT LTD,AW24SH0088-0004530 PEACH,0004530-XL,XL,,0004530-XL,14,0,0,0
REBEL MASS EXPORT PVT LTD,AW24SH0089-0004557 YELLOW,0004557-L,L,,0004557-L,14,0,0,0
REBEL MASS EXPORT PVT LTD,AW24SH0090-0004585 BEIGE,0004585-L,L,,0004585-L,14,0,0,0
REBEL MASS EXPORT PVT LTD,AW24SH0100-0004916 BLACK,0004916-M,M,,0004916-M,14,0,0,0
REBEL MASS EXPORT PVT LTD,AW24SH0119-0005541 GREEN,0005541-L,L,,0005541-L,14,0,0,0
REBEL MASS EXPORT PVT LTD,AW24SH0122-0005624 SKY BLUE,0005624-L,L,,0005624-L,14,0,0,0
REBEL MASS EXPORT PVT LTD,AW24SH0123-0005629 SKY BLUE,0005629-XL,XL,,0005629-XL,14,0,0,0
REBEL MASS EXPORT PVT LTD,AW24SH0130-0005655 WHITE,0005655-M,M,,0005655-M,14,0,0,0
REBEL MASS EXPORT PVT LTD,AW24SH0135-0005675 WHITE,0005675-M,M,,0005675-M,14,0,0,0
REBEL MASS EXPORT PVT LTD,AW24SH0135-0005678 WHITE,0005678-XXL,XXL,,0005678-XXL,14,0,0,0
REBEL MASS EXPORT PVT LTD,AW24SH0136-0005682 WHITE,0005682-XXL,XXL,,0005682-XXL,14,0,0,0
REBEL MASS EXPORT PVT LTD,AW24SH0144-0005711 WHITE,0005711-M,M,,0005711-M,14,0,0,0
REBEL MASS EXPORT PVT LTD,AW24SH0144-0005714 WHITE,0005714-XXL,XXL,,0005714-XXL,14,0,0,0
REBEL MASS EXPORT PVT LTD,AW24SH0147-0005821 GREEN,0005821-M,M,,0005821-M,14,0,0,0
REBEL MASS EXPORT PVT LTD,AW24SH0147-0005834 NAVY,0005834-L,L,,0005834-L,14,0,0,0
REBEL MASS EXPORT PVT LTD,AW24SH0147-0005837 BLACK,0005837-M,M,,0005837-M,14,0,0,0
REBEL MASS EXPORT PVT LTD,AW24SH0152-0005878 KHAKI,0005878-L,L,,0005878-L,14,0,0,0
REBEL MASS EXPORT PVT LTD,AW24SH0156-0005925 BROWN,0005925-M,M,,0005925-M,14,0,0,0
REBEL MASS EXPORT PVT LTD,AW24SH0163-0006030 L.PURPLE,0006030-L,L,,0006030-L,14,0,0,0
REBEL MASS EXPORT PVT LTD,AW24SH0163-0006035 L.GREEN,0006035-XL,XL,,0006035-XL,14,0,0,0
REBEL MASS EXPORT PVT LTD,AW24SH0163-0006043 PEACH,0006043-XL,XL,,0006043-XL,14,0,0,0
REBEL MASS EXPORT PVT LTD,AW24SH0164-0006045 WHITE,0006045-M,M,,0006045-M,14,0,0,0
REBEL MASS EXPORT PVT LTD,AW24SH0172-0006078 BEIGE,0006078-L,L,,0006078-L,14,0,0,0
REBEL MASS EXPORT PVT LTD,AW24SH0172-0006082 GREY,0006082-L,L,,0006082-L,14,0,0,0
REBEL MASS EXPORT PVT LTD,AW24SH0172-0006094 P.GREEN,0006094-L,L,,0006094-L,14,0,0,0
REBEL MASS EXPORT PVT LTD,AW24SH0172-0006098 SKY BLUE,0006098-L,L,,0006098-L,14,0,0,0
REBEL MASS EXPORT PVT LTD,AW24SH0176-0006127 PINK,0006127-XL,XL,,0006127-XL,14,0,0,0
REBEL MASS EXPORT PVT LTD,AW24SH0177-0006142 L.PURPLE,0006142-L,L,,0006142-L,14,0,0,0
REBEL MASS EXPORT PVT LTD,AW24SH0177-0006146 SKY BLUE,0006146-L,L,,0006146-L,14,0,0,0
REBEL MASS EXPORT PVT LTD,AW24SH0179-0006176 T.GREEN,0006176-XXL,XXL,,0006176-XXL,14,0,0,0
REBEL MASS EXPORT PVT LTD,AW24SH0179-0006187 NAVY,0006187-XL,XL,,0006187-XL,14,0,0,0
REBEL MASS EXPORT PVT LTD,AW24SH0186-0006255 MAHROON,0006255-XL,XL,,0006255-XL,14,0,0,0
REBEL MASS EXPORT PVT LTD,AW24SH0189-0006279 RUST,0006279-XL,XL,,0006279-XL,14,0,0,0
REBEL MASS EXPORT PVT LTD,AW24SS0007-0003752 OLIVE,0003752-M,M,,0003752-M,14,0,0,0
REBEL MASS EXPORT PVT LTD,AW24SS0009-0003806 MAROON,0003806-XL,XL,,0003806-XL,14,0,0,0
REBEL MASS EXPORT PVT LTD,AW24SS0015-0005022 WINE,0005022-M,M,,0005022-M,14,0,0,0
REBEL MASS EXPORT PVT LTD,AW24SS0021-0006338 CREAM,0006338-L,L,,0006338-L,14,0,0,0
REBEL MASS EXPORT PVT LTD,AW24SS0021-0006343 WHITE,0006343-XL,XL,,0006343-XL,14,0,0,0
REBEL MASS EXPORT PVT LTD,BELT0009-0001875 BLACK,0001875-115CM,115 CM,,0001875-115CM,14,0,0,0
REBEL MASS EXPORT PVT LTD,BELT25-18-0002-0008042 BLACK,0008042-115CM,115 CM,,0008042-115CM,14,0,0,0
REBEL MASS EXPORT PVT LTD,BELT25-18-0002-0008046 BROWN,0008046-115CM,115 CM,,0008046-115CM,14,0,0,0
REBEL MASS EXPORT PVT LTD,BELT25-18-0003-0008051 BLACK,0008051-120CM,120 CM,,0008051-120CM,14,0,0,0
REBEL MASS EXPORT PVT LTD,BELT25-18-0003-0008052 BLACK,0008052-125CM,125 CM,BLACK,0008052-125CM,14,0,0,0
REBEL MASS EXPORT PVT LTD,BLZ25-0013 CREAM,DA1388-101.6CM(40),101.6CM (40),,DA1388-101.6CM(40),14,0,0,0
REBEL MASS EXPORT PVT LTD,BLZ25-0013 GREY,DA1400-101.6CM(40),101.6CM (40),,DA1400-101.6CM(40),14,0,0,0
REBEL MASS EXPORT PVT LTD,BLZ25-0017 CHARCOAL GREY,DA1416-101.6CM(40),101.6CM (40),,DA1416-101.6CM(40),14,0,0,0
REBEL MASS EXPORT PVT LTD,BLZ25-0020 GREY/BLK,DA3332-111.76CM(44),111.76CM (44),,DA3332-111.76CM(44),14,0,0,0
REBEL MASS EXPORT PVT LTD,BLZ25-0020 SKY,DA3326-101.6CM(40),101.6CM (40),,DA3326-101.6CM(40),14,0,0,0
REBEL MASS EXPORT PVT LTD,CJKT25-15-0001-0007107 TOMATO,0007107-XL,XL,,0007107-XL,14,0,0,0
REBEL MASS EXPORT PVT LTD,CJKT25-15-0001-0007108 TOMATO,0007108-XXL,XXL,,0007108-XXL,14,0,0,0
REBEL MASS EXPORT PVT LTD,CPO25-44-0002-0007582 BROWN,0007582-L,L,,0007582-L,14,0,0,0
REBEL MASS EXPORT PVT LTD,CRC25-0005 OFF WHITE,DA0234-86.36CM(34),86.36CM (34),,DA0234-86.36CM(34),14,0,0,0
REBEL MASS EXPORT PVT LTD,CRC25-18-0003 PISTA,DA0634-81.28CM(32),81.28CM (32),,DA0634-81.28CM(32),14,0,0,0
REBEL MASS EXPORT PVT LTD,CSH25-0001-0006637 WHT/PINK,0006637-M,M,,0006637-M,14,0,0,0
REBEL MASS EXPORT PVT LTD,CSH25-0002-0006664 WHT/PINK,0006664-S,S,,0006664-S,14,0,0,0
REBEL MASS EXPORT PVT LTD,CSH25-0003-0006684 WHT/GREEN,0006684-S,S,,0006684-S,14,0,0,0
REBEL MASS EXPORT PVT LTD,CSH25-0007-0006870 BEIGE,0006870-L,L,,0006870-L,14,0,0,0
REBEL MASS EXPORT PVT LTD,CSH25-0008-0006883 SKY BLUE,0006883-XL,XL,,0006883-XL,14,0,0,0
REBEL MASS EXPORT PVT LTD,CSH25-0009-0006894 NAVY,0006894-L,L,,0006894-L,14,0,0,0
REBEL MASS EXPORT PVT LTD,CSH25-0038 BEIGE,DA0493-XL,XL,,DA0493-XL,14,0,0,0
REBEL MASS EXPORT PVT LTD,CSH25-0038 NAVY,DA0501-XL,XL,,DA0501-XL,14,0,0,0
REBEL MASS EXPORT PVT LTD,CSH25-0040 PINK,DA0552-L,L,,DA0552-L,14,0,0,0
REBEL MASS EXPORT PVT LTD,CSH25-0066 BLACK,DA2408-XL,XL,,DA2408-XL,14,0,0,0
REBEL MASS EXPORT PVT LTD,CTR25-0007 B.GREEN,DA0133-96.52CM(38),96.52CM (38),,DA0133-96.52CM(38),14,0,0,0
REBEL MASS EXPORT PVT LTD,CTR25-0007 BLACK,DA0150-76.20CM(30),76.20CM (30),,DA0150-76.20CM(30),14,0,0,0
REBEL MASS EXPORT PVT LTD,CTR25-04-0005-0007663 OLIVE,0007663-86.36CM(34),86.36CM (34),,0007663-86.36CM(34),14,0,0,0
REBEL MASS EXPORT PVT LTD,CTR25-04-0005-0007669 L.OLIVE,0007669-86.36CM(34),86.36CM (34),,0007669-86.36CM(34),14,0,0,0
REBEL MASS EXPORT PVT LTD,CTR25-36-0004-0007501 NAVY,0007501-91.44CM(36),91.44CM (36),,0007501-91.44CM(36),14,0,0,0
REBEL MASS EXPORT PVT LTD,CWC25-15-0001 WHITE,DA0966-101.6CM(40),101.6CM (40),,DA0966-101.6CM(40),14,0,0,0
REBEL MASS EXPORT PVT LTD,CWC25-15-0001-0007645 BLACK,0007645-96.52CM(38),96.52CM (38),,0007645-96.52CM(38),14,0,0,0
REBEL MASS EXPORT PVT LTD,CWC25-15-0002 D.GREEN,DA0978-101.6CM(40),101.6CM (40),,DA0978-101.6CM(40),14,0,0,0
REBEL MASS EXPORT PVT LTD,CWC25-15-0002 MAROON,DA0975-106.68CM(42),106.68CM (42),,DA0975-106.68CM(42),14,0,0,0
REBEL MASS EXPORT PVT LTD,CWC25-32-0010 PISTA,DA1599-101.6CM(40),101.6CM (40),,DA1599-101.6CM(40),14,0,0,0
REBEL MASS EXPORT PVT LTD,DNM25-0019 D.BLUE,DA3146-76.20CM(30),76.20CM (30),,DA3146-76.20CM(30),14,0,0,0
REBEL MASS EXPORT PVT LTD,DNM25-34-0002-0007523 BLUE,0007523-86.36CM(34),86.36CM (34),,0007523-86.36CM(34),14,0,0,0
REBEL MASS EXPORT PVT LTD,DNM25-34-0012 M.BLUE,DA1275-96.52CM(38),96.52CM (38),,DA1275-96.52CM(38),14,0,0,0
REBEL MASS EXPORT PVT LTD,DNM25-34-0015 DARK GREY,DA1330-96.52CM(38),96.52CM (38),,DA1330-96.52CM(38),14,0,0,0
REBEL MASS EXPORT PVT LTD,FSH25-0003-0006941 GREEN,0006941-M,M,,0006941-M,14,0,0,0
REBEL MASS EXPORT PVT LTD,FSH25-0003-0006944 GREEN,0006944-XXL,XXL,,0006944-XXL,14,0,0,0
REBEL MASS EXPORT PVT LTD,FSH25-0003-0006949 ORANGE,0006949-M,M,,0006949-M,14,0,0,0
REBEL MASS EXPORT PVT LTD,FSH25-0004-0006965 NUDE,0006965-M,M,,0006965-M,14,0,0,0
REBEL MASS EXPORT PVT LTD,FSH25-0004-0006980 STEAL GREY,0006980-XXL,XXL,,0006980-XXL,14,0,0,0
REBEL MASS EXPORT PVT LTD,FSH25-0005-0006988 GREEN,0006988-XXL,XXL,,0006988-XXL,14,0,0,0
REBEL MASS EXPORT PVT LTD,FSH25-0023 PINK,DA0539-M,M,,DA0539-M,14,0,0,0
REBEL MASS EXPORT PVT LTD,FSH25-0041 YELLOW,DA1807-L,L,,DA1807-L,14,0,0,0
REBEL MASS EXPORT PVT LTD,FSH25-0057 CREAM,DA2228-M,M,,DA2228-M,14,0,0,0
REBEL MASS EXPORT PVT LTD,FSH25-0057 CREAM,DA2231-XXL,XXL,,DA2231-XXL,14,0,0,0
REBEL MASS EXPORT PVT LTD,FSH25-39-0011-0007926 ROYAL BLUE,0007926-L,L,,0007926-L,14,0,0,0
REBEL MASS EXPORT PVT LTD,FSH25-39-0020-0007999 SEA GREEN,0007999-XL,XL,,0007999-XL,14,0,0,0
REBEL MASS EXPORT PVT LTD,FTR25-0032-0007719 WINE,0007719-81.28CM(32),81.28CM (32),,0007719-81.28CM(32),14,0,0,0
REBEL MASS EXPORT PVT LTD,FTR25-18-0016-0007308 BLUE,0007308-81.28CM(32),81.28CM (32),,0007308-81.28CM(32),14,0,0,0
REBEL MASS EXPORT PVT LTD,FTR25-18-0017-0007315 GREY,0007315-86.36CM(34),86.36CM (34),,0007315-86.36CM(34),14,0,0,0
REBEL MASS EXPORT PVT LTD,JKT25-0001 WINE,DA0776-L,L,,DA0776-L,14,0,0,0
REBEL MASS EXPORT PVT LTD,MJKTF0008-0006784 TEAL,0006784-XXL,XXL,,0006784-XXL,14,0,0,0
REBEL MASS EXPORT PVT LTD,MJKTS0001-0002266 COFFEE,0002266-L,L,,0002266-L,14,0,0,0
REBEL MASS EXPORT PVT LTD,MJKTS0001-0002405 SEA GREEN,0002405-L,L,,0002405-L,14,0,0,0
REBEL MASS EXPORT PVT LTD,MWSST0006-0001817 BLACK MAROON,0001817-L,L,,0001817-L,14,0,0,0
REBEL MASS EXPORT PVT LTD,MWSST0006-0001822 WHITE MAROON,0001822-XL,XL,,0001822-XL,14,0,0,0
REBEL MASS EXPORT PVT LTD,SHORT25-0002 GREY,DA1924-XXL,XXL,,DA1924-XXL,14,0,0,0
REBEL MASS EXPORT PVT LTD,SHORT25-0002 MAROON,DA1929-M,M,,DA1929-M,14,0,0,0
REBEL MASS EXPORT PVT LTD,SHORT25-0002 MAROON,DA1932-XXL,XXL,,DA1932-XXL,14,0,0,0
REBEL MASS EXPORT PVT LTD,TS25-0013A B.GREEN,DA1201-L,L,,DA1201-L,14,0,0,0
REBEL MASS EXPORT PVT LTD,TS25-0023 TEAL,DA1673-XXL,XXL,,DA1673-XXL,14,0,0,0
REBEL MASS EXPORT PVT LTD,TS25-0031 BLUE,DA1712-XL,XL,,DA1712-XL,14,0,0,0
REBEL MASS EXPORT PVT LTD,3PC25-0011 GREY/BLK,DA2495-101.6CM(40),101.6CM (40),,DA2495-101.6CM(40),13,0,0,0
REBEL MASS EXPORT PVT LTD,CSH25-0064 PISTA,DA2256-M,M,,DA2256-M,13,0,0,0
REBEL MASS EXPORT PVT LTD,CSH25-0082 D.GREY,DA2631-XXL,XXL,,DA2631-XXL,13,0,0,0
REBEL MASS EXPORT PVT LTD,CSH25-0086 PINK,DA2650-XL,XL,,DA2650-XL,13,0,0,0
REBEL MASS EXPORT PVT LTD,CSH25-0090 L.GREY,DA2672-XXXL,XXXL,,DA2672-XXXL,13,0,0,0
REBEL MASS EXPORT PVT LTD,CSH25-0107 BEIGE,DA3276-XXXL,XXXL,,DA3276-XXXL,13,0,0,0
REBEL MASS EXPORT PVT LTD,CSH25-0107 L.GREY,DA3253-S,S,,DA3253-S,13,0,0,0
REBEL MASS EXPORT PVT LTD,CSH25-0107 PISTA,DA3175-S,S,,DA3175-S,13,0,0,0
REBEL MASS EXPORT PVT LTD,CSH25-0107 PISTA,DA3178-XL,XL,,DA3178-XL,13,0,0,0
REBEL MASS EXPORT PVT LTD,CSH25-0107 WHITE,DA3200-M,M,,DA3200-M,13,0,0,0
REBEL MASS EXPORT PVT LTD,DNM26-0001 LIGHT WASH,DA4201-86.36CM(34),86.36CM (34),,DA4201-86.36CM(34),13,0,0,0
REBEL MASS EXPORT PVT LTD,DNM26-0009 D. BLUE,BM0112-76.20CM(30),76.20CM (30),,BM0112-76.20CM(30),13,0,0,0
REBEL MASS EXPORT PVT LTD,FSH25-0062 BLUE MILANGE,DA2328-L,L,,DA2328-L,13,0,0,0
REBEL MASS EXPORT PVT LTD,FSH25-0062 D.PINK,DA2284-S,S,,DA2284-S,13,0,0,0
REBEL MASS EXPORT PVT LTD,FSH25-0062 D.PINK,DA2289-XXXL,XXXL,,DA2289-XXXL,13,0,0,0
REBEL MASS EXPORT PVT LTD,FSH25-0063 WHITE,DA2847-XL,XL,,DA2847-XL,13,0,0,0
REBEL MASS EXPORT PVT LTD,FSH25-0066 WHITE,DA2859-XL,XL,,DA2859-XL,13,0,0,0
REBEL MASS EXPORT PVT LTD,FSH25-0069 D.PURPLE,DA2989-XXXL,XXXL,,DA2989-XXXL,13,0,0,0
REBEL MASS EXPORT PVT LTD,FSH25-0069 ORANGE,DA2913-M,M,,DA2913-M,13,0,0,0
REBEL MASS EXPORT PVT LTD,FSH25-0069 ORANGE,DA2916-XXL,XXL,,DA2916-XXL,13,0,0,0
REBEL MASS EXPORT PVT LTD,FSH25-0069 RED/BLUE,DA2996-XXXL,XXXL,,DA2996-XXXL,13,0,0,0
REBEL MASS EXPORT PVT LTD,FSH25-0069 SKY,DA2975-XXXL,XXXL,,DA2975-XXXL,13,0,0,0
REBEL MASS EXPORT PVT LTD,FSH25-0069 TURQ,DA2940-XXL,XXL,,DA2940-XXL,13,0,0,0
REBEL MASS EXPORT PVT LTD,FSH25-0072 SKY,DA3476-L,L,,DA3476-L,13,0,0,0
REBEL MASS EXPORT PVT LTD,FTR25-0075 BLACK,DA3073-96.52CM(38),96.52CM (38),,DA3073-96.52CM(38),13,0,0,0
REBEL MASS EXPORT PVT LTD,FTR25-0077 GREEN,DA3086-86.36CM(34),86.36CM (34),,DA3086-86.36CM(34),13,0,0,0
REBEL MASS EXPORT PVT LTD,FTR25-0077 GREEN,DA3087-91.44CM(36),91.44CM (36),,DA3087-91.44CM(36),13,0,0,0
REBEL MASS EXPORT PVT LTD,FTR25-0078 BLUE,DA3097-91.44CM(36),91.44CM (36),,DA3097-91.44CM(36),13,0,0,0
REBEL MASS EXPORT PVT LTD,FTR25-0085 GREY/BLK,DA3131-91.44CM(36),91.44CM (36),,DA3131-91.44CM(36),13,0,0,0
REBEL MASS EXPORT PVT LTD,FTR25-0086 GREY/BLK,DA3135-91.44CM(36),91.44CM (36),,DA3135-91.44CM(36),13,0,0,0
REBEL MASS EXPORT PVT LTD,SHORT-0003 S.BLUE PRINT,DA2369-XL,XL,,DA2369-XL,13,0,0,0
REBEL MASS EXPORT PVT LTD,TS25-0012 D.GREY,DA2130-XXL,XXL,,DA2130-XXL,13,0,0,0
REBEL MASS EXPORT PVT LTD,TS25-0020 BLACK,DA2114-XXL,XXL,,DA2114-XXL,13,0,0,0
REBEL MASS EXPORT PVT LTD,TS25-0052 SKY BLUE,DA2219-S,S,,DA2219-S,13,0,0,0
REBEL MASS EXPORT PVT LTD,TS25-0053 OFF WHITE,DA2346-XXL,XXL,,DA2346-XXL,13,0,0,0
REBEL MASS EXPORT PVT LTD,TS25-0054C OLIVE,DA2383-L,L,,DA2383-L,13,0,0,0
REBEL MASS EXPORT PVT LTD,AW24BL0002-0002775 NAVY,0002775-96.52CM(38),96.52CM (38),,0002775-96.52CM(38),13,0,0,0
REBEL MASS EXPORT PVT LTD,AW24BL0002-0002777 NAVY,0002777-106.68CM(42),106.68CM (42),,0002777-106.68CM(42),13,0,0,0
REBEL MASS EXPORT PVT LTD,AW24BL0004-0003589 WINE,0003589-91.44CM(36),91.44CM(36),,0003589-91.44CM(36),13,0,0,0
REBEL MASS EXPORT PVT LTD,AW24BL0004-0003593 WINE,0003593-111.76CM(44),111.76CM (44),,0003593-111.76CM(44),13,0,0,0
REBEL MASS EXPORT PVT LTD,AW24BL0009-0004087 L.GREEN,0004087-101.6CM(40),101.6CM (40),,0004087-101.6CM(40),13,0,0,0
REBEL MASS EXPORT PVT LTD,AW24BL0013-0004420 ICE/BLUE,0004420-106.68CM(42),106.68CM (42),,0004420-106.68CM(42),13,0,0,0
REBEL MASS EXPORT PVT LTD,AW24BL0015-0005202 BLUE,0005202-106.68CM(42),106.68CM (42),,0005202-106.68CM(42),13,0,0,0
REBEL MASS EXPORT PVT LTD,AW24CT0002-0005000 BLACK,0005000-106.68CM.(42),106.68CM. (42),,0005000-106.68CM.(42),13,0,0,0
REBEL MASS EXPORT PVT LTD,AW24CT0002-0005007 GREEN,0005007-101.6CM(40),101.6CM (40),,0005007-101.6CM(40),13,0,0,0
REBEL MASS EXPORT PVT LTD,AW24CT0002-0005008 GREEN,0005008-106.68CM.(42),106.68CM. (42),,0005008-106.68CM.(42),13,0,0,0
REBEL MASS EXPORT PVT LTD,AW24CTR0004-0005743 B.GREEN,0005743-81.28CM(32),81.28CM (32),,0005743-81.28CM(32),13,0,0,0
REBEL MASS EXPORT PVT LTD,AW24CTR0005-0005788 MAHANDI,0005788-81.28CM(32),81.28CM (32),,0005788-81.28CM(32),13,0,0,0
REBEL MASS EXPORT PVT LTD,AW24CTR0007-0006572 GREEN,0006572-81.28CM(32),81.28CM (32),,0006572-81.28CM(32),13,0,0,0
REBEL MASS EXPORT PVT LTD,AW24CTR0007-0006578 GREY,0006578-86.36CM(34),86.36CM (34),,0006578-86.36CM(34),13,0,0,0
REBEL MASS EXPORT PVT LTD,AW24D0001-0002390 HARD WASH,0002390-76.20CM.(30),76.20CM. (30),,0002390-76.20CM.(30),13,0,0,0
REBEL MASS EXPORT PVT LTD,AW24D0006-0003520 INDIGO BLUE,0003520-86.36CM(34),86.36CM (34),,0003520-86.36CM(34),13,0,0,0
REBEL MASS EXPORT PVT LTD,AW24D0009A-0004253 DARK BLUE,0004253-81.28CM(32),81.28CM (32),,0004253-81.28CM(32),13,0,0,0
REBEL MASS EXPORT PVT LTD,AW24D0011-0003891 BLUE TOWEL,0003891-96.52CM(38),96.52CM (38),,0003891-96.52CM(38),13,0,0,0
REBEL MASS EXPORT PVT LTD,AW24D0011-0003897 C.BLUE,0003897-96.52CM(38),96.52CM (38),,0003897-96.52CM(38),13,0,0,0
REBEL MASS EXPORT PVT LTD,AW24D0011-0004355 D.BLUE.,0004355-96.52CM(38),96.52CM (38),,0004355-96.52CM(38),13,0,0,0
REBEL MASS EXPORT PVT LTD,AW24D0016-0004384 GRY/BLACK.,0004384-91.44CM(36),91.44CM(36),,0004384-91.44CM(36),13,0,0,0
REBEL MASS EXPORT PVT LTD,AW24D0018-0004392 BLUE,0004392-71.12CM(28),71.12CM (28),,0004392-71.12CM(28),13,0,0,0
REBEL MASS EXPORT PVT LTD,AW24D0021-0006489 L.BLUE,0006489-86.36CM(34),86.36CM (34),,0006489-86.36CM(34),13,0,0,0
REBEL MASS EXPORT PVT LTD,AW24D0023-0005408 CRBN BLUE,0005408-91.44CM(36),91.44CM (36),,0005408-91.44CM(36),13,0,0,0
REBEL MASS EXPORT PVT LTD,AW24D0028-0006453 L.BLUE,0006453-86.36CM(34),86.36CM (34),,0006453-86.36CM(34),13,0,0,0
REBEL MASS EXPORT PVT LTD,AW24FTR0001-0002510 BROWN,0002510-71.12CM(28),71.12CM (28),,0002510-71.12CM(28),13,0,0,0
REBEL MASS EXPORT PVT LTD,AW24FTR0018-0004965 SKY BLUE,0004965-86.36CM(34),86.36CM (34),,0004965-86.36CM(34),13,0,0,0
REBEL MASS EXPORT PVT LTD,AW24JKT0017-0006609 MEHROON,0006609-L,L,,0006609-L,13,0,0,0
REBEL MASS EXPORT PVT LTD,AW24JKT0017-0006610 MEHROON,0006610-XL,XL,,0006610-XL,13,0,0,0
REBEL MASS EXPORT PVT LTD,AW24LC0001-0002789 NAVY,0002789-106.68CM(42),106.68CM (42),,0002789-106.68CM(42),13,0,0,0
REBEL MASS EXPORT PVT LTD,AW24PO0005-0005318 PINK,0005318-M,M,,0005318-M,13,0,0,0
REBEL MASS EXPORT PVT LTD,AW24PO0005-0005319 PINK,0005319-L,L,,0005319-L,13,0,0,0
REBEL MASS EXPORT PVT LTD,AW24PO0006-0005261 STEAL GREY,0005261-XL,XL,,0005261-XL,13,0,0,0
REBEL MASS EXPORT PVT LTD,AW24PO0006-0005327 YELLOW,0005327-M,M,,0005327-M,13,0,0,0
REBEL MASS EXPORT PVT LTD,AW24PO0006-0005569 KHAKI,0005569-M,M,,0005569-M,13,0,0,0
REBEL MASS EXPORT PVT LTD,AW24PO0007-0005604 PINK,0005604-XL,XL,,0005604-XL,13,0,0,0
REBEL MASS EXPORT PVT LTD,AW24PO0007-0005618 MUSTARD,0005618-L,L,,0005618-L,13,0,0,0
REBEL MASS EXPORT PVT LTD,AW24PO0008-0005615 PINK,0005615-L,L,,0005615-L,13,0,0,0
REBEL MASS EXPORT PVT LTD,AW24SH0031-0002680 L.BLUE,0002680-L,L,,0002680-L,13,0,0,0
REBEL MASS EXPORT PVT LTD,AW24SH0034-0002721 GREY,0002721-XL,XL,,0002721-XL,13,0,0,0
REBEL MASS EXPORT PVT LTD,AW24SH0037-0002899 ORANGE,0002899-L,L,,0002899-L,13,0,0,0
REBEL MASS EXPORT PVT LTD,AW24SH0046-0003217 PEACH,0003217-L,L,,0003217-L,13,0,0,0
REBEL MASS EXPORT PVT LTD,AW24SH0049-0003265 BEIGE,0003265-L,L,,0003265-L,13,0,0,0
REBEL MASS EXPORT PVT LTD,AW24SH0073-0004044 WHITE,0004044-XL,XL,,0004044-XL,13,0,0,0
REBEL MASS EXPORT PVT LTD,AW24SH0075-0004052 WHITE,0004052-XL,XL,,0004052-XL,13,0,0,0
REBEL MASS EXPORT PVT LTD,AW24SH0083-0004172 L.PURPLE,0004172-L,L,,0004172-L,13,0,0,0
REBEL MASS EXPORT PVT LTD,AW24SH0083-0004185 YELLOW,0004185-XL,XL,,0004185-XL,13,0,0,0
REBEL MASS EXPORT PVT LTD,AW24SH0085-0004225 GREY,0004225-XL,XL,,0004225-XL,13,0,0,0
REBEL MASS EXPORT PVT LTD,AW24SH0088-0004541 P.GREEN,0004541-L,L,,0004541-L,13,0,0,0
REBEL MASS EXPORT PVT LTD,AW24SH0089-0004566 PURPLE,0004566-XL,XL,,0004566-XL,13,0,0,0
REBEL MASS EXPORT PVT LTD,AW24SH0096-0004778 PISTA,0004778-XL,XL,,0004778-XL,13,0,0,0
REBEL MASS EXPORT PVT LTD,AW24SH0096-0004793 WHITE,0004793-L,L,,0004793-L,13,0,0,0
REBEL MASS EXPORT PVT LTD,AW24SH0099-0004908 SEA GREEN,0004908-M,M,,0004908-M,13,0,0,0
REBEL MASS EXPORT PVT LTD,AW24SH0100-0004915 GREY,0004915-XXL,XXL,,0004915-XXL,13,0,0,0
REBEL MASS EXPORT PVT LTD,AW24SH0100-0004919 BLACK,0004919-XXL,XXL,,0004919-XXL,13,0,0,0
REBEL MASS EXPORT PVT LTD,AW24SH0110-0005465 SKY BLUE,0005465-L,L,,0005465-L,13,0,0,0
REBEL MASS EXPORT PVT LTD,AW24SH0110-0005469 NAVY,0005469-L,L,,0005469-L,13,0,0,0
REBEL MASS EXPORT PVT LTD,AW24SH0110-0005473 D.MAHROON.,0005473-L,L,,0005473-L,13,0,0,0
REBEL MASS EXPORT PVT LTD,AW24SH0110-0005478 D.KHAKI,0005478-XL,XL,,0005478-XL,13,0,0,0
REBEL MASS EXPORT PVT LTD,AW24SH0115-0005510 RED,0005510-XL,XL,,0005510-XL,13,0,0,0
REBEL MASS EXPORT PVT LTD,AW24SH0117-0005526 FIROZI,0005526-XL,XL,,0005526-XL,13,0,0,0
REBEL MASS EXPORT PVT LTD,AW24SH0128-0005647 SKY BLUE,0005647-M,M,,0005647-M,13,0,0,0
REBEL MASS EXPORT PVT LTD,AW24SH0132-0005663 WHITE,0005663-M,M,,0005663-M,13,0,0,0
REBEL MASS EXPORT PVT LTD,AW24SH0133-0005670 WHITE,0005670-XXL,XXL,,0005670-XXL,13,0,0,0
REBEL MASS EXPORT PVT LTD,AW24SH0136-0005679 WHITE,0005679-M,M,,0005679-M,13,0,0,0
REBEL MASS EXPORT PVT LTD,AW24SH0137-0005686 WHITE,0005686-XXL,XXL,,0005686-XXL,13,0,0,0
REBEL MASS EXPORT PVT LTD,AW24SH0140-0005695 WHITE,0005695-M,M,,0005695-M,13,0,0,0
REBEL MASS EXPORT PVT LTD,AW24SH0140-0005698 WHITE,0005698-XXL,XXL,,0005698-XXL,13,0,0,0
REBEL MASS EXPORT PVT LTD,AW24SH0141-0005702 WHITE,0005702-XXL,XXL,,0005702-XXL,13,0,0,0
REBEL MASS EXPORT PVT LTD,AW24SH0143-0005707 WHITE,0005707-M,M,,0005707-M,13,0,0,0
REBEL MASS EXPORT PVT LTD,AW24SH0149-0005855 YELLOW,0005855-XL,XL,,0005855-XL,13,0,0,0
REBEL MASS EXPORT PVT LTD,AW24SH0152-0005884 GREY,0005884-XXL,XXL,,0005884-XXL,13,0,0,0
REBEL MASS EXPORT PVT LTD,AW24SH0152-0005887 BEIGE,0005887-XL,XL,,0005887-XL,13,0,0,0
REBEL MASS EXPORT PVT LTD,AW24SH0156-0005929 MAHROON,0005929-M,M,,0005929-M,13,0,0,0
REBEL MASS EXPORT PVT LTD,AW24SH0161-0005986 PEACH,0005986-L,L,,0005986-L,13,0,0,0
REBEL MASS EXPORT PVT LTD,AW24SH0163-0006042 PEACH,0006042-L,L,,0006042-L,13,0,0,0
REBEL MASS EXPORT PVT LTD,AW24SH0165-0006052 WHITE,0006052-XXL,XXL,,0006052-XXL,13,0,0,0
REBEL MASS EXPORT PVT LTD,AW24SH0170-0006072 WHITE,0006072-XXL,XXL,,0006072-XXL,13,0,0,0
REBEL MASS EXPORT PVT LTD,AW24SH0177-0006147 SKY BLUE,0006147-XL,XL,,0006147-XL,13,0,0,0
REBEL MASS EXPORT PVT LTD,AW24SH0178-0006154 SKY BLUE,0006154-L,L,,0006154-L,13,0,0,0
REBEL MASS EXPORT PVT LTD,AW24SH0178-0006157 SEA BLUE,0006157-M,M,,0006157-M,13,0,0,0
REBEL MASS EXPORT PVT LTD,AW24SH0179-0006179 GREEN,0006179-XL,XL,,0006179-XL,13,0,0,0
REBEL MASS EXPORT PVT LTD,AW24SH0179-0006190 WINE,0006190-L,L,,0006190-L,13,0,0,0
REBEL MASS EXPORT PVT LTD,AW24SH0181-0006209 LEMON,0006209-M,M,,0006209-M,13,0,0,0
REBEL MASS EXPORT PVT LTD,AW24SK0001-0002753 LIGHT GREY,0002753-L,L,,0002753-L,13,0,0,0
REBEL MASS EXPORT PVT LTD,AW24SS0021-0006330 BLACK,0006330-L,L,,0006330-L,13,0,0,0
REBEL MASS EXPORT PVT LTD,AW24SS0021-0006333 GREY,0006333-M,M,,0006333-M,13,0,0,0
REBEL MASS EXPORT PVT LTD,AW24TS0003-0006404 YELLOW,0006404-XXL,XXL,,0006404-XXL,13,0,0,0
REBEL MASS EXPORT PVT LTD,BELT25-18-0003-0008049 BLACK,0008049-110CM,110 CM,BLACK,0008049-110CM,13,0,0,0
REBEL MASS EXPORT PVT LTD,BLZ25-0013 L.BLUE,DA1397-106.68CM(42),106.68CM (42),,DA1397-106.68CM(42),13,0,0,0
REBEL MASS EXPORT PVT LTD,BLZ25-0013 OFF WHITE,DA1393-106.68CM(42),106.68CM (42),,DA1393-106.68CM(42),13,0,0,0
REBEL MASS EXPORT PVT LTD,BLZ25-0017 CHARCOAL GREY,DA1417-106.68CM(42),106.68CM (42),,DA1417-106.68CM(42),13,0,0,0
REBEL MASS EXPORT PVT LTD,BLZ25-0020 CAMEL,DA3324-111.76CM(44),111.76CM (44),,DA3324-111.76CM(44),13,0,0,0
REBEL MASS EXPORT PVT LTD,CRC25-0002-0006820 NAVY,0006820-81.28CM(32),81.28CM (32),,0006820-81.28CM(32),13,0,0,0
REBEL MASS EXPORT PVT LTD,CRC25-0002-0007618 BEIGE,0007618-91.44CM(36),91.44CM (36),,0007618-91.44CM(36),13,0,0,0
REBEL MASS EXPORT PVT LTD,CRC25-18-0003 D.OLIVE,DA0202-81.28CM(32),81.28CM (32),,DA0202-81.28CM(32),13,0,0,0
REBEL MASS EXPORT PVT LTD,CRC25-18-0003 TAN,DA0795-86.36CM(34),86.36CM (34),,DA0795-86.36CM(34),13,0,0,0
REBEL MASS EXPORT PVT LTD,CRC25-18-0003-0008134 MEHANDI,0008134-91.44CM(36),91.44CM(36),,0008134-91.44CM(36),13,0,0,0
REBEL MASS EXPORT PVT LTD,CRC25-18-0003-0008163 OLIVE,0008163-81.28CM(32),81.28CM (32),,0008163-81.28CM(32),13,0,0,0
REBEL MASS EXPORT PVT LTD,CSH25-0002-0006672 WHT/GREY,0006672-S,S,,0006672-S,13,0,0,0
REBEL MASS EXPORT PVT LTD,CSH25-0003-0006692 WHT/YELLOW,0006692-S,S,,0006692-S,13,0,0,0
REBEL MASS EXPORT PVT LTD,CSH25-0004-0006711 YELLOW,0006711-XL,XL,,0006711-XL,13,0,0,0
REBEL MASS EXPORT PVT LTD,CSH25-0004-0006716 OLIVE,0006716-S,S,,0006716-S,13,0,0,0
REBEL MASS EXPORT PVT LTD,CSH25-0004-0006736 BLUE,0006736-S,S,,0006736-S,13,0,0,0
REBEL MASS EXPORT PVT LTD,CSH25-0007-0006875 SEA GREEN,0006875-XL,XL,,0006875-XL,13,0,0,0
REBEL MASS EXPORT PVT LTD,CSH25-0038 BLACK,DA0484-L,L,,DA0484-L,13,0,0,0
REBEL MASS EXPORT PVT LTD,CSH25-0038 SKY BLUE,DA0505-XL,XL,,DA0505-XL,13,0,0,0
REBEL MASS EXPORT PVT LTD,CSH25-0038 WHITE,DA0489-XL,XL,,DA0489-XL,13,0,0,0
REBEL MASS EXPORT PVT LTD,CSH25-0039 YELLOW,DA0545-XL,XL,,DA0545-XL,13,0,0,0
REBEL MASS EXPORT PVT LTD,CSH25-0065 CREAM,DA2395-L,L,,DA2395-L,13,0,0,0
REBEL MASS EXPORT PVT LTD,CSH25-0066 BLACK,DA2407-L,L,,DA2407-L,13,0,0,0
REBEL MASS EXPORT PVT LTD,CSH25-0067 BLACK,DA3067-XL,XL,,DA3067-XL,13,0,0,0
REBEL MASS EXPORT PVT LTD,CSH25-18-0018-0008026 GREY,0008026-L,L,,0008026-L,13,0,0,0
REBEL MASS EXPORT PVT LTD,CSH25-18-0037 GREEN,DA0158-L,L,,DA0158-L,13,0,0,0
REBEL MASS EXPORT PVT LTD,CSH25-39-0014-0007097 WHITE,0007097-M,M,,0007097-M,13,0,0,0
REBEL MASS EXPORT PVT LTD,CSH25-39-0021-0008185 GREEN,0008185-XXL,XXL,,0008185-XXL,13,0,0,0
REBEL MASS EXPORT PVT LTD,CSH25-39-0024-0008196 D.BEIGE,0008196-XL,XL,,0008196-XL,13,0,0,0
REBEL MASS EXPORT PVT LTD,CSH25-39-0034-0008238 NAVY,0008238-M,M,,0008238-M,13,0,0,0
REBEL MASS EXPORT PVT LTD,CSS25-15-0001-0007735 RED,0007735-XL,XL,,0007735-XL,13,0,0,0
REBEL MASS EXPORT PVT LTD,CTR25-0007 BLACK,DA0154-96.52CM(38),96.52CM (38),,DA0154-96.52CM(38),13,0,0,0
REBEL MASS EXPORT PVT LTD,CTR25-0007 OLIVE,DA0118-91.44CM(36),91.44CM (36),,DA0118-91.44CM(36),13,0,0,0
REBEL MASS EXPORT PVT LTD,CTR25-0008 NAVY,DA1449-86.36CM(34),86.36CM (34),,DA1449-86.36CM(34),13,0,0,0
REBEL MASS EXPORT PVT LTD,CTR25-36-0002-0007454 L.GREY,0007454-81.28CM(32),81.28CM (32),,0007454-81.28CM(32),13,0,0,0
REBEL MASS EXPORT PVT LTD,CWC25-0001 WINE,DA3335-106.68CM(42),106.68CM (42),,DA3335-106.68CM(42),13,0,0,0
REBEL MASS EXPORT PVT LTD,CWC25-0004 CREAM,DA3347-106.68CM(42),106.68CM (42),,DA3347-106.68CM(42),13,0,0,0
REBEL MASS EXPORT PVT LTD,CWC25-15-0002 D.GREEN,DA0979-106.68CM(42),106.68CM (42),,DA0979-106.68CM(42),13,0,0,0
REBEL MASS EXPORT PVT LTD,CWC25-32-0006 FAWN,DA1582-96.52CM(38),96.52CM (38),,DA1582-96.52CM(38),13,0,0,0
REBEL MASS EXPORT PVT LTD,DCR25-0013 GREY/BLK,DA3166-86.36CM(34),86.36CM (34),,DA3166-86.36CM(34),13,0,0,0
REBEL MASS EXPORT PVT LTD,DCR25-34-0002-0007540 BLUE,0007540-81.28CM(32),81.28CM (32),,0007540-81.28CM(32),13,0,0,0
REBEL MASS EXPORT PVT LTD,DNM25-34-0001-0007513 L.BLUE,0007513-96.52CM(38),96.52CM (38),,0007513-96.52CM(38),13,0,0,0
REBEL MASS EXPORT PVT LTD,DNM25-34-0004-0007744 L.BLUE,0007744-86.36CM(34),86.36CM (34),,0007744-86.36CM(34),13,0,0,0
REBEL MASS EXPORT PVT LTD,DNM25-34-0004-0007846 BLUE,0007846-81.28CM(32),81.28CM (32),,0007846-81.28CM(32),13,0,0,0
REBEL MASS EXPORT PVT LTD,DNM25-34-0012 L.BLUE,DA1285-86.36CM(34),86.36CM (34),,DA1285-86.36CM(34),13,0,0,0
REBEL MASS EXPORT PVT LTD,DNM25-34-0015 DARK GREY,DA1329-91.44CM(36),91.44CM (36),,DA1329-91.44CM(36),13,0,0,0
REBEL MASS EXPORT PVT LTD,FSH25-0023 BLUE,DA0531-M,M,,DA0531-M,13,0,0,0
REBEL MASS EXPORT PVT LTD,FSH25-0023 PURPLE,DA0524-L,L,,DA0524-L,13,0,0,0
REBEL MASS EXPORT PVT LTD,FSH25-0023 YELLOW,DA0521-XL,XL,,DA0521-XL,13,0,0,0
REBEL MASS EXPORT PVT LTD,FSH25-0037 GREY,DA1744-XL,XL,,DA1744-XL,13,0,0,0
REBEL MASS EXPORT PVT LTD,FSH25-0040 PINK,DA1797-XXL,XXL,,DA1797-XXL,13,0,0,0
REBEL MASS EXPORT PVT LTD,FSH25-0041 YELLOW,DA1808-XL,XL,,DA1808-XL,13,0,0,0
REBEL MASS EXPORT PVT LTD,FSH25-0042 MAROON,DA1821-XXL,XXL,,DA1821-XXL,13,0,0,0
REBEL MASS EXPORT PVT LTD,FSH25-0042 NAVY,DA1814-M,M,,DA1814-M,13,0,0,0
REBEL MASS EXPORT PVT LTD,FSH25-39-0009-0007909 L.GREY,0007909-M,M,,0007909-M,13,0,0,0
REBEL MASS EXPORT PVT LTD,FSH25-39-0010-0007918 GREEN,0007918-L,L,,0007918-L,13,0,0,0
REBEL MASS EXPORT PVT LTD,FSH25-39-0011-0007927 ROYAL BLUE,0007927-XL,XL,,0007927-XL,13,0,0,0
REBEL MASS EXPORT PVT LTD,FSH25-39-0012-0007938 OFF WHITE,0007938-L,L,,0007938-L,13,0,0,0
REBEL MASS EXPORT PVT LTD,FSH25-39-0020-0007998 SEA GREEN,0007998-L,L,,0007998-L,13,0,0,0
REBEL MASS EXPORT PVT LTD,FSH25-39-0021-0008010 RED,0008010-L,L,,0008010-L,13,0,0,0
REBEL MASS EXPORT PVT LTD,FTR25-0001-0006740 CHARCOAL,0006740-76.20CM(30),76.20CM (30),,0006740-76.20CM(30),13,0,0,0
REBEL MASS EXPORT PVT LTD,FTR25-0002-0006746 BEIGE,0006746-81.28CM(32),81.28CM (32),,0006746-81.28CM(32),13,0,0,0
REBEL MASS EXPORT PVT LTD,FTR25-0006-0006769 BLUE,0006769-86.36CM(34),86.36CM (34),,0006769-86.36CM(34),13,0,0,0
REBEL MASS EXPORT PVT LTD,FTR25-0007-0006773 BLUE,0006773-81.28CM(32),81.28CM (32),,0006773-81.28CM(32),13,0,0,0
REBEL MASS EXPORT PVT LTD,FTR25-18-0012-0007261 D.GREY,0007261-86.36CM(34),86.36CM (34),,0007261-86.36CM(34),13,0,0,0
REBEL MASS EXPORT PVT LTD,FTR25-18-0027-0007423 BEIGE,0007423-86.36CM(34),86.36CM (34),,0007423-86.36CM(34),13,0,0,0
REBEL MASS EXPORT PVT LTD,FTR25-18-0043-0008278 SKY BLUE,0008278-81.28CM(32),81.28CM (32),,0008278-81.28CM(32),13,0,0,0
REBEL MASS EXPORT PVT LTD,FTR25-18-0051 BROWN,DA1497-91.44CM(36),91.44CM (36),,DA1497-91.44CM(36),13,0,0,0
REBEL MASS EXPORT PVT LTD,MBDNM0006-0000502 CARBON BLUE,0000502-28,28,,0000502-28,13,0,0,0
REBEL MASS EXPORT PVT LTD,MCBLZ0025-0000757 D.PURPLE,0000757-42,42,,0000757-42,13,0,0,0
REBEL MASS EXPORT PVT LTD,MCKRT0001-0001921 BLACK,0001921-L,L,,0001921-L,13,0,0,0
REBEL MASS EXPORT PVT LTD,MFSHT0001-0000533 NAVY,0000533-L,L,,0000533-L,13,0,0,0
REBEL MASS EXPORT PVT LTD,MFSHT0030-0001192 DARK GREY,0001192-L,L,,0001192-L,13,0,0,0
REBEL MASS EXPORT PVT LTD,MJKTF0008-0006792 BLUE,0006792-XXL,XXL,,0006792-XXL,13,0,0,0
REBEL MASS EXPORT PVT LTD,MJKTS0001-0002265 COFFEE,0002265-M,M,,0002265-M,13,0,0,0
REBEL MASS EXPORT PVT LTD,MJKTS0001-0002267 COFFEE,0002267-XL,XL,,0002267-XL,13,0,0,0
REBEL MASS EXPORT PVT LTD,MJKTS0001-0002406 SEA GREEN,0002406-XL,XL,,0002406-XL,13,0,0,0
REBEL MASS EXPORT PVT LTD,MTSFS0006-0000579 TEAL,0000579-L,L,,0000579-L,13,0,0,0
REBEL MASS EXPORT PVT LTD,MTSHS0014-0000608 BLACK,0000608-L,L,,0000608-L,13,0,0,0
REBEL MASS EXPORT PVT LTD,SHORT25-0002 MAROON,DA1930-L,L,,DA1930-L,13,0,0,0
REBEL MASS EXPORT PVT LTD,TS25-0033 B.GREEN,DA1720-XL,XL,,DA1720-XL,13,0,0,0
REBEL MASS EXPORT PVT LTD,2PC25-0034 D.PINK,DA3423-101.6CM(40),101.6CM (40),,DA3423-101.6CM(40),12,0,0,0
REBEL MASS EXPORT PVT LTD,2PC25-0034 SEA GREEN,DA3412-106.68CM(42),106.68CM (42),,DA3412-106.68CM(42),12,0,0,0
REBEL MASS EXPORT PVT LTD,3PC25-0011 GREY/BLK,DA2496-106.68CM(42),106.68CM (42),,DA2496-106.68CM(42),12,0,0,0
REBEL MASS EXPORT PVT LTD,BLZ25-0018 BEIGE,DA2554-106.68CM(42),106.68CM (42),,DA2554-106.68CM(42),12,0,0,0
REBEL MASS EXPORT PVT LTD,CSH25-0082 D.GREY,DA2628-M,M,,DA2628-M,12,0,0,0
REBEL MASS EXPORT PVT LTD,CSH25-0096 MEHANDI,DA2701-XXL,XXL,,DA2701-XXL,12,0,0,0
REBEL MASS EXPORT PVT LTD,CSH25-0106 BLUE,DA2750-XL,XL,,DA2750-XL,12,0,0,0
REBEL MASS EXPORT PVT LTD,CSH25-0107 B.GREEN,DA3191-XXL,XXL,,DA3191-XXL,12,0,0,0
REBEL MASS EXPORT PVT LTD,CSH25-0107 PISTA,DA3180-XXXL,XXXL,,DA3180-XXXL,12,0,0,0
REBEL MASS EXPORT PVT LTD,CSH25-0107 SKY,DA3210-XXXL,XXXL,,DA3210-XXXL,12,0,0,0
REBEL MASS EXPORT PVT LTD,DNM26-0005 BLACK,DA4224-81.28CM(32),81.28CM (32),,DA4224-81.28CM(32),12,0,0,0
REBEL MASS EXPORT PVT LTD,DNM26-0007 L.BLUE,BM0122-76.20CM(30),76.20CM (30),,BM0122-76.20CM(30),12,0,0,0
REBEL MASS EXPORT PVT LTD,FSH25-0062 L.BEIGE,DA2304-L,L,,DA2304-L,12,0,0,0
REBEL MASS EXPORT PVT LTD,FSH25-0062 L.PURPLE,DA2278-S,S,,DA2278-S,12,0,0,0
REBEL MASS EXPORT PVT LTD,FSH25-0062 PINK,DA2270-XXL,XXL,,DA2270-XXL,12,0,0,0
REBEL MASS EXPORT PVT LTD,FSH25-0069 D.PURPLE,DA2930-L,L,,DA2930-L,12,0,0,0
REBEL MASS EXPORT PVT LTD,FSH25-0069 KHAKI,DA2983-XXXL,XXXL,,DA2983-XXXL,12,0,0,0
REBEL MASS EXPORT PVT LTD,FSH25-0069 L.ORANGE,DA2965-M,M,,DA2965-M,12,0,0,0
REBEL MASS EXPORT PVT LTD,FSH25-0069 L.ORANGE,DA2967-XL,XL,,DA2967-XL,12,0,0,0
REBEL MASS EXPORT PVT LTD,FSH25-0069 LEMON,DA2956-XXL,XXL,,DA2956-XXL,12,0,0,0
REBEL MASS EXPORT PVT LTD,FSH25-0069 MAROON,DA2994-XXXL,XXXL,,DA2994-XXXL,12,0,0,0
REBEL MASS EXPORT PVT LTD,FSH25-0069 PINK,DA2883-XL,XL,,DA2883-XL,12,0,0,0
REBEL MASS EXPORT PVT LTD,FSH25-0069 PIURPLE,DA2889-M,M,,DA2889-M,12,0,0,0
REBEL MASS EXPORT PVT LTD,FSH25-0069 R.BLUE,DA2910-L,L,,DA2910-L,12,0,0,0
REBEL MASS EXPORT PVT LTD,FSH25-0069 R.BLUE,DA2912-XXL,XXL,,DA2912-XXL,12,0,0,0
REBEL MASS EXPORT PVT LTD,FSH25-0069 TURQ,DA2937-M,M,,DA2937-M,12,0,0,0
REBEL MASS EXPORT PVT LTD,FSH25-0069 WHITE,DA2962-L,L,,DA2962-L,12,0,0,0
REBEL MASS EXPORT PVT LTD,FSH25-0069 WHITE,DA2963-XL,XL,,DA2963-XL,12,0,0,0
REBEL MASS EXPORT PVT LTD,FTR25-0077 BLUE,DA3091-86.36CM(34),86.36CM (34),,DA3091-86.36CM(34),12,0,0,0
REBEL MASS EXPORT PVT LTD,FTR25-0078 BLUE,DA3096-86.36CM(34),86.36CM (34),,DA3096-86.36CM(34),12,0,0,0
REBEL MASS EXPORT PVT LTD,LW25-0001 OLIVE,DA2098-M,M,,DA2098-M,12,0,0,0
REBEL MASS EXPORT PVT LTD,LW26-0004 GREY,DA4067-L,L,,DA4067-L,12,0,0,0
REBEL MASS EXPORT PVT LTD,LW26-0004 GREY,DA4068-XL,XL,,DA4068-XL,12,0,0,0
REBEL MASS EXPORT PVT LTD,SHORT-0003 WHITE PRINT,DA2348-L,L,,DA2348-L,12,0,0,0
REBEL MASS EXPORT PVT LTD,SHORT-0003 WHITE PRINT,DA2349-XL,XL,,DA2349-XL,12,0,0,0
REBEL MASS EXPORT PVT LTD,TS25-0039 GREY,DA1983-L,L,,DA1983-L,12,0,0,0
REBEL MASS EXPORT PVT LTD,TS25-0039 GREY,DA1985-XXL,XXL,,DA1985-XXL,12,0,0,0
REBEL MASS EXPORT PVT LTD,TS25-0047 BLACK,DA2151-M,M,,DA2151-M,12,0,0,0
REBEL MASS EXPORT PVT LTD,TS25-0049 SKY BLUE,DA2204-S,S,,DA2204-S,12,0,0,0
REBEL MASS EXPORT PVT LTD,TS25-0051 SKY BLUE,DA2214-S,S,,DA2214-S,12,0,0,0
REBEL MASS EXPORT PVT LTD,TS25-0054C OLIVE,DA2384-XL,XL,,DA2384-XL,12,0,0,0
REBEL MASS EXPORT PVT LTD,TS25-0059 BLUE,DA2567-XXL,XXL,,DA2567-XXL,12,0,0,0
REBEL MASS EXPORT PVT LTD,2PC25-0033 BLACK,DA3401-111.76CM(44),111.76CM (44),,DA3401-111.76CM(44),12,0,0,0
REBEL MASS EXPORT PVT LTD,ASRFTR-001 N/A,DA3052-81.28CM(32),81.28CM (32),,DA3052-81.28CM(32),12,0,0,0
REBEL MASS EXPORT PVT LTD,ASR-SHIRT-0004815 N/A,0004815-XXL,XXL,,0004815-XXL,12,0,0,0
REBEL MASS EXPORT PVT LTD,AW24BL0004-0003599 BLACK,0003599-91.44CM(36),91.44CM(36),,0003599-91.44CM(36),12,0,0,0
REBEL MASS EXPORT PVT LTD,AW24BL0012-0004495 WINE,0004495-111.76CM(44),111.76CM (44),,0004495-111.76CM(44),12,0,0,0
REBEL MASS EXPORT PVT LTD,AW24BL0013-0004416 WINE,0004416-106.68CM(42),106.68CM (42),,0004416-106.68CM(42),12,0,0,0
REBEL MASS EXPORT PVT LTD,AW24BL0013-0004497 NAVY,0004497-101.6CM(40),101.6CM (40),,0004497-101.6CM(40),12,0,0,0
REBEL MASS EXPORT PVT LTD,AW24BL0016-0005205 GREY,0005205-101.6CM(40),101.6CM (40),,0005205-101.6CM(40),12,0,0,0
REBEL MASS EXPORT PVT LTD,AW24CT0001-0004991 NAVY,0004991-101.6CM(40),101.6CM (40),,0004991-101.6CM(40),12,0,0,0
REBEL MASS EXPORT PVT LTD,AW24CT0001-0004992 NAVY,0004992-106.68CM.(42),106.68CM. (42),,0004992-106.68CM.(42),12,0,0,0
REBEL MASS EXPORT PVT LTD,AW24CT0002-0004999 BLACK,0004999-101.6CM(40),101.6CM (40),,0004999-101.6CM(40),12,0,0,0
REBEL MASS EXPORT PVT LTD,AW24CT0002-0005003 NAVY,0005003-101.6CM(40),101.6CM (40),,0005003-101.6CM(40),12,0,0,0
REBEL MASS EXPORT PVT LTD,AW24CTR0003-0004817 KHAKI,0004817-81.28CM(32),81.28CM (32),,0004817-81.28CM(32),12,0,0,0
REBEL MASS EXPORT PVT LTD,AW24CTR0003-0004865 STEAL GREY,0004865-81.28CM(32),81.28CM (32),,0004865-81.28CM(32),12,0,0,0
REBEL MASS EXPORT PVT LTD,AW24CTR0004-0005733 PISTA,0005733-81.28CM(32),81.28CM (32),,0005733-81.28CM(32),12,0,0,0
REBEL MASS EXPORT PVT LTD,AW24CTR0004-0005737 BROWN,0005737-76.20CM(30),76.20CM (30),,0005737-76.20CM(30),12,0,0,0
REBEL MASS EXPORT PVT LTD,AW24CTR0004-0005738 BROWN,0005738-81.28CM(32),81.28CM (32),,0005738-81.28CM(32),12,0,0,0
REBEL MASS EXPORT PVT LTD,AW24CTR0004-0005744 B.GREEN,0005744-86.36CM(34),86.36CM (34),,0005744-86.36CM(34),12,0,0,0
REBEL MASS EXPORT PVT LTD,AW24CTR0005-0005763 OLIVE,0005763-81.28CM(32),81.28CM (32),,0005763-81.28CM(32),12,0,0,0
REBEL MASS EXPORT PVT LTD,AW24D0009A-0004259 DIRTY EARTH,0004259-81.28CM(32),81.28CM (32),,0004259-81.28CM(32),12,0,0,0
REBEL MASS EXPORT PVT LTD,AW24D0009A-0004267 TINT BROWN,0004267-91.44CM(36),91.44CM(36),,0004267-91.44CM(36),12,0,0,0
REBEL MASS EXPORT PVT LTD,AW24D0011-0003882 L.GREY,0003882-81.28CM(32),81.28CM (32),,0003882-81.28CM(32),12,0,0,0
REBEL MASS EXPORT PVT LTD,AW24D0011-0003886 BLUE TOWEL,0003886-71.12CM(28),71.12CM (28),,0003886-71.12CM(28),12,0,0,0
REBEL MASS EXPORT PVT LTD,AW24D0011-0003892 C.BLUE,0003892-71.12CM(28),71.12CM (28),,0003892-71.12CM(28),12,0,0,0
REBEL MASS EXPORT PVT LTD,AW24D0011-0004343 L.BLUE,0004343-96.52CM(38),96.52CM (38),,0004343-96.52CM(38),12,0,0,0
REBEL MASS EXPORT PVT LTD,AW24D0011-0004350 D.BLUE.,0004350-71.12CM(28),71.12CM (28),,0004350-71.12CM(28),12,0,0,0
REBEL MASS EXPORT PVT LTD,AW24D0015-0004377 M.BLUE.,0004377-86.36CM(34),86.36CM (34),,0004377-86.36CM(34),12,0,0,0
REBEL MASS EXPORT PVT LTD,AW24D0017-0004388 BLACK,0004388-81.28CM(32),81.28CM (32),,0004388-81.28CM(32),12,0,0,0
REBEL MASS EXPORT PVT LTD,AW24D0020-0004356 L.BLUE,0004356-71.12CM(28),71.12CM (28),,0004356-71.12CM(28),12,0,0,0
REBEL MASS EXPORT PVT LTD,AW24D0021-0005370 KHAKI TINT,0005370-71.12CM(28),71.12CM (28),,0005370-71.12CM(28),12,0,0,0
REBEL MASS EXPORT PVT LTD,AW24D0021-0005375 KHAKI TINT,0005375-96.52CM(38),96.52CM (38),,0005375-96.52CM(38),12,0,0,0
REBEL MASS EXPORT PVT LTD,AW24D0021-0006474 BLUE.A,0006474-71.12CM(28),71.12CM (28),,0006474-71.12CM(28),12,0,0,0
REBEL MASS EXPORT PVT LTD,AW24D0021-0006480 BLUE,0006480-71.12CM(28),71.12CM (28),,0006480-71.12CM(28),12,0,0,0
REBEL MASS EXPORT PVT LTD,AW24D0021-0006485 BLUE,0006485-96.52CM(38),96.52CM (38),,0006485-96.52CM(38),12,0,0,0
REBEL MASS EXPORT PVT LTD,AW24D0021-0006486 L.BLUE,0006486-71.12CM(28),71.12CM (28),,0006486-71.12CM(28),12,0,0,0
REBEL MASS EXPORT PVT LTD,AW24D0028-0006446 BLACK,0006446-81.28CM(32),81.28CM (32),,0006446-81.28CM(32),12,0,0,0
REBEL MASS EXPORT PVT LTD,AW24JKT0003-0002649 KHAKI,0002649-XXL,XXL,,0002649-XXL,12,0,0,0
REBEL MASS EXPORT PVT LTD,AW24JKT0004-0002275 RUST,0002275-XL,XL,,0002275-XL,12,0,0,0
REBEL MASS EXPORT PVT LTD,AW24JKT0004-0002277 BLACK,0002277-M,M,,0002277-M,12,0,0,0
REBEL MASS EXPORT PVT LTD,AW24JKT0004-0002281 SKY BLUE,0002281-M,M,,0002281-M,12,0,0,0
REBEL MASS EXPORT PVT LTD,AW24JKT0004-0002282 SKY BLUE,0002282-L,L,,0002282-L,12,0,0,0
REBEL MASS EXPORT PVT LTD,AW24JKT0008-0002495 GREY,0002495-3XL,3XL,,0002495-3XL,12,0,0,0
REBEL MASS EXPORT PVT LTD,AW24JKT0017 BLACK,DA0784-4XL,4XL,,DA0784-4XL,12,0,0,0
REBEL MASS EXPORT PVT LTD,AW24PO0005-0004725 PEACH,0004725-L,L,,0004725-L,12,0,0,0
REBEL MASS EXPORT PVT LTD,AW24PO0005-0005255 BEIGE,0005255-M,M,,0005255-M,12,0,0,0
REBEL MASS EXPORT PVT LTD,AW24PO0005-0005322 MUSTARD,0005322-L,L,,0005322-L,12,0,0,0
REBEL MASS EXPORT PVT LTD,AW24PO0006-0004733 MUSTARD,0004733-L,L,,0004733-L,12,0,0,0
REBEL MASS EXPORT PVT LTD,AW24PO0006-0005329 YELLOW,0005329-XL,XL,,0005329-XL,12,0,0,0
REBEL MASS EXPORT PVT LTD,AW24SH0037-0002880 SKY BLUE,0002880-XL,XL,,0002880-XL,12,0,0,0
REBEL MASS EXPORT PVT LTD,AW24SH0037-0002908 PINK,0002908-XL,XL,,0002908-XL,12,0,0,0
REBEL MASS EXPORT PVT LTD,AW24SH0042-0002971 BEIGE,0002971-L,L,,0002971-L,12,0,0,0
REBEL MASS EXPORT PVT LTD,AW24SH0043-0002980 SKY BLUE,0002980-XL,XL,,0002980-XL,12,0,0,0
REBEL MASS EXPORT PVT LTD,AW24SH0083-0004169 BLUE,0004169-XL,XL,,0004169-XL,12,0,0,0
REBEL MASS EXPORT PVT LTD,AW24SH0083-0004173 L.PURPLE,0004173-XL,XL,,0004173-XL,12,0,0,0
REBEL MASS EXPORT PVT LTD,AW24SH0085-0004224 GREY,0004224-L,L,,0004224-L,12,0,0,0
REBEL MASS EXPORT PVT LTD,AW24SH0088-0004537 KHAKI,0004537-L,L,,0004537-L,12,0,0,0
REBEL MASS EXPORT PVT LTD,AW24SH0090-0004588 GOLDEN,0004588-M,M,,0004588-M,12,0,0,0
REBEL MASS EXPORT PVT LTD,AW24SH0090-0004598 L.PURPLE,0004598-XL,XL,,0004598-XL,12,0,0,0
REBEL MASS EXPORT PVT LTD,AW24SH0090-0004602 SEA GREEN,0004602-XL,XL,,0004602-XL,12,0,0,0
REBEL MASS EXPORT PVT LTD,AW24SH0090-0004612 PURPLE,0004612-M,M,,0004612-M,12,0,0,0
REBEL MASS EXPORT PVT LTD,AW24SH0092-0004633 NAVY,0004633-L,L,,0004633-L,12,0,0,0
REBEL MASS EXPORT PVT LTD,AW24SH0110-0005466 SKY BLUE,0005466-XL,XL,,0005466-XL,12,0,0,0
REBEL MASS EXPORT PVT LTD,AW24SH0110-0005474 D.MAHROON.,0005474-XL,XL,,0005474-XL,12,0,0,0
REBEL MASS EXPORT PVT LTD,AW24SH0113-0005494 RED,0005494-XL,XL,,0005494-XL,12,0,0,0
REBEL MASS EXPORT PVT LTD,AW24SH0115-0005509 RED,0005509-L,L,,0005509-L,12,0,0,0
REBEL MASS EXPORT PVT LTD,AW24SH0118-0005529 KHAKI,0005529-L,L,,0005529-L,12,0,0,0
REBEL MASS EXPORT PVT LTD,AW24SH0118-0005534 GREY,0005534-XL,XL,,0005534-XL,12,0,0,0
REBEL MASS EXPORT PVT LTD,AW24SH0119-0005537 GREY,0005537-L,L,,0005537-L,12,0,0,0
REBEL MASS EXPORT PVT LTD,AW24SH0121-0005554 MAHROON,0005554-XL,XL,,0005554-XL,12,0,0,0
REBEL MASS EXPORT PVT LTD,AW24SH0124-0005632 SKY BLUE,0005632-L,L,,0005632-L,12,0,0,0
REBEL MASS EXPORT PVT LTD,AW24SH0124-0005633 SKY BLUE,0005633-XL,XL,,0005633-XL,12,0,0,0
REBEL MASS EXPORT PVT LTD,AW24SH0132-0005666 WHITE,0005666-XXL,XXL,,0005666-XXL,12,0,0,0
REBEL MASS EXPORT PVT LTD,AW24SH0133-0005667 WHITE,0005667-M,M,,0005667-M,12,0,0,0
REBEL MASS EXPORT PVT LTD,AW24SH0134-0005671 WHITE,0005671-M,M,,0005671-M,12,0,0,0
REBEL MASS EXPORT PVT LTD,AW24SH0134-0005674 WHITE,0005674-XXL,XXL,,0005674-XXL,12,0,0,0
REBEL MASS EXPORT PVT LTD,AW24SH0147-0005824 GREEN,0005824-XXL,XXL,,0005824-XXL,12,0,0,0
REBEL MASS EXPORT PVT LTD,AW24SH0147-0005828 L.GREEN,0005828-XXL,XXL,,0005828-XXL,12,0,0,0
REBEL MASS EXPORT PVT LTD,AW24SH0148-0005843 WHITE,0005843-XL,XL,,0005843-XL,12,0,0,0
REBEL MASS EXPORT PVT LTD,AW24SH0150-0005860 WHITE,0005860-XXL,XXL,,0005860-XXL,12,0,0,0
REBEL MASS EXPORT PVT LTD,AW24SH0152-0005872 D.SEA GREEN,0005872-XXL,XXL,,0005872-XXL,12,0,0,0
REBEL MASS EXPORT PVT LTD,AW24SH0152-0005873 L.KHAKI,0005873-M,M,,0005873-M,12,0,0,0
REBEL MASS EXPORT PVT LTD,AW24SH0152-0005876 L.KHAKI,0005876-XXL,XXL,,0005876-XXL,12,0,0,0
REBEL MASS EXPORT PVT LTD,AW24SH0152-0005877 KHAKI,0005877-M,M,,0005877-M,12,0,0,0
REBEL MASS EXPORT PVT LTD,AW24SH0154-0005899 NAVY,0005899-XL,XL,,0005899-XL,12,0,0,0
REBEL MASS EXPORT PVT LTD,AW24SH0155-0005912 COFFEE,0005912-XXL,XXL,,0005912-XXL,12,0,0,0
REBEL MASS EXPORT PVT LTD,AW24SH0156-0005917 GREEN,0005917-M,M,,0005917-M,12,0,0,0
REBEL MASS EXPORT PVT LTD,AW24SH0156-0005920 GREEN,0005920-XXL,XXL,,0005920-XXL,12,0,0,0
REBEL MASS EXPORT PVT LTD,AW24SH0156-0005928 BROWN,0005928-XXL,XXL,,0005928-XXL,12,0,0,0
REBEL MASS EXPORT PVT LTD,AW24SH0156-0005932 MAHROON,0005932-XXL,XXL,,0005932-XXL,12,0,0,0
REBEL MASS EXPORT PVT LTD,AW24SH0156-0005937 BROWN,0005937-M,M,,0005937-M,12,0,0,0
REBEL MASS EXPORT PVT LTD,AW24SH0160-0005972 COFFEE,0005972-XXL,XXL,,0005972-XXL,12,0,0,0
REBEL MASS EXPORT PVT LTD,AW24SH0161-0005982 PINK,0005982-L,L,,0005982-L,12,0,0,0
REBEL MASS EXPORT PVT LTD,AW24SH0161-0005999 T.BLUE,0005999-XL,XL,,0005999-XL,12,0,0,0
REBEL MASS EXPORT PVT LTD,AW24SH0162-0006006 T.BLUE,0006006-L,L,,0006006-L,12,0,0,0
REBEL MASS EXPORT PVT LTD,AW24SH0162-0006019 PURPLE,0006019-XL,XL,,0006019-XL,12,0,0,0
REBEL MASS EXPORT PVT LTD,AW24SH0163-0006026 PINK,0006026-L,L,,0006026-L,12,0,0,0
REBEL MASS EXPORT PVT LTD,AW24SH0174-0006114 MAHROON,0006114-L,L,,0006114-L,12,0,0,0
REBEL MASS EXPORT PVT LTD,AW24SH0176-0006136 SEA BLUE,0006136-XXL,XXL,,0006136-XXL,12,0,0,0
REBEL MASS EXPORT PVT LTD,AW24SH0178-0006160 SEA BLUE,0006160-XXL,XXL,,0006160-XXL,12,0,0,0
REBEL MASS EXPORT PVT LTD,AW24SH0178-0006167 PEACH,0006167-XL,XL,,0006167-XL,12,0,0,0
REBEL MASS EXPORT PVT LTD,AW24SH0178-0006168 PEACH,0006168-XXL,XXL,,0006168-XXL,12,0,0,0
REBEL MASS EXPORT PVT LTD,AW24SH0180-0006194 WHITE,0006194-L,L,,0006194-L,12,0,0,0
REBEL MASS EXPORT PVT LTD,AW24SH0189-0006278 RUST,0006278-L,L,,0006278-L,12,0,0,0
REBEL MASS EXPORT PVT LTD,AW24SH0190-0006294 OLIVE,0006294-L,L,,0006294-L,12,0,0,0
REBEL MASS EXPORT PVT LTD,AW24SS0009-0003810 TEAL,0003810-XL,XL,,0003810-XL,12,0,0,0
REBEL MASS EXPORT PVT LTD,AW24SS0015-0005014 MUSTARD,0005014-M,M,,0005014-M,12,0,0,0
REBEL MASS EXPORT PVT LTD,AW24SS0021-0006329 BLACK,0006329-M,M,,0006329-M,12,0,0,0
REBEL MASS EXPORT PVT LTD,AW24SS0021-0006339 CREAM,0006339-XL,XL,,0006339-XL,12,0,0,0
REBEL MASS EXPORT PVT LTD,AW24SS0022-0006355 YELLOW,0006355-XL,XL,,0006355-XL,12,0,0,0
REBEL MASS EXPORT PVT LTD,AW24WL0001-0003772 GREY,0003772-M,M,,0003772-M,12,0,0,0
REBEL MASS EXPORT PVT LTD,AW24WL0001-0003778 D.GREY,0003778-XL,XL,,0003778-XL,12,0,0,0
REBEL MASS EXPORT PVT LTD,BELT0005-0001856 DOTTED BLACK,0001856-125CM,125 CM,,0001856-125CM,12,0,0,0
REBEL MASS EXPORT PVT LTD,BELT25-18-0005 BLACK,DA0568-115CM,115 CM,BLACK,DA0568-115CM,12,0,0,0
REBEL MASS EXPORT PVT LTD,BLZ25-0013 CREAM,DA1389-106.68CM(42),106.68CM (42),,DA1389-106.68CM(42),12,0,0,0
REBEL MASS EXPORT PVT LTD,BLZ25-0013 GREY,DA1401-106.68CM(42),106.68CM (42),,DA1401-106.68CM(42),12,0,0,0
REBEL MASS EXPORT PVT LTD,BLZ25-0013 OFF WHITE,DA1392-101.6CM(40),101.6CM (40),,DA1392-101.6CM(40),12,0,0,0
REBEL MASS EXPORT PVT LTD,BLZ25-0014 L.KHAKI,DA1404-101.6CM(40),101.6CM (40),,DA1404-101.6CM(40),12,0,0,0
REBEL MASS EXPORT PVT LTD,CRC25-0004A NAVY,DA0227-81.28CM(32),81.28CM (32),,DA0227-81.28CM(32),12,0,0,0
REBEL MASS EXPORT PVT LTD,CRC25-0004A NAVY,DA0228-86.36CM(34),86.36CM (34),,DA0228-86.36CM(34),12,0,0,0
REBEL MASS EXPORT PVT LTD,CRC25-0006 CREAM,DA0309-101.6CM(40),101.6CM (40),,DA0309-101.6CM(40),12,0,0,0
REBEL MASS EXPORT PVT LTD,CRC25-0006 NAVY,DA0288-86.36CM(34),86.36CM (34),,DA0288-86.36CM(34),12,0,0,0
REBEL MASS EXPORT PVT LTD,CRC25-0008 GREEN,DA0407-96.52CM(38),96.52CM (38),,DA0407-96.52CM(38),12,0,0,0
REBEL MASS EXPORT PVT LTD,CRC25-18-0003 FIROZI,DA0214-81.28CM(32),81.28CM (32),,DA0214-81.28CM(32),12,0,0,0
REBEL MASS EXPORT PVT LTD,CRC25-18-0003 KHAKI,DA0787-81.28CM(32),81.28CM (32),,DA0787-81.28CM(32),12,0,0,0
REBEL MASS EXPORT PVT LTD,CRC25-18-0003 TAN,DA0796-91.44CM(36),91.44CM(36),,DA0796-91.44CM(36),12,0,0,0
REBEL MASS EXPORT PVT LTD,CRC25-18-0003-0008169 SKY BLUE,0008169-81.28CM(32),81.28CM (32),,0008169-81.28CM(32),12,0,0,0
REBEL MASS EXPORT PVT LTD,CSH25-0001-0006626 WHT/BLUE,0006626-L,L,,0006626-L,12,0,0,0
REBEL MASS EXPORT PVT LTD,CSH25-0001-0006632 WHT/GREEN,0006632-S,S,,0006632-S,12,0,0,0
REBEL MASS EXPORT PVT LTD,CSH25-0003-0006687 WHT/GREEN,0006687-XL,XL,,0006687-XL,12,0,0,0
REBEL MASS EXPORT PVT LTD,CSH25-0003-0006691 WHT/PINK,0006691-XL,XL,,0006691-XL,12,0,0,0
REBEL MASS EXPORT PVT LTD,CSH25-0004-0006700 SKY BLUE,0006700-S,S,,0006700-S,12,0,0,0
REBEL MASS EXPORT PVT LTD,CSH25-0004-0006715 SEA GREEN,0006715-XL,XL,,0006715-XL,12,0,0,0
REBEL MASS EXPORT PVT LTD,CSH25-0004-0006723 GREY,0006723-XL,XL,,0006723-XL,12,0,0,0
REBEL MASS EXPORT PVT LTD,CSH25-0004-0006734 D.PINK,0006734-L,L,,0006734-L,12,0,0,0
REBEL MASS EXPORT PVT LTD,CSH25-0006-0006861 BROWN,0006861-M,M,,0006861-M,12,0,0,0
REBEL MASS EXPORT PVT LTD,CSH25-0011-0006903 NAVY,0006903-XL,XL,,0006903-XL,12,0,0,0
REBEL MASS EXPORT PVT LTD,CSH25-0038 OLIVE,DA0497-XL,XL,,DA0497-XL,12,0,0,0
REBEL MASS EXPORT PVT LTD,CSH25-0041 BLACK,DA0559-M,M,,DA0559-M,12,0,0,0
REBEL MASS EXPORT PVT LTD,CSH25-0065 BLACK,DA2389-XXL,XXL,,DA2389-XXL,12,0,0,0
REBEL MASS EXPORT PVT LTD,CSH25-39-0013-0007083 YELLOW,0007083-XL,XL,,0007083-XL,12,0,0,0
REBEL MASS EXPORT PVT LTD,CSH25-39-0019-0008175 MAHROON,0008175-L,L,,0008175-L,12,0,0,0
REBEL MASS EXPORT PVT LTD,CSH25-39-0021-0008182 GREEN,0008182-M,M,,0008182-M,12,0,0,0
REBEL MASS EXPORT PVT LTD,CSH25-39-0024-0008194 D.BEIGE,0008194-M,M,,0008194-M,12,0,0,0
REBEL MASS EXPORT PVT LTD,CSH25-39-0033-0008231 WHT/GREEN,0008231-L,L,,0008231-L,12,0,0,0
REBEL MASS EXPORT PVT LTD,CSH25-39-0036-0008253 YELLOW,0008253-XXL,XXL,,0008253-XXL,12,0,0,0
REBEL MASS EXPORT PVT LTD,CTR25-0007 B.GREEN,DA0129-76.20CM(30),76.20CM (30),,DA0129-76.20CM(30),12,0,0,0
REBEL MASS EXPORT PVT LTD,CTR25-0007 B.GREEN,DA0132-91.44CM(36),91.44CM (36),,DA0132-91.44CM(36),12,0,0,0
REBEL MASS EXPORT PVT LTD,CTR25-0007 BLACK,DA0151-81.28CM(32),81.28CM (32),,DA0151-81.28CM(32),12,0,0,0
REBEL MASS EXPORT PVT LTD,CTR25-04-0005-0007681 STEAL GREY,0007681-86.36CM(34),86.36CM (34),,0007681-86.36CM(34),12,0,0,0
REBEL MASS EXPORT PVT LTD,CTR25-18-0006-0008118 CREAM,0008118-81.28CM(32),81.28CM (32),,0008118-81.28CM(32),12,0,0,0
REBEL MASS EXPORT PVT LTD,CTR25-36-0002-0007448 GREY,0007448-76.20CM(30),76.20CM (30),,0007448-76.20CM(30),12,0,0,0
REBEL MASS EXPORT PVT LTD,CTR25-36-0002-0007452 GREY,0007452-96.52CM(38),96.52CM (38),,0007452-96.52CM(38),12,0,0,0
REBEL MASS EXPORT PVT LTD,CTR25-36-0004-0007486 L.GREY,0007486-91.44CM(36),91.44CM (36),,0007486-91.44CM(36),12,0,0,0
REBEL MASS EXPORT PVT LTD,CWC25-0004 CREAM,DA3346-101.6CM(40),101.6CM (40),,DA3346-101.6CM(40),12,0,0,0
REBEL MASS EXPORT PVT LTD,CWC25-15-0001-0007648 BLACK,0007648-111.76CM(44),111.76CM (44),,0007648-111.76CM(44),12,0,0,0
REBEL MASS EXPORT PVT LTD,CWC25-32-0006 FAWN,DA1585-111.76CM(44),111.76CM (44),,DA1585-111.76CM(44),12,0,0,0
REBEL MASS EXPORT PVT LTD,DCR25-0013 GREY/BLK,DA3165-81.28CM(32),81.28CM (32),,DA3165-81.28CM(32),12,0,0,0
REBEL MASS EXPORT PVT LTD,DCR25-34-0001-0007535 BLUE,0007535-86.36CM(34),86.36CM (34),,0007535-86.36CM(34),12,0,0,0
REBEL MASS EXPORT PVT LTD,DCR25-34-0002-0007541 BLUE,0007541-86.36CM(34),86.36CM (34),,0007541-86.36CM(34),12,0,0,0
REBEL MASS EXPORT PVT LTD,DCR25-34-0008-0007843 BLACK,0007843-96.52CM(38),96.52CM (38),,0007843-96.52CM(38),12,0,0,0
REBEL MASS EXPORT PVT LTD,DNM25-34-0001-0007519 BLUE,0007519-96.52CM(38),96.52CM (38),,0007519-96.52CM(38),12,0,0,0
REBEL MASS EXPORT PVT LTD,DNM25-34-0012 L.BLUE,DA1284-81.28CM(32),81.28CM (32),,DA1284-81.28CM(32),12,0,0,0
REBEL MASS EXPORT PVT LTD,DNM25-34-0013 D.BLUE,DA1290-81.28CM(32),81.28CM (32),,DA1290-81.28CM(32),12,0,0,0
REBEL MASS EXPORT PVT LTD,DNM25-34-0016 GREY,DA1350-76.20CM(30),76.20CM (30),,DA1350-76.20CM(30),12,0,0,0
REBEL MASS EXPORT PVT LTD,FSH25-0002-0006932 STEAL GREY,0006932-XXL,XXL,,0006932-XXL,12,0,0,0
REBEL MASS EXPORT PVT LTD,FSH25-0003-0006953 YELLOW,0006953-M,M,,0006953-M,12,0,0,0
REBEL MASS EXPORT PVT LTD,FSH25-0004-0006977 STEAL GREY,0006977-M,M,,0006977-M,12,0,0,0
REBEL MASS EXPORT PVT LTD,FSH25-0005-0006993 LEMON,0006993-M,M,,0006993-M,12,0,0,0
REBEL MASS EXPORT PVT LTD,FSH25-0036 AQUA,DA1728-XL,XL,,DA1728-XL,12,0,0,0
REBEL MASS EXPORT PVT LTD,FSH25-0041 WHITE,DA1811-L,L,,DA1811-L,12,0,0,0
REBEL MASS EXPORT PVT LTD,FSH25-0048 WHITE,DA2065-XXL,XXL,,DA2065-XXL,12,0,0,0
REBEL MASS EXPORT PVT LTD,FSH25-0052 WHITE,DA2078-M,M,,DA2078-M,12,0,0,0
REBEL MASS EXPORT PVT LTD,FSH25-0061 BLACK,DA2245-L,L,,DA2245-L,12,0,0,0
REBEL MASS EXPORT PVT LTD,FSH25-39-0009-0007916 TOBBACO,0007916-XXL,XXL,,0007916-XXL,12,0,0,0
REBEL MASS EXPORT PVT LTD,FSH25-39-0016-0007968 BLUE,0007968-XXL,XXL,,0007968-XXL,12,0,0,0
REBEL MASS EXPORT PVT LTD,FSH25-39-0018-0007987 MUSTARD,0007987-XL,XL,,0007987-XL,12,0,0,0
REBEL MASS EXPORT PVT LTD,FSH25-39-0019-0007994 D.BROWN,0007994-L,L,,0007994-L,12,0,0,0
REBEL MASS EXPORT PVT LTD,FSH25-39-0022-0008013 GREEN,0008013-M,M,,0008013-M,12,0,0,0
REBEL MASS EXPORT PVT LTD,FTR25-0004-0006755 SKY BLUE,0006755-76.20CM(30),76.20CM (30),,0006755-76.20CM(30),12,0,0,0
REBEL MASS EXPORT PVT LTD,FTR25-0033-0007729 GREY,0007729-81.28CM(32),81.28CM (32),,0007729-81.28CM(32),12,0,0,0
REBEL MASS EXPORT PVT LTD,FTR25-0033-0007730 GREY,0007730-86.36CM(34),86.36CM (34),,0007730-86.36CM(34),12,0,0,0
REBEL MASS EXPORT PVT LTD,FTR25-0045 BEIGE,DA0186-81.28CM(32),81.28CM (32),,DA0186-81.28CM(32),12,0,0,0
REBEL MASS EXPORT PVT LTD,FTR25-0047 BLACK,DA1029-81.28CM(32),81.28CM (32),,DA1029-81.28CM(32),12,0,0,0
REBEL MASS EXPORT PVT LTD,FTR25-18-0013-0007270 BLACK,0007270-101.6CM(40),101.6CM (40),,0007270-101.6CM(40),12,0,0,0
REBEL MASS EXPORT PVT LTD,FTR25-18-0016-0007311 BLUE,0007311-96.52CM(38),96.52CM (38),,0007311-96.52CM(38),12,0,0,0
REBEL MASS EXPORT PVT LTD,FTR25-18-0018-0007321 NAVY,0007321-86.36CM(34),86.36CM (34),,0007321-86.36CM(34),12,0,0,0
REBEL MASS EXPORT PVT LTD,FTR25-18-0038-0007880 BLUE,0007880-86.36CM(34),86.36CM (34),,0007880-86.36CM(34),12,0,0,0
REBEL MASS EXPORT PVT LTD,JKT25-0001 WINE,DA0775-M,M,,DA0775-M,12,0,0,0
REBEL MASS EXPORT PVT LTD,MBDNM0004-0000495 MERCRIZE BLUE,0000495-38,38,,0000495-38,12,0,0,0
REBEL MASS EXPORT PVT LTD,MBDNM0005-0000501 MERCRIZE BLUE,0000501-30,30,,0000501-30,12,0,0,0
REBEL MASS EXPORT PVT LTD,MBDNM0017-0000875 DIRTY EARTH,0000875-34,34,,0000875-34,12,0,0,0
REBEL MASS EXPORT PVT LTD,MBDNM0028-0001770 DARK BLUE,0001770-96.52CM(38INCH),96.52 CM (38 INCH),,0001770-96.52CM(38INCH),12,0,0,0
REBEL MASS EXPORT PVT LTD,MBDNM0034-0001814 DARK BLUE,0001814-86.36CM(34INCH),86.36 CM (34 INCH),,0001814-86.36CM(34INCH),12,0,0,0
REBEL MASS EXPORT PVT LTD,MCBLZ0025-0000756 D.PURPLE,0000756-40,40,,0000756-40,12,0,0,0
REBEL MASS EXPORT PVT LTD,MCBLZ0032-0000787 BLUE,0000787-40,40,,0000787-40,12,0,0,0
REBEL MASS EXPORT PVT LTD,MCBLZ0039-0001160 FAWN,0001160-42,42,,0001160-42,12,0,0,0
REBEL MASS EXPORT PVT LTD,MCBLZ0044-0001180 SKY BLUE,0001180-42,42,,0001180-42,12,0,0,0
REBEL MASS EXPORT PVT LTD,MFSHT0001-0000535 NAVY,0000535-XXL,XXL,,0000535-XXL,12,0,0,0
REBEL MASS EXPORT PVT LTD,MFSHT0002-0000539 LIGHT GREY,0000539-XL,XL,,0000539-XL,12,0,0,0
REBEL MASS EXPORT PVT LTD,MFSHT0029-0000980 L.BLUE,0000980-L,L,,0000980-L,12,0,0,0
REBEL MASS EXPORT PVT LTD,MFSHT0030-0001193 DARK GREY,0001193-XL,XL,,0001193-XL,12,0,0,0
REBEL MASS EXPORT PVT LTD,MJKTS0001-0002404 SEA GREEN,0002404-M,M,,0002404-M,12,0,0,0
REBEL MASS EXPORT PVT LTD,MTSFS0007-0000581 WHITE,0000581-L,L,,0000581-L,12,0,0,0
REBEL MASS EXPORT PVT LTD,MTSHS0001-0000558 CAMEL,0000558-L,L,,0000558-L,12,0,0,0
REBEL MASS EXPORT PVT LTD,SHORT25-0001 CREAM,DA1295-L,L,,DA1295-L,12,0,0,0
REBEL MASS EXPORT PVT LTD,SHORT25-0002 GREY,DA1923-XL,XL,,DA1923-XL,12,0,0,0
REBEL MASS EXPORT PVT LTD,TS25-0005 TEAL,DA0873-M,M,,DA0873-M,12,0,0,0
REBEL MASS EXPORT PVT LTD,TS25-0012 WHITE,DA1179-XXL,XXL,,DA1179-XXL,12,0,0,0
REBEL MASS EXPORT PVT LTD,TS25-0015A GREY,DA1622-M,M,,DA1622-M,12,0,0,0
REBEL MASS EXPORT PVT LTD,TS25-0027 BLUE,DA1691-L,L,,DA1691-L,12,0,0,0
REBEL MASS EXPORT PVT LTD,TS25-0029 B.GREEN,DA1702-M,M,,DA1702-M,12,0,0,0
REBEL MASS EXPORT PVT LTD,TS25-0032 GREEN,DA1715-L,L,,DA1715-L,12,0,0,0
REBEL MASS EXPORT PVT LTD,2PC25-0032 G.BLUE,DA3063-106.68CM(42),106.68CM (42),,DA3063-106.68CM(42),11,0,0,0
REBEL MASS EXPORT PVT LTD,2PC25-0032 KHAKI,DA3059-106.68CM(42),106.68CM (42),,DA3059-106.68CM(42),11,0,0,0
REBEL MASS EXPORT PVT LTD,2PC25-0034 L.KHAKI,DA3416-106.68CM(42),106.68CM (42),,DA3416-106.68CM(42),11,0,0,0
REBEL MASS EXPORT PVT LTD,2PC25-0034 PISTA,DA3427-101.6CM(40),101.6CM (40),,DA3427-101.6CM(40),11,0,0,0
REBEL MASS EXPORT PVT LTD,BLZ25-0018 BEIGE,DA2553-101.6CM(40),101.6CM (40),,DA2553-101.6CM(40),11,0,0,0
REBEL MASS EXPORT PVT LTD,BLZ25-0018 BOTTLE GREEN,DA2558-106.68CM(42),106.68CM (42),,DA2558-106.68CM(42),11,0,0,0
REBEL MASS EXPORT PVT LTD,BLZ25-0018 TEAL,DA2546-106.68CM(42),106.68CM (42),,DA2546-106.68CM(42),11,0,0,0
REBEL MASS EXPORT PVT LTD,CSH25-0062 ORANGE/WHT,DA2251-XXL,XXL,,DA2251-XXL,11,0,0,0
REBEL MASS EXPORT PVT LTD,CSH25-0075 MAROON,DA2594-L,L,,DA2594-L,11,0,0,0
REBEL MASS EXPORT PVT LTD,CSH25-0077 NAVY,DA2606-XXL,XXL,,DA2606-XXL,11,0,0,0
REBEL MASS EXPORT PVT LTD,CSH25-0078 MEHANDI,DA2609-L,L,,DA2609-L,11,0,0,0
REBEL MASS EXPORT PVT LTD,CSH25-0089 SEA GREEN,DA2667-XXXL,XXXL,,DA2667-XXXL,11,0,0,0
REBEL MASS EXPORT PVT LTD,CSH25-0097 SKY,DA2703-M,M,,DA2703-M,11,0,0,0
REBEL MASS EXPORT PVT LTD,CSH25-0104 MAROON,DA2739-L,L,,DA2739-L,11,0,0,0
REBEL MASS EXPORT PVT LTD,CSH25-0104 MAROON,DA2740-XL,XL,,DA2740-XL,11,0,0,0
REBEL MASS EXPORT PVT LTD,CSH25-0105 TEAL,DA2746-XXL,XXL,,DA2746-XXL,11,0,0,0
REBEL MASS EXPORT PVT LTD,CSH25-0107 LEMON,DA3169-S,S,,DA3169-S,11,0,0,0
REBEL MASS EXPORT PVT LTD,CSH25-0107 MAROON,DA3248-M,M,,DA3248-M,11,0,0,0
REBEL MASS EXPORT PVT LTD,CSH25-0107 OLIVE,DA3195-L,L,,DA3195-L,11,0,0,0
REBEL MASS EXPORT PVT LTD,CSH25-0107 SKY,DA3209-XXL,XXL,,DA3209-XXL,11,0,0,0
REBEL MASS EXPORT PVT LTD,DNM26-0007 L.BLUE,BM0121-71.12CM(28),71.12CM (28),,BM0121-71.12CM(28),11,0,0,0
REBEL MASS EXPORT PVT LTD,DNM26-0009 L.BLUE,BM0130-86.36CM(34),86.36CM (34),,BM0130-86.36CM(34),11,0,0,0
REBEL MASS EXPORT PVT LTD,FSH25-0062 CHARCOAL,DA2315-M,M,,DA2315-M,11,0,0,0
REBEL MASS EXPORT PVT LTD,FSH25-0062 SKY,DA2263-XL,XL,,DA2263-XL,11,0,0,0
REBEL MASS EXPORT PVT LTD,FSH25-0066 WHITE,DA2858-L,L,,DA2858-L,11,0,0,0
REBEL MASS EXPORT PVT LTD,FSH25-0069 L.GREEN,DA2971-XL,XL,,DA2971-XL,11,0,0,0
REBEL MASS EXPORT PVT LTD,FSH25-0069 L.PINK,DA2898-L,L,,DA2898-L,11,0,0,0
REBEL MASS EXPORT PVT LTD,FSH25-0069 LEMON,DA2954-L,L,,DA2954-L,11,0,0,0
REBEL MASS EXPORT PVT LTD,FSH25-0069 LEMON,DA2953-M,M,,DA2953-M,11,0,0,0
REBEL MASS EXPORT PVT LTD,FSH25-0069 LEMON,DA2955-XL,XL,,DA2955-XL,11,0,0,0
REBEL MASS EXPORT PVT LTD,FSH25-0069 ORANGE,DA2914-L,L,,DA2914-L,11,0,0,0
REBEL MASS EXPORT PVT LTD,FSH25-0069 ORANGE/BLUE,DA2894-L,L,,DA2894-L,11,0,0,0
REBEL MASS EXPORT PVT LTD,FSH25-0069 ORANGE/BLUE,DA2895-XL,XL,,DA2895-XL,11,0,0,0
REBEL MASS EXPORT PVT LTD,FSH25-0069 ORANGE/BLUE,DA2896-XXL,XXL,,DA2896-XXL,11,0,0,0
REBEL MASS EXPORT PVT LTD,FSH25-0069 PINK,DA2882-L,L,,DA2882-L,11,0,0,0
REBEL MASS EXPORT PVT LTD,FSH25-0069 PINK,DA2884-XXL,XXL,,DA2884-XXL,11,0,0,0
REBEL MASS EXPORT PVT LTD,FSH25-0069 PIURPLE,DA2891-XL,XL,,DA2891-XL,11,0,0,0
REBEL MASS EXPORT PVT LTD,FSH25-0069 R.BLUE,DA2909-M,M,,DA2909-M,11,0,0,0
REBEL MASS EXPORT PVT LTD,FSH25-0069 SEA GREEN,DA2902-L,L,,DA2902-L,11,0,0,0
REBEL MASS EXPORT PVT LTD,FSH25-0069 WHITE,DA2961-M,M,,DA2961-M,11,0,0,0
REBEL MASS EXPORT PVT LTD,FSH25-0069 WHITE,DA2964-XXL,XXL,,DA2964-XXL,11,0,0,0
REBEL MASS EXPORT PVT LTD,FSH25-0071 OLIVE,DA3469-XL,XL,,DA3469-XL,11,0,0,0
REBEL MASS EXPORT PVT LTD,FTR25-0077 BLACK,DA3081-86.36CM(34),86.36CM (34),,DA3081-86.36CM(34),11,0,0,0
REBEL MASS EXPORT PVT LTD,FTR25-0077 BLUE,DA3092-91.44CM(36),91.44CM (36),,DA3092-91.44CM(36),11,0,0,0
REBEL MASS EXPORT PVT LTD,LW26-0005 MEHROON,DA4084-XL,XL,,DA4084-XL,11,0,0,0
REBEL MASS EXPORT PVT LTD,SHORT-0003 BEIGE PRINT,DA2365-XL,XL,,DA2365-XL,11,0,0,0
REBEL MASS EXPORT PVT LTD,SHORT-0003 BLACK PRINT,DA2353-XL,XL,,DA2353-XL,11,0,0,0
REBEL MASS EXPORT PVT LTD,SHORT-0003 BLUE PRINT,DA2356-L,L,,DA2356-L,11,0,0,0
REBEL MASS EXPORT PVT LTD,SHORT25-0004 T BLUE,DA3035-81.28CM(32),81.28CM (32),,DA3035-81.28CM(32),11,0,0,0
REBEL MASS EXPORT PVT LTD,TS25-0012 MAROON,DA2340-XL,XL,,DA2340-XL,11,0,0,0
REBEL MASS EXPORT PVT LTD,TS25-0012 OLIVE,DA2125-XL,XL,,DA2125-XL,11,0,0,0
REBEL MASS EXPORT PVT LTD,TS25-0049 SKY BLUE,DA2206-L,L,,DA2206-L,11,0,0,0
REBEL MASS EXPORT PVT LTD,TS25-0051 SKY BLUE,DA2216-L,L,,DA2216-L,11,0,0,0
REBEL MASS EXPORT PVT LTD,2PC25-0027 KHAKI/GREY,DA1884-106.68CM(42),106.68CM (42),,DA1884-106.68CM(42),11,0,0,0
REBEL MASS EXPORT PVT LTD,2PC25-0033 BLACK,DA3399-101.6CM(40),101.6CM (40),,DA3399-101.6CM(40),11,0,0,0
REBEL MASS EXPORT PVT LTD,2PC25-0033 BLACK,DA3398-96.52CM(38),96.52CM (38),,DA3398-96.52CM(38),11,0,0,0
REBEL MASS EXPORT PVT LTD,AW24BL0004-0003587 M.SILVER,0003587-106.68CM(42),106.68CM (42),,0003587-106.68CM(42),11,0,0,0
REBEL MASS EXPORT PVT LTD,AW24BL0008-0003706 BROWN,0003706-106.68CM(42),106.68CM (42),,0003706-106.68CM(42),11,0,0,0
REBEL MASS EXPORT PVT LTD,AW24BL0011-0004431 BLACK,0004431-101.6CM(40),101.6CM (40),,0004431-101.6CM(40),11,0,0,0
REBEL MASS EXPORT PVT LTD,AW24BL0013-0004410 GREEN,0004410-96.52CM(38),96.52CM (38),,0004410-96.52CM(38),11,0,0,0
REBEL MASS EXPORT PVT LTD,AW24BL0013-0004419 ICE/BLUE,0004419-101.6CM(40),101.6CM (40),,0004419-101.6CM(40),11,0,0,0
REBEL MASS EXPORT PVT LTD,AW24BL0015-0005194 L.GREY,0005194-106.68CM(42),106.68CM (42),,0005194-106.68CM(42),11,0,0,0
REBEL MASS EXPORT PVT LTD,AW24BL0015-0005198 GREY,0005198-106.68CM(42),106.68CM (42),,0005198-106.68CM(42),11,0,0,0
REBEL MASS EXPORT PVT LTD,AW24CR0005-0005390 BLACK,0005390-86.36CM(34),86.36CM (34),,0005390-86.36CM(34),11,0,0,0
REBEL MASS EXPORT PVT LTD,AW24CR0005-0005397 BLUE,0005397-96.52CM(38),96.52CM (38),,0005397-96.52CM(38),11,0,0,0
REBEL MASS EXPORT PVT LTD,AW24CTR0001-0002832 FAWN,0002832-91.44CM(36),91.44CM (36),,0002832-91.44CM(36),11,0,0,0
REBEL MASS EXPORT PVT LTD,AW24CTR0002-0002870 MOUSE,0002870-81.28CM(32),81.28CM (32),,0002870-81.28CM(32),11,0,0,0
REBEL MASS EXPORT PVT LTD,AW24CTR0003-0004848 WHITE,0004848-86.36CM(34),86.36CM (34),,0004848-86.36CM(34),11,0,0,0
REBEL MASS EXPORT PVT LTD,AW24CTR0003-0004851 WHITE,0004851-101.6CM(40),101.6CM (40),,0004851-101.6CM(40),11,0,0,0
REBEL MASS EXPORT PVT LTD,AW24CTR0004-0005727 GREEN,0005727-76.20CM(30),76.20CM (30),,0005727-76.20CM(30),11,0,0,0
REBEL MASS EXPORT PVT LTD,AW24CTR0004-0005782 MAHANDI,0005782-76.20CM(30),76.20CM (30),,0005782-76.20CM(30),11,0,0,0
REBEL MASS EXPORT PVT LTD,AW24CTR0005-0005778 GREY,0005778-81.28CM(32),81.28CM (32),,0005778-81.28CM(32),11,0,0,0
REBEL MASS EXPORT PVT LTD,AW24CTR0006-0006538 PISTA,0006538-86.36CM(34),86.36CM (34),,0006538-86.36CM(34),11,0,0,0
REBEL MASS EXPORT PVT LTD,AW24CTR0006-0006548 NAVY,0006548-86.36CM(34),86.36CM (34),,0006548-86.36CM(34),11,0,0,0
REBEL MASS EXPORT PVT LTD,AW24CTR0006-0006553 BEIGE,0006553-86.36CM(34),86.36CM (34),,0006553-86.36CM(34),11,0,0,0
REBEL MASS EXPORT PVT LTD,AW24CTR0007-0006566 CREAM,0006566-76.20CM(30),76.20CM (30),,0006566-76.20CM(30),11,0,0,0
REBEL MASS EXPORT PVT LTD,AW24D0002-0002539 BATA WASH,0002539-91.44CM(36),91.44CM (36),,0002539-91.44CM(36),11,0,0,0
REBEL MASS EXPORT PVT LTD,AW24D0006-0003517 INDIGO BLUE,0003517-71.12CM(28),71.12CM (28),,0003517-71.12CM(28),11,0,0,0
REBEL MASS EXPORT PVT LTD,AW24D0008-0003534 BLACK,0003534-96.52CM(38),96.52CM (38),,0003534-96.52CM(38),11,0,0,0
REBEL MASS EXPORT PVT LTD,AW24D0009A-0004251 DARK BLUE,0004251-71.12CM(28),71.12CM (28),,0004251-71.12CM(28),11,0,0,0
REBEL MASS EXPORT PVT LTD,AW24D0011-0003879 B.T.WASH.,0003879-96.52CM(38),96.52CM (38),,0003879-96.52CM(38),11,0,0,0
REBEL MASS EXPORT PVT LTD,AW24D0011-0003880 L.GREY,0003880-71.12CM(28),71.12CM (28),,0003880-71.12CM(28),11,0,0,0
REBEL MASS EXPORT PVT LTD,AW24D0011-0003896 C.BLUE,0003896-91.44CM(36),91.44CM(36),,0003896-91.44CM(36),11,0,0,0
REBEL MASS EXPORT PVT LTD,AW24D0015-0004379 M.BLUE.,0004379-96.52CM(38),96.52CM (38),,0004379-96.52CM(38),11,0,0,0
REBEL MASS EXPORT PVT LTD,AW24D0021-0006491 L.BLUE,0006491-96.52CM(38),96.52CM (38),,0006491-96.52CM(38),11,0,0,0
REBEL MASS EXPORT PVT LTD,AW24D0024-0005410 L.BLUE,0005410-71.12CM(28),71.12CM (28),,0005410-71.12CM(28),11,0,0,0
REBEL MASS EXPORT PVT LTD,AW24D0028-0006437 TINT BLUE,0006437-96.52CM(38),96.52CM (38),,0006437-96.52CM(38),11,0,0,0
REBEL MASS EXPORT PVT LTD,AW24D0028-0006438 DARK BLUE,0006438-71.12CM(28),71.12CM (28),,0006438-71.12CM(28),11,0,0,0
REBEL MASS EXPORT PVT LTD,AW24D0028-0006443 DARK BLUE,0006443-96.52CM(38),96.52CM (38),,0006443-96.52CM(38),11,0,0,0
REBEL MASS EXPORT PVT LTD,AW24FTR0002-0002524 COFFEE,0002524-71.12CM(28),71.12CM (28),,0002524-71.12CM(28),11,0,0,0
REBEL MASS EXPORT PVT LTD,AW24FTR0041-0006594 NAVY,0006594-76.20CM(30),76.20CM (30),,0006594-76.20CM(30),11,0,0,0
REBEL MASS EXPORT PVT LTD,AW24JKT0004-0002274 RUST,0002274-L,L,,0002274-L,11,0,0,0
REBEL MASS EXPORT PVT LTD,AW24LC0001-0002793 TAN,0002793-96.52CM(38),96.52CM (38),,0002793-96.52CM(38),11,0,0,0
REBEL MASS EXPORT PVT LTD,AW24LC0002-0002798 RUST,0002798-91.44CM(36),91.44CM (36),,0002798-91.44CM(36),11,0,0,0
REBEL MASS EXPORT PVT LTD,AW24PO0005-0005257 BEIGE,0005257-XL,XL,,0005257-XL,11,0,0,0
REBEL MASS EXPORT PVT LTD,AW24PO0005-0005321 MUSTARD,0005321-M,M,,0005321-M,11,0,0,0
REBEL MASS EXPORT PVT LTD,AW24PO0005-0005323 MUSTARD,0005323-XL,XL,,0005323-XL,11,0,0,0
REBEL MASS EXPORT PVT LTD,AW24PO0005-0005562 STEAL GREY,0005562-XL,XL,,0005562-XL,11,0,0,0
REBEL MASS EXPORT PVT LTD,AW24PO0006-0005328 YELLOW,0005328-L,L,,0005328-L,11,0,0,0
REBEL MASS EXPORT PVT LTD,AW24PO0007-0005599 KHAKI,0005599-M,M,,0005599-M,11,0,0,0
REBEL MASS EXPORT PVT LTD,AW24PO0008-0005606 YELLOW,0005606-L,L,,0005606-L,11,0,0,0
REBEL MASS EXPORT PVT LTD,AW24PO0008-0005616 PINK,0005616-XL,XL,,0005616-XL,11,0,0,0
REBEL MASS EXPORT PVT LTD,AW24SH0009-0002190 NAVY,0002190-L,L,,0002190-L,11,0,0,0
REBEL MASS EXPORT PVT LTD,AW24SH0021-0002319 YELLOW,0002319-XL,XL,,0002319-XL,11,0,0,0
REBEL MASS EXPORT PVT LTD,AW24SH0031-0002672 LEMON,0002672-L,L,,0002672-L,11,0,0,0
REBEL MASS EXPORT PVT LTD,AW24SH0034-0002716 BEIGE,0002716-L,L,,0002716-L,11,0,0,0
REBEL MASS EXPORT PVT LTD,AW24SH0042-0002976 GREEN,0002976-XL,XL,,0002976-XL,11,0,0,0
REBEL MASS EXPORT PVT LTD,AW24SH0043-0002979 SKY BLUE,0002979-L,L,,0002979-L,11,0,0,0
REBEL MASS EXPORT PVT LTD,AW24SH0046-0003236 WHITE,0003236-M,M,,0003236-M,11,0,0,0
REBEL MASS EXPORT PVT LTD,AW24SH0046-0003237 WHITE,0003237-L,L,,0003237-L,11,0,0,0
REBEL MASS EXPORT PVT LTD,AW24SH0046-0003241 BEIGE,0003241-L,L,,0003241-L,11,0,0,0
REBEL MASS EXPORT PVT LTD,AW24SH0046-0003246 BLUE,0003246-XL,XL,,0003246-XL,11,0,0,0
REBEL MASS EXPORT PVT LTD,AW24SH0047-0003253 BLUE,0003253-L,L,,0003253-L,11,0,0,0
REBEL MASS EXPORT PVT LTD,AW24SH0047-0003254 BLUE,0003254-XL,XL,,0003254-XL,11,0,0,0
REBEL MASS EXPORT PVT LTD,AW24SH0060-0003357 WHT/PINK,0003357-L,L,,0003357-L,11,0,0,0
REBEL MASS EXPORT PVT LTD,AW24SH0062-0003911 L.BROWN,0003911-L,L,,0003911-L,11,0,0,0
REBEL MASS EXPORT PVT LTD,AW24SH0074-0004048 WHITE,0004048-XL,XL,,0004048-XL,11,0,0,0
REBEL MASS EXPORT PVT LTD,AW24SH0075-0004050 WHITE,0004050-M,M,,0004050-M,11,0,0,0
REBEL MASS EXPORT PVT LTD,AW24SH0076-0004055 WHITE,0004055-L,L,,0004055-L,11,0,0,0
REBEL MASS EXPORT PVT LTD,AW24SH0083-0004184 YELLOW,0004184-L,L,,0004184-L,11,0,0,0
REBEL MASS EXPORT PVT LTD,AW24SH0084-0004209 PINK,0004209-XL,XL,,0004209-XL,11,0,0,0
REBEL MASS EXPORT PVT LTD,AW24SH0084-0004213 PISTA,0004213-XL,XL,,0004213-XL,11,0,0,0
REBEL MASS EXPORT PVT LTD,AW24SH0084-0004216 GREY,0004216-L,L,,0004216-L,11,0,0,0
REBEL MASS EXPORT PVT LTD,AW24SH0086-0004505 CHARCOAL,0004505-L,L,,0004505-L,11,0,0,0
REBEL MASS EXPORT PVT LTD,AW24SH0088-0004538 KHAKI,0004538-XL,XL,,0004538-XL,11,0,0,0
REBEL MASS EXPORT PVT LTD,AW24SH0088-0004542 P.GREEN,0004542-XL,XL,,0004542-XL,11,0,0,0
REBEL MASS EXPORT PVT LTD,AW24SH0090-0004592 ORANGE,0004592-M,M,,0004592-M,11,0,0,0
REBEL MASS EXPORT PVT LTD,AW24SH0090-0004595 ORANGE,0004595-XXL,XXL,,0004595-XXL,11,0,0,0
REBEL MASS EXPORT PVT LTD,AW24SH0094-0004685 GREY,0004685-L,L,,0004685-L,11,0,0,0
REBEL MASS EXPORT PVT LTD,AW24SH0094-0004710 WHITE,0004710-XL,XL,,0004710-XL,11,0,0,0
REBEL MASS EXPORT PVT LTD,AW24SH0096-0004786 GREY,0004786-XL,XL,,0004786-XL,11,0,0,0
REBEL MASS EXPORT PVT LTD,AW24SH0103-0005280 WHT/BLUE,0005280-L,L,,0005280-L,11,0,0,0
REBEL MASS EXPORT PVT LTD,AW24SH0108-0005336 MAHROON,0005336-XL,XL,,0005336-XL,11,0,0,0
REBEL MASS EXPORT PVT LTD,AW24SH0108-0005360 SEA GREEN,0005360-XL,XL,,0005360-XL,11,0,0,0
REBEL MASS EXPORT PVT LTD,AW24SH0110-0005461 GREY,0005461-L,L,,0005461-L,11,0,0,0
REBEL MASS EXPORT PVT LTD,AW24SH0110-0005470 NAVY,0005470-XL,XL,,0005470-XL,11,0,0,0
REBEL MASS EXPORT PVT LTD,AW24SH0110-0005481 YELLOW,0005481-L,L,,0005481-L,11,0,0,0
REBEL MASS EXPORT PVT LTD,AW24SH0114-0005501 NAVY,0005501-L,L,,0005501-L,11,0,0,0
REBEL MASS EXPORT PVT LTD,AW24SH0114-0005502 NAVY,0005502-XL,XL,,0005502-XL,11,0,0,0
REBEL MASS EXPORT PVT LTD,AW24SH0121-0005553 MAHROON,0005553-L,L,,0005553-L,11,0,0,0
REBEL MASS EXPORT PVT LTD,AW24SH0121-0005558 GREY,0005558-XL,XL,,0005558-XL,11,0,0,0
REBEL MASS EXPORT PVT LTD,AW24SH0128-0005650 SKY BLUE,0005650-XXL,XXL,,0005650-XXL,11,0,0,0
REBEL MASS EXPORT PVT LTD,AW24SH0137-0005683 WHITE,0005683-M,M,,0005683-M,11,0,0,0
REBEL MASS EXPORT PVT LTD,AW24SH0141-0005699 WHITE,0005699-M,M,,0005699-M,11,0,0,0
REBEL MASS EXPORT PVT LTD,AW24SH0146-0005725 SKY BLUE,0005725-XL,XL,,0005725-XL,11,0,0,0
REBEL MASS EXPORT PVT LTD,AW24SH0147-0005817 MAHROON,0005817-M,M,,0005817-M,11,0,0,0
REBEL MASS EXPORT PVT LTD,AW24SH0147-0005833 NAVY,0005833-M,M,,0005833-M,11,0,0,0
REBEL MASS EXPORT PVT LTD,AW24SH0150-0005857 WHITE,0005857-M,M,,0005857-M,11,0,0,0
REBEL MASS EXPORT PVT LTD,AW24SH0152-0005880 KHAKI,0005880-XXL,XXL,,0005880-XXL,11,0,0,0
REBEL MASS EXPORT PVT LTD,AW24SH0154-0005904 GREY,0005904-XXL,XXL,,0005904-XXL,11,0,0,0
REBEL MASS EXPORT PVT LTD,AW24SH0155-0005908 SKY BLUE,0005908-XXL,XXL,,0005908-XXL,11,0,0,0
REBEL MASS EXPORT PVT LTD,AW24SH0155-0005909 COFFEE,0005909-M,M,,0005909-M,11,0,0,0
REBEL MASS EXPORT PVT LTD,AW24SH0156-0005933 BLACK,0005933-M,M,,0005933-M,11,0,0,0
REBEL MASS EXPORT PVT LTD,AW24SH0158-0005959 COFFEE,0005959-XL,XL,,0005959-XL,11,0,0,0
REBEL MASS EXPORT PVT LTD,AW24SH0162-0006007 T.BLUE,0006007-XL,XL,,0006007-XL,11,0,0,0
REBEL MASS EXPORT PVT LTD,AW24SH0163-0006023 TURQ,0006023-XL,XL,,0006023-XL,11,0,0,0
REBEL MASS EXPORT PVT LTD,AW24SH0172-0006088 PINK,0006088-XXL,XXL,,0006088-XXL,11,0,0,0
REBEL MASS EXPORT PVT LTD,AW24SH0172-0006096 P.GREEN,0006096-XXL,XXL,,0006096-XXL,11,0,0,0
REBEL MASS EXPORT PVT LTD,AW24SH0172-0006100 SKY BLUE,0006100-XXL,XXL,,0006100-XXL,11,0,0,0
REBEL MASS EXPORT PVT LTD,AW24SH0173-0006108 GREEN,0006108-XXL,XXL,,0006108-XXL,11,0,0,0
REBEL MASS EXPORT PVT LTD,AW24SH0178-0006164 KHAKI,0006164-XXL,XXL,,0006164-XXL,11,0,0,0
REBEL MASS EXPORT PVT LTD,AW24SH0179-0006182 MAHROON,0006182-L,L,,0006182-L,11,0,0,0
REBEL MASS EXPORT PVT LTD,AW24SH0179-0006186 NAVY,0006186-L,L,,0006186-L,11,0,0,0
REBEL MASS EXPORT PVT LTD,AW24SH0180-0006195 WHITE,0006195-XL,XL,,0006195-XL,11,0,0,0
REBEL MASS EXPORT PVT LTD,AW24SS0009-0003796 MUSTARD,0003796-M,M,,0003796-M,11,0,0,0
REBEL MASS EXPORT PVT LTD,AW24SS0015-0005029 SEA BLUE,0005029-XXL,XXL,,0005029-XXL,11,0,0,0
REBEL MASS EXPORT PVT LTD,AW24SS0015-0005033 OLIVE,0005033-XXL,XXL,,0005033-XXL,11,0,0,0
REBEL MASS EXPORT PVT LTD,AW24SS0022-0006354 YELLOW,0006354-L,L,,0006354-L,11,0,0,0
REBEL MASS EXPORT PVT LTD,AW24SS0024-0006379 MAHROON,0006379-XL,XL,,0006379-XL,11,0,0,0
REBEL MASS EXPORT PVT LTD,AW24TK0002-0005239 B.MELANGE,0005239-M,M,,0005239-M,11,0,0,0
REBEL MASS EXPORT PVT LTD,AW24TK0002-0005242 B.MELANGE,0005242-XXL,XXL,,0005242-XXL,11,0,0,0
REBEL MASS EXPORT PVT LTD,AW24TS0002-0006392 BLACK,0006392-XXL,XXL,,0006392-XXL,11,0,0,0
REBEL MASS EXPORT PVT LTD,AW24TX0001-0004324 CHARCOAL,0004324-106.68CM(42),106.68CM (42),,0004324-106.68CM(42),11,0,0,0
REBEL MASS EXPORT PVT LTD,AW24WL0001-0003777 D.GREY,0003777-L,L,,0003777-L,11,0,0,0
REBEL MASS EXPORT PVT LTD,AW24WL0001-0003782 BLACK,0003782-XL,XL,,0003782-XL,11,0,0,0
REBEL MASS EXPORT PVT LTD,AW24WL0002-0003790 MUSTARD,0003790-XL,XL,,0003790-XL,11,0,0,0
REBEL MASS EXPORT PVT LTD,AW24WL0005-0006500 G.MELANGE,0006500-M,M,,0006500-M,11,0,0,1
REBEL MASS EXPORT PVT LTD,BELT0005-0001851 BROWN,0001851-125CM,125 CM,,0001851-125CM,11,0,0,0
REBEL MASS EXPORT PVT LTD,BELT0005-0001855 DOTTED BLACK,0001855-120CM,120 CM,,0001855-120CM,11,0,0,0
REBEL MASS EXPORT PVT LTD,BELT0006-0001881 BR/BLACK,0001881-110CM,110 CM,,0001881-110CM,11,0,0,0
REBEL MASS EXPORT PVT LTD,BELT0008-0001870 ALL BROWN,0001870-110CM,110 CM,,0001870-110CM,11,0,0,0
REBEL MASS EXPORT PVT LTD,BELT25-18-0004-0008059 BLACK,0008059-120CM,120 CM,BLACK,0008059-120CM,11,0,0,0
REBEL MASS EXPORT PVT LTD,BLZ25-0010 GREY,DA0866-106.68CM(42),106.68CM (42),,DA0866-106.68CM(42),11,0,0,0
REBEL MASS EXPORT PVT LTD,BLZ25-0010 KHAKI,DA0870-101.6CM(40),101.6CM (40),,DA0870-101.6CM(40),11,0,0,0
REBEL MASS EXPORT PVT LTD,BLZ25-0020 CAMEL,DA3321-96.52CM(38),96.52CM (38),,DA3321-96.52CM(38),11,0,0,0
REBEL MASS EXPORT PVT LTD,BLZ25-0020 GREY/BLK,DA3329-96.52CM(38),96.52CM (38),,DA3329-96.52CM(38),11,0,0,0
REBEL MASS EXPORT PVT LTD,BLZ25-0020 LT.BEIGE,DA3314-101.6CM(40),101.6CM (40),,DA3314-101.6CM(40),11,0,0,0
REBEL MASS EXPORT PVT LTD,BLZ25-0020 LT.BEIGE,DA3316-111.76CM(44),111.76CM (44),,DA3316-111.76CM(44),11,0,0,0
REBEL MASS EXPORT PVT LTD,CRC25-0004 KHAKI,DA0015-81.28CM(32),81.28CM (32),,DA0015-81.28CM(32),11,0,0,0
REBEL MASS EXPORT PVT LTD,CRC25-0005 BLACK,DA0245-81.28CM(32),81.28CM (32),,DA0245-81.28CM(32),11,0,0,0
REBEL MASS EXPORT PVT LTD,CRC25-0006 OLIVE,DA0300-101.6CM(40),101.6CM (40),,DA0300-101.6CM(40),11,0,0,0
REBEL MASS EXPORT PVT LTD,CRC25-0006 SKY BLUE,DA0316-91.44CM(36),91.44CM (36),,DA0316-91.44CM(36),11,0,0,0
REBEL MASS EXPORT PVT LTD,CRC25-0010 L.GREY,DA2525-86.36CM(34),86.36CM (34),,DA2525-86.36CM(34),11,0,0,0
REBEL MASS EXPORT PVT LTD,CRC25-18-0003 KHAKI,DA0788-86.36CM(34),86.36CM (34),,DA0788-86.36CM(34),11,0,0,0
REBEL MASS EXPORT PVT LTD,CRC25-18-0003 L.GREY,DA0212-101.6CM(40),101.6CM (40),,DA0212-101.6CM(40),11,0,0,0
REBEL MASS EXPORT PVT LTD,CRC25-18-0003 PISTA,DA0636-91.44CM(36),91.44CM (36),,DA0636-91.44CM(36),11,0,0,0
REBEL MASS EXPORT PVT LTD,CRC25-18-0003-0008165 OLIVE,0008165-91.44CM(36),91.44CM(36),,0008165-91.44CM(36),11,0,0,0
REBEL MASS EXPORT PVT LTD,CSH25-0001-0006625 WHT/BLUE,0006625-M,M,,0006625-M,11,0,0,0
REBEL MASS EXPORT PVT LTD,CSH25-0002-0006649 WHT/BLUE,0006649-M,M,,0006649-M,11,0,0,0
REBEL MASS EXPORT PVT LTD,CSH25-0002-0006650 WHT/BLUE,0006650-L,L,,0006650-L,11,0,0,0
REBEL MASS EXPORT PVT LTD,CSH25-0002-0006654 MID BLUE,0006654-L,L,,0006654-L,11,0,0,0
REBEL MASS EXPORT PVT LTD,CSH25-0002-0006659 WHT/YELLOW,0006659-XL,XL,,0006659-XL,11,0,0,0
REBEL MASS EXPORT PVT LTD,CSH25-0002-0006660 WHT/GREEN,0006660-S,S,,0006660-S,11,0,0,0
REBEL MASS EXPORT PVT LTD,CSH25-0002-0006663 WHT/GREEN,0006663-XL,XL,,0006663-XL,11,0,0,0
REBEL MASS EXPORT PVT LTD,CSH25-0004-0006704 PINK,0006704-S,S,,0006704-S,11,0,0,0
REBEL MASS EXPORT PVT LTD,CSH25-0004-0006727 L.BLUE,0006727-XL,XL,,0006727-XL,11,0,0,0
REBEL MASS EXPORT PVT LTD,CSH25-0004-0006728 MUSTARD,0006728-S,S,,0006728-S,11,0,0,0
REBEL MASS EXPORT PVT LTD,CSH25-0004-0006735 D.PINK,0006735-XL,XL,,0006735-XL,11,0,0,0
REBEL MASS EXPORT PVT LTD,CSH25-0006-0006867 GREEN,0006867-XL,XL,,0006867-XL,11,0,0,0
REBEL MASS EXPORT PVT LTD,CSH25-0007-0006876 SEA GREEN,0006876-XXL,XXL,,0006876-XXL,11,0,0,0
REBEL MASS EXPORT PVT LTD,CSH25-0008-0006877 LEMON,0006877-M,M,,0006877-M,11,0,0,0
REBEL MASS EXPORT PVT LTD,CSH25-0008-0006888 GREEN,0006888-XXL,XXL,,0006888-XXL,11,0,0,0
REBEL MASS EXPORT PVT LTD,CSH25-0009-0006891 PEACH,0006891-XL,XL,,0006891-XL,11,0,0,0
REBEL MASS EXPORT PVT LTD,CSH25-0065 CREAM,DA2394-M,M,,DA2394-M,11,0,0,0
REBEL MASS EXPORT PVT LTD,CSH25-18-0018-0008027 GREY,0008027-XL,XL,,0008027-XL,11,0,0,0
REBEL MASS EXPORT PVT LTD,CSH25-20-0012-0007058 BOTLE GREEN,0007058-L,L,,0007058-L,11,0,0,0
REBEL MASS EXPORT PVT LTD,CSH25-39-0013-0007081 YELLOW,0007081-M,M,,0007081-M,11,0,0,0
REBEL MASS EXPORT PVT LTD,CSH25-39-0019-0008177 MAHROON,0008177-XXL,XXL,,0008177-XXL,11,0,0,0
REBEL MASS EXPORT PVT LTD,CSH25-39-0020-0008181 BLUE,0008181-XXL,XXL,,0008181-XXL,11,0,0,0
REBEL MASS EXPORT PVT LTD,CSH25-39-0022-0008188 GREY,0008188-XL,XL,,0008188-XL,11,0,0,0
REBEL MASS EXPORT PVT LTD,CSH25-39-0028-0008213 WHITE,0008213-XXL,XXL,,0008213-XXL,11,0,0,0
REBEL MASS EXPORT PVT LTD,CSH25-39-0031-0008223 GREEN,0008223-L,L,,0008223-L,11,0,0,0
REBEL MASS EXPORT PVT LTD,CSH25-39-0034-0008234 BLACK,0008234-M,M,,0008234-M,11,0,0,0
REBEL MASS EXPORT PVT LTD,CSH25-39-0035-0008246 GREY,0008246-M,M,,0008246-M,11,0,0,0
REBEL MASS EXPORT PVT LTD,CSH25-39-0036-0008250 YELLOW,0008250-M,M,,0008250-M,11,0,0,0
REBEL MASS EXPORT PVT LTD,CSH25-39-0036-0008252 YELLOW,0008252-XL,XL,,0008252-XL,11,0,0,0
REBEL MASS EXPORT PVT LTD,CTR25-0007 B.GREEN,DA0134-101.6CM(40),101.6CM (40),,DA0134-101.6CM(40),11,0,0,0
REBEL MASS EXPORT PVT LTD,CTR25-04-0005-0007668 L.OLIVE,0007668-81.28CM(32),81.28CM (32),,0007668-81.28CM(32),11,0,0,0
REBEL MASS EXPORT PVT LTD,CTR25-04-0005-0007674 BEIGE,0007674-81.28CM(32),81.28CM (32),,0007674-81.28CM(32),11,0,0,0
REBEL MASS EXPORT PVT LTD,CTR25-04-0005-0007692 L.GREY,0007692-81.28CM(32),81.28CM (32),,0007692-81.28CM(32),11,0,0,0
REBEL MASS EXPORT PVT LTD,CTR25-04-0005-0007696 L.GREY,0007696-101.6CM(40),101.6CM (40),,0007696-101.6CM(40),11,0,0,0
REBEL MASS EXPORT PVT LTD,CTR25-18-0006-0008124 D.GREY,0008124-76.20CM(30),76.20CM (30),,0008124-76.20CM(30),11,0,0,0
REBEL MASS EXPORT PVT LTD,CTR25-18-0006-0008283 TEAL,0008283-81.28CM(32),81.28CM (32),,0008283-81.28CM(32),11,0,0,0
REBEL MASS EXPORT PVT LTD,CTR25-36-0002-0007443 CREAM,0007443-76.20CM(30),76.20CM (30),,0007443-76.20CM(30),11,0,0,0
REBEL MASS EXPORT PVT LTD,CTR25-36-0002-0007458 ECRU,0007458-76.20CM(30),76.20CM (30),,0007458-76.20CM(30),11,0,0,0
REBEL MASS EXPORT PVT LTD,CTR25-36-0002-0007462 ECRU,0007462-96.52CM(38),96.52CM (38),,0007462-96.52CM(38),11,0,0,0
REBEL MASS EXPORT PVT LTD,CWC25-15-0001-0007652 RED,0007652-111.76CM(44),111.76CM (44),,0007652-111.76CM(44),11,0,0,0
REBEL MASS EXPORT PVT LTD,CWC25-32-0007 PISTA,DA1587-101.6CM(40),101.6CM (40),,DA1587-101.6CM(40),11,0,0,0
REBEL MASS EXPORT PVT LTD,DCR25-34-0003-0007547 GREY,0007547-86.36CM(34),86.36CM (34),,0007547-86.36CM(34),11,0,0,0
REBEL MASS EXPORT PVT LTD,DCR25-34-0005-0007826 BLUE,0007826-86.36CM(34),86.36CM (34),,0007826-86.36CM(34),11,0,0,0
REBEL MASS EXPORT PVT LTD,DNM25-0020 L.BLUE,DA3152-76.20CM(30),76.20CM (30),,DA3152-76.20CM(30),11,0,0,0
REBEL MASS EXPORT PVT LTD,DNM25-34-0004-0007743 L.BLUE,0007743-81.28CM(32),81.28CM (32),,0007743-81.28CM(32),11,0,0,0
REBEL MASS EXPORT PVT LTD,DNM25-34-0004-0007844 BLUE,0007844-71.12CM(28),71.12CM (28),,0007844-71.12CM(28),11,0,0,0
REBEL MASS EXPORT PVT LTD,DNM25-34-0004-0007849 BLUE,0007849-96.52CM(38),96.52CM (38),,0007849-96.52CM(38),11,0,0,0
REBEL MASS EXPORT PVT LTD,DNM25-34-0008-0007806 GREY,0007806-96.52CM(38),96.52CM (38),,0007806-96.52CM(38),11,0,0,0
REBEL MASS EXPORT PVT LTD,DNM25-34-0012 M.BLUE,DA1270-71.12CM(28),71.12CM (28),,DA1270-71.12CM(28),11,0,0,0
REBEL MASS EXPORT PVT LTD,DNM25-34-0012 M.BLUE,DA1271-76.20CM(30),76.20CM (30),,DA1271-76.20CM(30),11,0,0,0
REBEL MASS EXPORT PVT LTD,DNM25-34-0012 M.BLUE,DA1274-91.44CM(36),91.44CM (36),,DA1274-91.44CM(36),11,0,0,0
REBEL MASS EXPORT PVT LTD,DNM25-34-0016 GREY,DA1354-96.52CM(38),96.52CM (38),,DA1354-96.52CM(38),11,0,0,0
REBEL MASS EXPORT PVT LTD,FSH25-0005-0006996 LEMON,0006996-XXL,XXL,,0006996-XXL,11,0,0,0
REBEL MASS EXPORT PVT LTD,FSH25-0023 PINK,DA0541-XL,XL,,DA0541-XL,11,0,0,0
REBEL MASS EXPORT PVT LTD,FSH25-0036 AQUA,DA1727-L,L,,DA1727-L,11,0,0,0
REBEL MASS EXPORT PVT LTD,FSH25-0037 S.BLUE,DA1739-L,L,,DA1739-L,11,0,0,0
REBEL MASS EXPORT PVT LTD,FSH25-0037 S.BLUE,DA1740-XL,XL,,DA1740-XL,11,0,0,0
REBEL MASS EXPORT PVT LTD,FSH25-0038 AQUA,DA1754-M,M,,DA1754-M,11,0,0,0
REBEL MASS EXPORT PVT LTD,FSH25-0038 AQUA,DA1757-XXL,XXL,,DA1757-XXL,11,0,0,0
REBEL MASS EXPORT PVT LTD,FSH25-0042 MAROON,DA1818-M,M,,DA1818-M,11,0,0,0
REBEL MASS EXPORT PVT LTD,FSH25-0052 WHITE,DA2081-XXL,XXL,,DA2081-XXL,11,0,0,0
REBEL MASS EXPORT PVT LTD,FSH25-39-0009-0007912 L.GREY,0007912-XXL,XXL,,0007912-XXL,11,0,0,0
REBEL MASS EXPORT PVT LTD,FSH25-39-0012-0007934 NAVY,0007934-L,L,,0007934-L,11,0,0,0
REBEL MASS EXPORT PVT LTD,FSH25-39-0012-0007939 OFF WHITE,0007939-XL,XL,,0007939-XL,11,0,0,0
REBEL MASS EXPORT PVT LTD,FSH25-39-0013-0007942 ROYAL BLUE,0007942-L,L,,0007942-L,11,0,0,0
REBEL MASS EXPORT PVT LTD,FSH25-39-0015-0007964 MAHROON,0007964-XXL,XXL,,0007964-XXL,11,0,0,0
REBEL MASS EXPORT PVT LTD,FSH25-39-0017-0007980 TURQ,0007980-XXL,XXL,,0007980-XXL,11,0,0,0
REBEL MASS EXPORT PVT LTD,FSH25-39-0019-0007989 GREEN,0007989-M,M,,0007989-M,11,0,0,0
REBEL MASS EXPORT PVT LTD,FSH25-39-0019-0007992 GREEN,0007992-XXL,XXL,,0007992-XXL,11,0,0,0
REBEL MASS EXPORT PVT LTD,FSH25-39-0020-0008004 D.BROWN,0008004-XXL,XXL,,0008004-XXL,11,0,0,0
REBEL MASS EXPORT PVT LTD,FSH25-39-0022-0008016 GREEN,0008016-XXL,XXL,,0008016-XXL,11,0,0,0
REBEL MASS EXPORT PVT LTD,FTR25-0004-0007852 TURQ,0007852-86.36CM(34),86.36CM (34),,0007852-86.36CM(34),11,0,0,0
REBEL MASS EXPORT PVT LTD,FTR25-0063 BEIGE,DA1125-81.28CM(32),81.28CM (32),,DA1125-81.28CM(32),11,0,0,0
REBEL MASS EXPORT PVT LTD,FTR25-18-0012-0007260 D.GREY,0007260-81.28CM(32),81.28CM (32),,0007260-81.28CM(32),11,0,0,0
REBEL MASS EXPORT PVT LTD,FTR25-18-0025-0007381 D.NAVY,0007381-86.36CM(34),86.36CM (34),,0007381-86.36CM(34),11,0,0,0
REBEL MASS EXPORT PVT LTD,FTR25-18-0026-0007416 BLACK,0007416-81.28CM(32),81.28CM (32),,0007416-81.28CM(32),11,0,0,0
REBEL MASS EXPORT PVT LTD,FTR25-18-0029-0007704 GREY,0007704-81.28CM(32),81.28CM (32),,0007704-81.28CM(32),11,0,0,0
REBEL MASS EXPORT PVT LTD,FTR25-18-0039-0007884 SKY BLUE,0007884-81.28CM(32),81.28CM (32),,0007884-81.28CM(32),11,0,0,0
REBEL MASS EXPORT PVT LTD,JKT25-0001 BLUE,DA0767-M,M,,DA0767-M,11,0,0,0
REBEL MASS EXPORT PVT LTD,JKT25-0003 NAVY,DA3667-L,L,,DA3667-L,11,0,0,0
REBEL MASS EXPORT PVT LTD,MBDNM0017-0000878 DIRTY EARTH,0000878-28,28,,0000878-28,11,0,0,0
REBEL MASS EXPORT PVT LTD,MBDNM0026-0001753 TOWEL BLUE,0001753-71.12CM(28),71.12CM (28),,0001753-71.12CM(28),11,0,0,0
REBEL MASS EXPORT PVT LTD,MBDNM0026-0001755 TOWEL BLUE,0001755-81.28CM(32INCH),81.28 CM (32 INCH),,0001755-81.28CM(32INCH),11,0,0,0
REBEL MASS EXPORT PVT LTD,MBDNM0028-0001767 DARK BLUE,0001767-81.28CM(32INCH),81.28 CM (32 INCH),,0001767-81.28CM(32INCH),11,0,0,0
REBEL MASS EXPORT PVT LTD,MBDNM0033-0001810 MID  BLUE,0001810-91.44CM(36INCH),91.44 CM (36 INCH),,0001810-91.44CM(36INCH),11,0,0,0
REBEL MASS EXPORT PVT LTD,MCBLZ0016-0000723 BLUE,0000723-42,42,,0000723-42,11,0,0,0
REBEL MASS EXPORT PVT LTD,MCBLZ0030-0000779 BLUE,0000779-42,42,,0000779-42,11,0,0,0
REBEL MASS EXPORT PVT LTD,MCBLZ0038-0001156 GREY,0001156-42,42,,0001156-42,11,0,0,0
REBEL MASS EXPORT PVT LTD,MCBLZ0041-0001168 TEAL,0001168-42,42,,0001168-42,11,0,0,0
REBEL MASS EXPORT PVT LTD,MCBLZ0044-0001179 SKY BLUE,0001179-40,40,,0001179-40,11,0,0,0
REBEL MASS EXPORT PVT LTD,MCSHT0008-0000409 RED,0000409-XL,XL,,0000409-XL,11,0,0,0
REBEL MASS EXPORT PVT LTD,MFSHT0003-0000542 BLACK,0000542-L,L,,0000542-L,11,0,0,0
REBEL MASS EXPORT PVT LTD,MFSHT0027-0000973 TURQUOISE,0000973-XL,XL,,0000973-XL,11,0,0,0
REBEL MASS EXPORT PVT LTD,MTSHS0010-0000595 BLUE,0000595-L,L,,0000595-L,11,0,0,0
REBEL MASS EXPORT PVT LTD,MWSST0006-0001818 BLACK MAROON,0001818-XL,XL,,0001818-XL,11,0,0,0
REBEL MASS EXPORT PVT LTD,MWSST0006-0001823 WHITE MAROON,0001823-XXL,XXL,,0001823-XXL,11,0,0,0
REBEL MASS EXPORT PVT LTD,SHORT25-0002 CAMEL,DA1926-L,L,,DA1926-L,11,0,0,0
REBEL MASS EXPORT PVT LTD,TS25-0012 SKY BLUE,DA1174-XL,XL,,DA1174-XL,11,0,0,0
REBEL MASS EXPORT PVT LTD,TS25-0013A B.GREEN,DA1202-XL,XL,,DA1202-XL,11,0,0,0
REBEL MASS EXPORT PVT LTD,TS25-0013A LEMON,DA1193-L,L,,DA1193-L,11,0,0,0
REBEL MASS EXPORT PVT LTD,TS25-0015A GREY,DA1624-XL,XL,,DA1624-XL,11,0,0,0
REBEL MASS EXPORT PVT LTD,TS25-0022 MAROON,DA1663-L,L,,DA1663-L,11,0,0,0
REBEL MASS EXPORT PVT LTD,TS25-0026 CHARCOAL,DA1687-L,L,,DA1687-L,11,0,0,0
REBEL MASS EXPORT PVT LTD,TS25-0029 B.GREEN,DA1705-XXL,XXL,,DA1705-XXL,11,0,0,0
REBEL MASS EXPORT PVT LTD,TS25-0036 SKY,DA1951-S,S,,DA1951-S,11,0,0,0
REBEL MASS EXPORT PVT LTD,TS25-0058 WHT/OLIVE,DA2444-XL,XL,,DA2444-XL,11,0,0,0
REBEL MASS EXPORT PVT LTD,2PC25-0031 GREY/BROWN,DA2800-101.6CM(40),101.6CM (40),,DA2800-101.6CM(40),10,0,0,0
REBEL MASS EXPORT PVT LTD,2PC25-0031 GREY/BROWN,DA2801-106.68CM(42),106.68CM (42),,DA2801-106.68CM(42),10,0,0,0
REBEL MASS EXPORT PVT LTD,2PC25-0032 G.BLUE,DA3062-101.6CM(40),101.6CM (40),,DA3062-101.6CM(40),10,0,0,0
REBEL MASS EXPORT PVT LTD,2PC25-0034 D.PINK,DA3424-106.68CM(42),106.68CM (42),,DA3424-106.68CM(42),10,0,0,0
REBEL MASS EXPORT PVT LTD,2PC25-0034 SKY,DA3419-101.6CM(40),101.6CM (40),,DA3419-101.6CM(40),10,0,0,0
REBEL MASS EXPORT PVT LTD,2PC25-0034 SKY,DA3420-106.68CM(42),106.68CM (42),,DA3420-106.68CM(42),10,0,0,0
REBEL MASS EXPORT PVT LTD,3PC25-0011 MEHANDI,DA2451-101.6CM(40),101.6CM (40),,DA2451-101.6CM(40),10,0,0,0
REBEL MASS EXPORT PVT LTD,3PC25-0011 OLIVE,DA2448-106.68CM(42),106.68CM (42),,DA2448-106.68CM(42),10,0,0,0
REBEL MASS EXPORT PVT LTD,BLZ25-0018 NAVY,DA2542-106.68CM(42),106.68CM (42),,DA2542-106.68CM(42),10,0,0,0
REBEL MASS EXPORT PVT LTD,BLZ25-0018 TEAL,DA2545-101.6CM(40),101.6CM (40),,DA2545-101.6CM(40),10,0,0,0
REBEL MASS EXPORT PVT LTD,CSH25-0074 MAROON,DA2589-L,L,,DA2589-L,10,0,0,0
REBEL MASS EXPORT PVT LTD,CSH25-0092 SEA BLUE,DA2682-XXXL,XXXL,,DA2682-XXXL,10,0,0,0
REBEL MASS EXPORT PVT LTD,CSH25-0107 B.GREEN,DA3187-S,S,,DA3187-S,10,0,0,0
REBEL MASS EXPORT PVT LTD,CSH25-0107 BROWN,DA3186-XXXL,XXXL,,DA3186-XXXL,10,0,0,0
REBEL MASS EXPORT PVT LTD,CSH25-0107 L.GREY,DA3257-XXL,XXL,,DA3257-XXL,10,0,0,0
REBEL MASS EXPORT PVT LTD,CSH25-0107 L.GREY,DA3258-XXXL,XXXL,,DA3258-XXXL,10,0,0,0
REBEL MASS EXPORT PVT LTD,CSH25-0107 LEMON,DA3174-XXXL,XXXL,,DA3174-XXXL,10,0,0,0
REBEL MASS EXPORT PVT LTD,CSH25-0107 PISTA GREEN,DA3260-M,M,,DA3260-M,10,0,0,0
REBEL MASS EXPORT PVT LTD,CSH25-0107 SKY,DA3205-S,S,,DA3205-S,10,0,0,0
REBEL MASS EXPORT PVT LTD,DNM26-0009 L.BLUE,BM0128-76.20CM(30),76.20CM (30),,BM0128-76.20CM(30),10,0,0,0
REBEL MASS EXPORT PVT LTD,DNM26-0009 L.BLUE,BM0129-81.28CM(32),81.28CM (32),,BM0129-81.28CM(32),10,0,0,0
REBEL MASS EXPORT PVT LTD,FSH25-0062 CHARCOAL,DA2318-XXL,XXL,,DA2318-XXL,10,0,0,0
REBEL MASS EXPORT PVT LTD,FSH25-0062 L.BEIGE,DA2305-XL,XL,,DA2305-XL,10,0,0,0
REBEL MASS EXPORT PVT LTD,FSH25-0068A BLACK,DA2973-XXXL,XXXL,,DA2973-XXXL,10,0,0,0
REBEL MASS EXPORT PVT LTD,FSH25-0069 BLACK,DA2987-XXXL,XXXL,,DA2987-XXXL,10,0,0,0
REBEL MASS EXPORT PVT LTD,FSH25-0069 D.PURPLE,DA2931-XL,XL,,DA2931-XL,10,0,0,0
REBEL MASS EXPORT PVT LTD,FSH25-0069 D.PURPLE,DA2932-XXL,XXL,,DA2932-XXL,10,0,0,0
REBEL MASS EXPORT PVT LTD,FSH25-0069 KHAKI,DA2906-L,L,,DA2906-L,10,0,0,0
REBEL MASS EXPORT PVT LTD,FSH25-0069 L.GREEN,DA2970-L,L,,DA2970-L,10,0,0,0
REBEL MASS EXPORT PVT LTD,FSH25-0069 L.GREEN,DA2969-M,M,,DA2969-M,10,0,0,0
REBEL MASS EXPORT PVT LTD,FSH25-0069 L.GREEN,DA2972-XXL,XXL,,DA2972-XXL,10,0,0,0
REBEL MASS EXPORT PVT LTD,FSH25-0069 L.ORANGE,DA2966-L,L,,DA2966-L,10,0,0,0
REBEL MASS EXPORT PVT LTD,FSH25-0069 L.PINK,DA2900-XXL,XXL,,DA2900-XXL,10,0,0,0
REBEL MASS EXPORT PVT LTD,FSH25-0069 L.PURPLE,DA2936-XXL,XXL,,DA2936-XXL,10,0,0,0
REBEL MASS EXPORT PVT LTD,FSH25-0069 MEHANDI,DA2944-XXL,XXL,,DA2944-XXL,10,0,0,0
REBEL MASS EXPORT PVT LTD,FSH25-0069 PINK,DA2881-M,M,,DA2881-M,10,0,0,0
REBEL MASS EXPORT PVT LTD,FSH25-0069 PIURPLE,DA2890-L,L,,DA2890-L,10,0,0,0
REBEL MASS EXPORT PVT LTD,FSH25-0069 PIURPLE,DA2892-XXL,XXL,,DA2892-XXL,10,0,0,0
REBEL MASS EXPORT PVT LTD,FSH25-0069 TURQ,DA2938-L,L,,DA2938-L,10,0,0,0
REBEL MASS EXPORT PVT LTD,FTR25-0079 GREY/BLK,DA3102-91.44CM(36),91.44CM (36),,DA3102-91.44CM(36),10,0,0,0
REBEL MASS EXPORT PVT LTD,FTR25-0079 GREY/BLK,DA3103-96.52CM(38),96.52CM (38),,DA3103-96.52CM(38),10,0,0,0
REBEL MASS EXPORT PVT LTD,FTR25-0080 CREAM,DA3106-86.36CM(34),86.36CM (34),,DA3106-86.36CM(34),10,0,0,0
REBEL MASS EXPORT PVT LTD,FTR25-0080 CREAM,DA3107-91.44CM(36),91.44CM (36),,DA3107-91.44CM(36),10,0,0,0
REBEL MASS EXPORT PVT LTD,FTR25-0085 GREY/BLK,DA3129-81.28CM(32),81.28CM (32),,DA3129-81.28CM(32),10,0,0,0
REBEL MASS EXPORT PVT LTD,FTR25-0086 GREY/BLK,DA3134-86.36CM(34),86.36CM (34),,DA3134-86.36CM(34),10,0,0,0
REBEL MASS EXPORT PVT LTD,LW26-0001 AIR FORCE,DA3831-L,L,,DA3831-L,10,0,0,0
REBEL MASS EXPORT PVT LTD,LW26-0001 GREY/BLK,DA3798-M,M,,DA3798-M,10,0,0,0
REBEL MASS EXPORT PVT LTD,LW26-0001 GREY/BLK,DA3800-XL,XL,,DA3800-XL,10,0,0,0
REBEL MASS EXPORT PVT LTD,LW26-0001 GREY/BLK,DA3801-XXL,XXL,,DA3801-XXL,10,0,0,0
REBEL MASS EXPORT PVT LTD,LW26-0005 MEHROON,DA4083-L,L,,DA4083-L,10,0,0,0
REBEL MASS EXPORT PVT LTD,SHORT-0003 BEIGE PRINT,DA2364-L,L,,DA2364-L,10,0,0,0
REBEL MASS EXPORT PVT LTD,SHORT-0003 BLACK PRINT,DA2352-L,L,,DA2352-L,10,0,0,0
REBEL MASS EXPORT PVT LTD,SHORT25-0004 CREAM,DA3029-81.28CM(32),81.28CM (32),,DA3029-81.28CM(32),10,0,0,0
REBEL MASS EXPORT PVT LTD,TS25-0041 BLACK,DA2045-XXL,XXL,,DA2045-XXL,10,0,0,0
REBEL MASS EXPORT PVT LTD,TS25-0050 NAVY,DA2210-M,M,,DA2210-M,10,0,0,0
REBEL MASS EXPORT PVT LTD,TS25-0052 SKY BLUE,DA2223-XXL,XXL,,DA2223-XXL,10,0,0,0
REBEL MASS EXPORT PVT LTD,TS25-0054B NAVY,DA2379-XL,XL,,DA2379-XL,10,0,0,0
REBEL MASS EXPORT PVT LTD,2PC25-0011 CHARCOAL,DA0745-106.68CM(42),106.68CM (42),,DA0745-106.68CM(42),10,0,0,0
REBEL MASS EXPORT PVT LTD,AW24BL0004-0008066 BEIGE,0008066-101.6CM(40),101.6CM (40),,0008066-101.6CM(40),10,0,0,0
REBEL MASS EXPORT PVT LTD,AW24BL0004-0008070 L.GREY,0008070-101.6CM(40),101.6CM (40),,0008070-101.6CM(40),10,0,0,0
REBEL MASS EXPORT PVT LTD,AW24BL0004-0008071 L.GREY,0008071-106.68CM(42),106.68CM (42),,0008071-106.68CM(42),10,0,0,0
REBEL MASS EXPORT PVT LTD,AW24BL0012-0004437 BLACK,0004437-111.76CM(44),111.76CM (44),,0004437-111.76CM(44),10,0,0,0
REBEL MASS EXPORT PVT LTD,AW24BL0012-0004492 WINE,0004492-96.52CM(38),96.52CM (38),,0004492-96.52CM(38),10,0,0,0
REBEL MASS EXPORT PVT LTD,AW24BL0015-0005189 SEA GREEN,0005189-101.6CM(40),101.6CM (40),,0005189-101.6CM(40),10,0,0,0
REBEL MASS EXPORT PVT LTD,AW24BL0017-0005209 CHARCOAL,0005209-101.6CM(40),101.6CM (40),,0005209-101.6CM(40),10,0,0,0
REBEL MASS EXPORT PVT LTD,AW24BL0017-0005210 CHARCOAL,0005210-106.68CM(42),106.68CM (42),,0005210-106.68CM(42),10,0,0,0
REBEL MASS EXPORT PVT LTD,AW24CR0002A-0004312 L.BLUE,0004312-91.44CM(36),91.44CM (36),,0004312-91.44CM(36),10,0,0,0
REBEL MASS EXPORT PVT LTD,AW24CR0002A-0004313 L.BLUE,0004313-96.52CM(38),96.52CM (38),,0004313-96.52CM(38),10,0,0,0
REBEL MASS EXPORT PVT LTD,AW24CR0005-0005389 BLACK,0005389-81.28CM(32),81.28CM (32),,0005389-81.28CM(32),10,0,0,0
REBEL MASS EXPORT PVT LTD,AW24CTR0002-0002852 TEAL,0002852-91.44CM(36),91.44CM (36),,0002852-91.44CM(36),10,0,0,0
REBEL MASS EXPORT PVT LTD,AW24CTR0003-0004818 KHAKI,0004818-86.36CM(34),86.36CM (34),,0004818-86.36CM(34),10,0,0,0
REBEL MASS EXPORT PVT LTD,AW24CTR0003-0004870 CAMEL,0004870-76.20CM(30),76.20CM (30),,0004870-76.20CM(30),10,0,0,0
REBEL MASS EXPORT PVT LTD,AW24CTR0003-0004875 CAMEL,0004875-101.6CM(40),101.6CM (40),,0004875-101.6CM(40),10,0,0,0
REBEL MASS EXPORT PVT LTD,AW24CTR0004-0005747 OLIVE,0005747-76.20CM(30),76.20CM (30),,0005747-76.20CM(30),10,0,0,0
REBEL MASS EXPORT PVT LTD,AW24CTR0004-0005750 OLIVE,0005750-91.44CM(36),91.44CM (36),,0005750-91.44CM(36),10,0,0,0
REBEL MASS EXPORT PVT LTD,AW24CTR0004-0005751 OLIVE,0005751-96.52CM(38),96.52CM (38),,0005751-96.52CM(38),10,0,0,0
REBEL MASS EXPORT PVT LTD,AW24CTR0005-0005774 KHAKI,0005774-86.36CM(34),86.36CM (34),,0005774-86.36CM(34),10,0,0,0
REBEL MASS EXPORT PVT LTD,AW24CTR0007-0006556 SKY BLUE,0006556-76.20CM(30),76.20CM (30),,0006556-76.20CM(30),10,0,0,0
REBEL MASS EXPORT PVT LTD,AW24CTR0007-0006574 GREEN,0006574-91.44CM(36),91.44CM (36),,0006574-91.44CM(36),10,0,0,0
REBEL MASS EXPORT PVT LTD,AW24D0001-0002393 HARD WASH,0002393-91.44CM(36),91.44CM (36),,0002393-91.44CM(36),10,0,0,0
REBEL MASS EXPORT PVT LTD,AW24D0002-0002543 BLACK,0002543-81.28CM(32),81.28CM (32),,0002543-81.28CM(32),10,0,0,0
REBEL MASS EXPORT PVT LTD,AW24D0002-0002547 CARBON BLUE,0002547-71.12CM(28),71.12CM (28),,0002547-71.12CM(28),10,0,0,0
REBEL MASS EXPORT PVT LTD,AW24D0008-0003530 BLACK,0003530-76.2CM(30),76.2CM (30),,0003530-76.2CM(30),10,0,0,0
REBEL MASS EXPORT PVT LTD,AW24D0009A-0004258 DIRTY EARTH,0004258-76.2CM(30),76.2CM (30),,0004258-76.2CM(30),10,0,0,0
REBEL MASS EXPORT PVT LTD,AW24D0009A-0004262 DIRTY EARTH,0004262-96.52CM(38),96.52CM (38),,0004262-96.52CM(38),10,0,0,0
REBEL MASS EXPORT PVT LTD,AW24D0009A-0004268 TINT BROWN,0004268-96.52CM(38),96.52CM (38),,0004268-96.52CM(38),10,0,0,0
REBEL MASS EXPORT PVT LTD,AW24D0011-0003883 L.GREY,0003883-86.36CM(34),86.36CM (34),,0003883-86.36CM(34),10,0,0,0
REBEL MASS EXPORT PVT LTD,AW24D0011-0003885 L.GREY,0003885-96.52CM(38),96.52CM (38),,0003885-96.52CM(38),10,0,0,0
REBEL MASS EXPORT PVT LTD,AW24D0011-0004344 BLUE,0004344-71.12CM(28),71.12CM (28),,0004344-71.12CM(28),10,0,0,0
REBEL MASS EXPORT PVT LTD,AW24D0014-0004371 BLUE,0004371-86.36CM(34),86.36CM (34),,0004371-86.36CM(34),10,0,0,0
REBEL MASS EXPORT PVT LTD,AW24D0015-0004375 M.BLUE.,0004375-76.2CM(30),76.2CM (30),,0004375-76.2CM(30),10,0,0,0
REBEL MASS EXPORT PVT LTD,AW24D0019-0004399 D.BLUE.,0004399-76.2CM(30),76.2CM (30),,0004399-76.2CM(30),10,0,0,0
REBEL MASS EXPORT PVT LTD,AW24D0020-0004357 L.BLUE,0004357-76.2CM(30),76.2CM (30),,0004357-76.2CM(30),10,0,0,0
REBEL MASS EXPORT PVT LTD,AW24D0021-0006484 BLUE,0006484-91.44CM(36),91.44CM (36),,0006484-91.44CM(36),10,0,0,0
REBEL MASS EXPORT PVT LTD,AW24D0021-0006490 L.BLUE,0006490-91.44CM(36),91.44CM (36),,0006490-91.44CM(36),10,0,0,0
REBEL MASS EXPORT PVT LTD,AW24D0027-0005446 BLACK,0005446-71.12CM(28),71.12CM (28),,0005446-71.12CM(28),10,0,0,0
REBEL MASS EXPORT PVT LTD,AW24D0028-0006445 BLACK,0006445-76.20CM(30),76.20CM (30),,0006445-76.20CM(30),10,0,0,0
REBEL MASS EXPORT PVT LTD,AW24D0029-0006456 BLUE,0006456-71.12CM(28),71.12CM (28),,0006456-71.12CM(28),10,0,0,0
REBEL MASS EXPORT PVT LTD,AW24D0029-0006461 BLUE,0006461-96.52CM(38),96.52CM (38),,0006461-96.52CM(38),10,0,0,0
REBEL MASS EXPORT PVT LTD,AW24FTR0010-0003441 BLUE,0003441-81.28CM(32),81.28CM (32),,0003441-81.28CM(32),10,0,0,0
REBEL MASS EXPORT PVT LTD,AW24FTR0010-0003490 D.BROWN,0003490-81.28CM(32),81.28CM (32),,0003490-81.28CM(32),10,0,0,0
REBEL MASS EXPORT PVT LTD,AW24FTR0039-0005808 NAVY,0005808-81.28CM(32),81.28CM (32),,0005808-81.28CM(32),10,0,0,0
REBEL MASS EXPORT PVT LTD,AW24JKT0007-0002484 GREY,0002484-XXL,XXL,,0002484-XXL,10,0,0,0
REBEL MASS EXPORT PVT LTD,AW24JKT0008-0004275 NAVY,0004275-M,M,,0004275-M,10,0,0,0
REBEL MASS EXPORT PVT LTD,AW24JKT0016-0006621 WHITE,0006621-4XL,4XL,,0006621-4XL,10,0,0,0
REBEL MASS EXPORT PVT LTD,AW24JKT0017 BLACK,DA0783-3XL,3XL,,DA0783-3XL,10,0,0,0
REBEL MASS EXPORT PVT LTD,AW24JKT0017-0006608 MEHROON,0006608-M,M,,0006608-M,10,0,0,0
REBEL MASS EXPORT PVT LTD,AW24LC0001-0002788 NAVY,0002788-101.6CM(40),101.6CM (40),,0002788-101.6CM(40),10,0,0,0
REBEL MASS EXPORT PVT LTD,AW24LC0002-0002801 RUST,0002801-106.68CM(42),106.68CM (42),,0002801-106.68CM(42),10,0,0,0
REBEL MASS EXPORT PVT LTD,AW24PO0005-0004722 YELLOW,0004722-XL,XL,,0004722-XL,10,0,0,0
REBEL MASS EXPORT PVT LTD,AW24PO0005-0004724 PEACH,0004724-M,M,,0004724-M,10,0,0,0
REBEL MASS EXPORT PVT LTD,AW24PO0005-0005256 BEIGE,0005256-L,L,,0005256-L,10,0,0,0
REBEL MASS EXPORT PVT LTD,AW24PO0005-0005561 STEAL GREY,0005561-L,L,,0005561-L,10,0,0,0
REBEL MASS EXPORT PVT LTD,AW24PO0006-0004730 PINK,0004730-XL,XL,,0004730-XL,10,0,0,0
REBEL MASS EXPORT PVT LTD,AW24PO0006-0005259 STEAL GREY,0005259-M,M,,0005259-M,10,0,0,0
REBEL MASS EXPORT PVT LTD,AW24PO0006-0005564 CREAM,0005564-L,L,,0005564-L,10,0,0,0
REBEL MASS EXPORT PVT LTD,AW24PO0008-0005610 PEACH,0005610-XL,XL,,0005610-XL,10,0,0,0
REBEL MASS EXPORT PVT LTD,AW24PO0008-0005613 KHAKI,0005613-XL,XL,,0005613-XL,10,0,0,0
REBEL MASS EXPORT PVT LTD,AW24SH0011-0002199 BLACK,0002199-XL,XL,,0002199-XL,10,0,0,0
REBEL MASS EXPORT PVT LTD,AW24SH0016-0002230 INDIGO,0002230-L,L,,0002230-L,10,0,0,0
REBEL MASS EXPORT PVT LTD,AW24SH0016-0002231 INDIGO,0002231-XL,XL,,0002231-XL,10,0,0,0
REBEL MASS EXPORT PVT LTD,AW24SH0035-0002729 WHITE,0002729-XL,XL,,0002729-XL,10,0,0,0
REBEL MASS EXPORT PVT LTD,AW24SH0037-0002877 ROYAL GREEN,0002877-XXL,XXL,,0002877-XXL,10,0,0,0
REBEL MASS EXPORT PVT LTD,AW24SH0037-0002888 BLUE,0002888-XL,XL,,0002888-XL,10,0,0,0
REBEL MASS EXPORT PVT LTD,AW24SH0037-0002907 PINK,0002907-L,L,,0002907-L,10,0,0,0
REBEL MASS EXPORT PVT LTD,AW24SH0039-0002948 SEA GREEN,0002948-XL,XL,,0002948-XL,10,0,0,0
REBEL MASS EXPORT PVT LTD,AW24SH0046-0003222 BLUE,0003222-XL,XL,,0003222-XL,10,0,0,0
REBEL MASS EXPORT PVT LTD,AW24SH0046-0003233 MULTI,0003233-L,L,,0003233-L,10,0,0,0
REBEL MASS EXPORT PVT LTD,AW24SH0046-0003242 BEIGE,0003242-XL,XL,,0003242-XL,10,0,0,0
REBEL MASS EXPORT PVT LTD,AW24SH0047-0003250 BEIGE,0003250-XL,XL,,0003250-XL,10,0,0,0
REBEL MASS EXPORT PVT LTD,AW24SH0049-0003269 BLUE,0003269-L,L,,0003269-L,10,0,0,0
REBEL MASS EXPORT PVT LTD,AW24SH0049-0003278 WHT/BEIGE,0003278-XL,XL,,0003278-XL,10,0,0,0
REBEL MASS EXPORT PVT LTD,AW24SH0051-0003289 KHAKI,0003289-L,L,,0003289-L,10,0,0,0
REBEL MASS EXPORT PVT LTD,AW24SH0056-0003329 MULTI/WHT,0003329-L,L,,0003329-L,10,0,0,0
REBEL MASS EXPORT PVT LTD,AW24SH0083-0004171 L.PURPLE,0004171-M,M,,0004171-M,10,0,0,0
REBEL MASS EXPORT PVT LTD,AW24SH0083-0004174 L.PURPLE,0004174-XXL,XXL,,0004174-XXL,10,0,0,0
REBEL MASS EXPORT PVT LTD,AW24SH0084-0004206 YELLOW,0004206-XXL,XXL,,0004206-XXL,10,0,0,0
REBEL MASS EXPORT PVT LTD,AW24SH0085-0004220 WHITE,0004220-L,L,,0004220-L,10,0,0,0
REBEL MASS EXPORT PVT LTD,AW24SH0085-0004221 WHITE,0004221-XL,XL,,0004221-XL,10,0,0,0
REBEL MASS EXPORT PVT LTD,AW24SH0085-0004238 BROWN,0004238-XXL,XXL,,0004238-XXL,10,0,0,0
REBEL MASS EXPORT PVT LTD,AW24SH0085-0007053 CHARCOAL,0007053-M,M,,0007053-M,10,0,0,0
REBEL MASS EXPORT PVT LTD,AW24SH0086-0004506 CHARCOAL,0004506-XL,XL,,0004506-XL,10,0,0,0
REBEL MASS EXPORT PVT LTD,AW24SH0088-0004535 LEMON,0004535-XXL,XXL,,0004535-XXL,10,0,0,0
REBEL MASS EXPORT PVT LTD,AW24SH0089-0004574 WINE,0004574-XL,XL,,0004574-XL,10,0,0,0
REBEL MASS EXPORT PVT LTD,AW24SH0090-0004591 GOLDEN,0004591-XXL,XXL,,0004591-XXL,10,0,0,0
REBEL MASS EXPORT PVT LTD,AW24SH0090-0004597 L.PURPLE,0004597-L,L,,0004597-L,10,0,0,0
REBEL MASS EXPORT PVT LTD,AW24SH0090-0004601 SEA GREEN,0004601-L,L,,0004601-L,10,0,0,0
REBEL MASS EXPORT PVT LTD,AW24SH0090-0004604 TURQ,0004604-M,M,,0004604-M,10,0,0,0
REBEL MASS EXPORT PVT LTD,AW24SH0091-0004623 WINE,0004623-XXL,XXL,,0004623-XXL,10,0,0,0
REBEL MASS EXPORT PVT LTD,AW24SH0096-0004785 GREY,0004785-L,L,,0004785-L,10,0,0,0
REBEL MASS EXPORT PVT LTD,AW24SH0103-0005281 WHT/BLUE,0005281-XL,XL,,0005281-XL,10,0,0,0
REBEL MASS EXPORT PVT LTD,AW24SH0104-0005290 GREY,0005290-XXL,XXL,,0005290-XXL,10,0,0,0
REBEL MASS EXPORT PVT LTD,AW24SH0110-0005462 GREY,0005462-XL,XL,,0005462-XL,10,0,0,0
REBEL MASS EXPORT PVT LTD,AW24SH0110-0005477 D.KHAKI,0005477-L,L,,0005477-L,10,0,0,0
REBEL MASS EXPORT PVT LTD,AW24SH0110-0005482 YELLOW,0005482-XL,XL,,0005482-XL,10,0,0,0
REBEL MASS EXPORT PVT LTD,AW24SH0115-0005505 YELLOW,0005505-L,L,,0005505-L,10,0,0,0
REBEL MASS EXPORT PVT LTD,AW24SH0116-0005514 BLACK,0005514-XL,XL,,0005514-XL,10,0,0,0
REBEL MASS EXPORT PVT LTD,AW24SH0117-0005522 RED,0005522-XL,XL,,0005522-XL,10,0,0,0
REBEL MASS EXPORT PVT LTD,AW24SH0125-0005636 SKY BLUE,0005636-L,L,,0005636-L,10,0,0,0
REBEL MASS EXPORT PVT LTD,AW24SH0126-0005641 SKY BLUE,0005641-XL,XL,,0005641-XL,10,0,0,0
REBEL MASS EXPORT PVT LTD,AW24SH0138-0005689 WHITE,0005689-XL,XL,,0005689-XL,10,0,0,0
REBEL MASS EXPORT PVT LTD,AW24SH0147-0005820 MAHROON,0005820-XXL,XXL,,0005820-XXL,10,0,0,0
REBEL MASS EXPORT PVT LTD,AW24SH0147-0005825 L.GREEN,0005825-M,M,,0005825-M,10,0,0,0
REBEL MASS EXPORT PVT LTD,AW24SH0152-0005888 BEIGE,0005888-XXL,XXL,,0005888-XXL,10,0,0,0
REBEL MASS EXPORT PVT LTD,AW24SH0155-0005905 SKY BLUE,0005905-M,M,,0005905-M,10,0,0,0
REBEL MASS EXPORT PVT LTD,AW24SH0156-0005924 L.GREEN,0005924-XXL,XXL,,0005924-XXL,10,0,0,0
REBEL MASS EXPORT PVT LTD,AW24SH0157-0005947 OLIVE,0005947-XL,XL,,0005947-XL,10,0,0,0
REBEL MASS EXPORT PVT LTD,AW24SH0160-0005976 GREEN,0005976-XXL,XXL,,0005976-XXL,10,0,0,0
REBEL MASS EXPORT PVT LTD,AW24SH0161-0005980 LEMON,0005980-XXL,XXL,,0005980-XXL,10,0,0,0
REBEL MASS EXPORT PVT LTD,AW24SH0161-0005998 T.BLUE,0005998-L,L,,0005998-L,10,0,0,0
REBEL MASS EXPORT PVT LTD,AW24SH0162-0006015 PEACH,0006015-XL,XL,,0006015-XL,10,0,0,0
REBEL MASS EXPORT PVT LTD,AW24SH0171-0006073 WHITE,0006073-M,M,,0006073-M,10,0,0,0
REBEL MASS EXPORT PVT LTD,AW24SH0174-0006111 T.BLUE,0006111-XL,XL,,0006111-XL,10,0,0,0
REBEL MASS EXPORT PVT LTD,AW24SH0176-0006126 PINK,0006126-L,L,,0006126-L,10,0,0,0
REBEL MASS EXPORT PVT LTD,AW24SH0178-0006165 PEACH,0006165-M,M,,0006165-M,10,0,0,0
REBEL MASS EXPORT PVT LTD,AW24SH0179-0006184 MAHROON,0006184-XXL,XXL,,0006184-XXL,10,0,0,0
REBEL MASS EXPORT PVT LTD,AW24SH0181-0006205 SKY BLUE,0006205-M,M,,0006205-M,10,0,0,0
REBEL MASS EXPORT PVT LTD,AW24SH0181-0006212 LEMON,0006212-XXL,XXL,,0006212-XXL,10,0,0,0
REBEL MASS EXPORT PVT LTD,AW24SH0187-0006263 CHARCOAL,0006263-XL,XL,,0006263-XL,10,0,0,0
REBEL MASS EXPORT PVT LTD,AW24SH0189-0006283 GREEN,0006283-XL,XL,,0006283-XL,10,0,0,0
REBEL MASS EXPORT PVT LTD,AW24SH0190-0006296 OLIVE,0006296-XXL,XXL,,0006296-XXL,10,0,0,0
REBEL MASS EXPORT PVT LTD,AW24SS0009-0003798 MUSTARD,0003798-XL,XL,,0003798-XL,10,0,0,0
REBEL MASS EXPORT PVT LTD,AW24SS0009-0003809 TEAL,0003809-L,L,,0003809-L,10,0,0,0
REBEL MASS EXPORT PVT LTD,AW24SS0015-0005017 MUSTARD,0005017-XXL,XXL,,0005017-XXL,10,0,0,0
REBEL MASS EXPORT PVT LTD,AW24SS0020-0006314 CREAM,0006314-L,L,,0006314-L,10,0,0,0
REBEL MASS EXPORT PVT LTD,AW24SS0023-0006376 SKY BLUE,0006376-XXL,XXL,,0006376-XXL,10,0,0,1
REBEL MASS EXPORT PVT LTD,AW24TK0002-0005238 ANTRA,0005238-XXL,XXL,,0005238-XXL,10,0,0,0
REBEL MASS EXPORT PVT LTD,AW24TK0002-0005243 W.MELANGE,0005243-M,M,,0005243-M,10,0,0,0
REBEL MASS EXPORT PVT LTD,AW24TK0002-0005246 W.MELANGE,0005246-XXL,XXL,,0005246-XXL,10,0,0,0
REBEL MASS EXPORT PVT LTD,AW24TS0002-0006382 NAVY,0006382-L,L,,0006382-L,10,0,0,0
REBEL MASS EXPORT PVT LTD,AW24TX0001-0004323 CHARCOAL,0004323-101.6CM(40),101.6CM (40),,0004323-101.6CM(40),10,0,0,0
REBEL MASS EXPORT PVT LTD,BELT0005-0001848 BROWN,0001848-110CM,110 CM,,0001848-110CM,10,0,0,0
REBEL MASS EXPORT PVT LTD,BELT0005-0001850 BROWN,0001850-120CM,120 CM,,0001850-120CM,10,0,0,0
REBEL MASS EXPORT PVT LTD,BELT0007-0001862 BLACK,0001862-110CM,110 CM,,0001862-110CM,10,0,0,0
REBEL MASS EXPORT PVT LTD,BELT25-18-0002-0008043 BLACK,0008043-120CM,120 CM,,0008043-120CM,10,0,0,0
REBEL MASS EXPORT PVT LTD,BELT25-18-0003-0008050 BLACK,0008050-115CM,115 CM,BLACK,0008050-115CM,10,0,0,0
REBEL MASS EXPORT PVT LTD,BELT25-18-0004-0008057 BLACK,0008057-110CM,110 CM,,0008057-110CM,10,0,0,0
REBEL MASS EXPORT PVT LTD,BELT25-18-0004-0008060 BLACK,0008060-125CM,125CM,BLACK,0008060-125CM,10,0,0,0
REBEL MASS EXPORT PVT LTD,BELT25-18-0004-0008062 BROWN,0008062-115CM,115 CM,BROWN,0008062-115CM,10,0,0,0
REBEL MASS EXPORT PVT LTD,BLZ25-0006 BEIGE,DA0623-106.68CM(42),106.68CM (42),,DA0623-106.68CM(42),10,0,0,0
REBEL MASS EXPORT PVT LTD,BLZ25-0010 CHARCOLE/GREY,DA0861-106.68CM(42),106.68CM (42),,DA0861-106.68CM(42),10,0,0,0
REBEL MASS EXPORT PVT LTD,BLZ25-0013 L.BLUE,DA1396-101.6CM(40),101.6CM (40),,DA1396-101.6CM(40),10,0,0,0
REBEL MASS EXPORT PVT LTD,BLZ25-0016 NAVY,DA1412-101.6CM(40),101.6CM (40),,DA1412-101.6CM(40),10,0,0,0
REBEL MASS EXPORT PVT LTD,BLZ25-40-0002-0008142 NAVY,0008142-101.6CM(40),101.6CM (40),,0008142-101.6CM(40),10,0,0,0
REBEL MASS EXPORT PVT LTD,CPO25-44-0002-0007583 BROWN,0007583-XL,XL,,0007583-XL,10,0,0,0
REBEL MASS EXPORT PVT LTD,CRC25-0002-0007617 BEIGE,0007617-86.36CM(34),86.36CM (34),,0007617-86.36CM(34),10,0,0,0
REBEL MASS EXPORT PVT LTD,CRC25-0004 ICE BLUE,DA0003-81.28CM(32),81.28CM (32),,DA0003-81.28CM(32),10,0,0,0
REBEL MASS EXPORT PVT LTD,CRC25-0004A GREY,DA0468-86.36CM(34),86.36CM (34),,DA0468-86.36CM(34),10,0,0,0
REBEL MASS EXPORT PVT LTD,CRC25-0004A MUSTARD,DA0221-81.28CM(32),81.28CM (32),,DA0221-81.28CM(32),10,0,0,0
REBEL MASS EXPORT PVT LTD,CRC25-0005 BEIGE,DA0279-71.12CM(28),71.12CM (28),,DA0279-71.12CM(28),10,0,0,0
REBEL MASS EXPORT PVT LTD,CRC25-0005 BEIGE,DA0284-96.52CM(38),96.52CM (38),,DA0284-96.52CM(38),10,0,0,0
REBEL MASS EXPORT PVT LTD,CRC25-0006 CREAM,DA0304-76.20CM(30),76.20CM (30),,DA0304-76.20CM(30),10,0,0,0
REBEL MASS EXPORT PVT LTD,CRC25-0006 NAVY,DA0287-81.28CM(32),81.28CM (32),,DA0287-81.28CM(32),10,0,0,0
REBEL MASS EXPORT PVT LTD,CRC25-0006 SKY BLUE,DA0318-101.6CM(40),101.6CM (40),,DA0318-101.6CM(40),10,0,0,0
REBEL MASS EXPORT PVT LTD,CRC25-0006 SKY BLUE,DA0315-86.36CM(34),86.36CM (34),,DA0315-86.36CM(34),10,0,0,0
REBEL MASS EXPORT PVT LTD,CRC25-0007 NAVY,DA0332-81.28CM(32),81.28CM (32),,DA0332-81.28CM(32),10,0,0,0
REBEL MASS EXPORT PVT LTD,CRC25-0008 GREEN,DA0402-71.12CM(28),71.12CM (28),,DA0402-71.12CM(28),10,0,0,0
REBEL MASS EXPORT PVT LTD,CRC25-0008 MUSTARD,DA0390-101.6CM(40),101.6CM (40),,DA0390-101.6CM(40),10,0,0,0
REBEL MASS EXPORT PVT LTD,CRC25-0010 CREAM,DA3292-86.36CM(34),86.36CM (34),,DA3292-86.36CM(34),10,0,0,0
REBEL MASS EXPORT PVT LTD,CRC25-0010 KHAKI,DA3304-86.36CM(34),86.36CM (34),,DA3304-86.36CM(34),10,0,0,0
REBEL MASS EXPORT PVT LTD,CRC25-18-0003 D.OLIVE,DA0204-91.44CM(36),91.44CM (36),,DA0204-91.44CM(36),10,0,0,0
REBEL MASS EXPORT PVT LTD,CRC25-18-0003 KHAKI,DA0789-91.44CM(36),91.44CM(36),,DA0789-91.44CM(36),10,0,0,0
REBEL MASS EXPORT PVT LTD,CRC25-18-0003 L.GREY,DA0211-96.52CM(38),96.52CM (38),,DA0211-96.52CM(38),10,0,0,0
REBEL MASS EXPORT PVT LTD,CRC25-18-0003 NAVY/BLUE,DA0825-81.28CM(32),81.28CM (32),,DA0825-81.28CM(32),10,0,0,0
REBEL MASS EXPORT PVT LTD,CRC25-18-0003 PISTA,DA0635-86.36CM(34),86.36CM (34),,DA0635-86.36CM(34),10,0,0,0
REBEL MASS EXPORT PVT LTD,CRC25-18-0003-0008170 SKY BLUE,0008170-86.36CM(34),86.36CM (34),,0008170-86.36CM(34),10,0,0,0
REBEL MASS EXPORT PVT LTD,CRC25-18-0003-0008171 SKY BLUE,0008171-91.44CM(36),91.44CM(36),,0008171-91.44CM(36),10,0,0,0
REBEL MASS EXPORT PVT LTD,CSH25-0001-0006627 WHT/BLUE,0006627-XL,XL,,0006627-XL,10,0,0,0
REBEL MASS EXPORT PVT LTD,CSH25-0001-0006636 WHT/PINK,0006636-S,S,,0006636-S,10,0,0,0
REBEL MASS EXPORT PVT LTD,CSH25-0002-0006668 GREY,0006668-S,S,,0006668-S,10,0,0,0
REBEL MASS EXPORT PVT LTD,CSH25-0003-0006676 WHT/BLUE,0006676-S,S,,0006676-S,10,0,0,0
REBEL MASS EXPORT PVT LTD,CSH25-0004-0006731 MUSTARD,0006731-XL,XL,,0006731-XL,10,0,0,0
REBEL MASS EXPORT PVT LTD,CSH25-0007-0006871 BEIGE,0006871-XL,XL,,0006871-XL,10,0,0,0
REBEL MASS EXPORT PVT LTD,CSH25-0008-0006884 SKY BLUE,0006884-XXL,XXL,,0006884-XXL,10,0,0,0
REBEL MASS EXPORT PVT LTD,CSH25-0038 BLACK,DA0485-XL,XL,,DA0485-XL,10,0,0,0
REBEL MASS EXPORT PVT LTD,CSH25-0038 YELLOW,DA0510-XXL,XXL,,DA0510-XXL,10,0,0,0
REBEL MASS EXPORT PVT LTD,CSH25-0040 PINK,DA0551-M,M,,DA0551-M,10,0,0,0
REBEL MASS EXPORT PVT LTD,CSH25-0040 PINK,DA0554-XXL,XXL,,DA0554-XXL,10,0,0,0
REBEL MASS EXPORT PVT LTD,CSH25-0065 BLACK,DA2386-M,M,,DA2386-M,10,0,0,0
REBEL MASS EXPORT PVT LTD,CSH25-0066 YELLOW,DA2404-XL,XL,,DA2404-XL,10,0,0,0
REBEL MASS EXPORT PVT LTD,CSH25-39-0016-0007560 SEA GREEN,0007560-XL,XL,,0007560-XL,10,0,0,0
REBEL MASS EXPORT PVT LTD,CSH25-39-0019-0008174 MAHROON,0008174-M,M,,0008174-M,10,0,0,0
REBEL MASS EXPORT PVT LTD,CSH25-39-0022-0008187 GREY,0008187-L,L,,0008187-L,10,0,0,0
REBEL MASS EXPORT PVT LTD,CSH25-39-0025-0008201 BROWN,0008201-XXL,XXL,,0008201-XXL,10,0,0,0
REBEL MASS EXPORT PVT LTD,CSH25-39-0027-0008207 BLUE,0008207-L,L,,0008207-L,10,0,0,0
REBEL MASS EXPORT PVT LTD,CSH25-39-0030-0008220 PEACH,0008220-XL,XL,,0008220-XL,10,0,0,0
REBEL MASS EXPORT PVT LTD,CSH25-39-0036-0008254 BROWN,0008254-M,M,,0008254-M,10,0,0,0
REBEL MASS EXPORT PVT LTD,CSH25-39-0036-0008257 BROWN,0008257-XXL,XXL,,0008257-XXL,10,0,0,0
REBEL MASS EXPORT PVT LTD,CSH25-39-0037-0008261 OFF WHITE,0008261-XXL,XXL,,0008261-XXL,10,0,0,0
REBEL MASS EXPORT PVT LTD,CSS25-15-0001-0007162 YELLOW,0007162-L,L,,0007162-L,10,0,0,0
REBEL MASS EXPORT PVT LTD,CSS25-15-0001-0007167 NAVY,0007167-XL,XL,,0007167-XL,10,0,0,0
REBEL MASS EXPORT PVT LTD,CSS25-15-0002-0007179 GREY,0007179-XL,XL,,0007179-XL,10,0,0,0
REBEL MASS EXPORT PVT LTD,CSS25-15-0006-0007214 LEMON,0007214-L,L,,0007214-L,10,0,0,0
REBEL MASS EXPORT PVT LTD,CTK25-15-0001-0007208 MUSTARD,0007208-XXL,XXL,,0007208-XXL,10,0,0,0
REBEL MASS EXPORT PVT LTD,CTR25-0007 BLACK,DA0155-101.6CM(40),101.6CM (40),,DA0155-101.6CM(40),10,0,0,0
REBEL MASS EXPORT PVT LTD,CTR25-0008 CHARCOAL,DA1433-81.28CM(32),81.28CM (32),,DA1433-81.28CM(32),10,0,0,0
REBEL MASS EXPORT PVT LTD,CTR25-0008 OLIVE,DA1428-81.28CM(32),81.28CM (32),,DA1428-81.28CM(32),10,0,0,0
REBEL MASS EXPORT PVT LTD,CTR25-04-0005-0007666 OLIVE,0007666-101.6CM(40),101.6CM (40),,0007666-101.6CM(40),10,0,0,0
REBEL MASS EXPORT PVT LTD,CTR25-04-0005-0007667 L.OLIVE,0007667-76.20CM(30),76.20CM (30),,0007667-76.20CM(30),10,0,0,0
REBEL MASS EXPORT PVT LTD,CTR25-04-0005-0007672 L.OLIVE,0007672-101.6CM(40),101.6CM (40),,0007672-101.6CM(40),10,0,0,0
REBEL MASS EXPORT PVT LTD,CTR25-04-0005-0007677 BEIGE,0007677-96.52CM(38),96.52CM (38),,0007677-96.52CM(38),10,0,0,0
REBEL MASS EXPORT PVT LTD,CTR25-04-0005-0007693 L.GREY,0007693-86.36CM(34),86.36CM (34),,0007693-86.36CM(34),10,0,0,0
REBEL MASS EXPORT PVT LTD,CTR25-04-0005-0007695 L.GREY,0007695-96.52CM(38),96.52CM (38),,0007695-96.52CM(38),10,0,0,0
REBEL MASS EXPORT PVT LTD,CTR25-18-0006-0008284 TEAL,0008284-86.36CM(34),86.36CM (34),,0008284-86.36CM(34),10,0,0,0
REBEL MASS EXPORT PVT LTD,CTR25-36-0002-0007453 L.GREY,0007453-76.20CM(30),76.20CM (30),,0007453-76.20CM(30),10,0,0,0
REBEL MASS EXPORT PVT LTD,CTR25-36-0002-0007455 L.GREY,0007455-86.36CM(34),86.36CM (34),,0007455-86.36CM(34),10,0,0,0
REBEL MASS EXPORT PVT LTD,CTR25-36-0002-0007457 L.GREY,0007457-96.52CM(38),96.52CM (38),,0007457-96.52CM(38),10,0,0,0
REBEL MASS EXPORT PVT LTD,CWC25-15-0001-0007658 NAVY,0007658-101.6CM(40),101.6CM (40),,0007658-101.6CM(40),10,0,0,0
REBEL MASS EXPORT PVT LTD,CWC25-32-0015 RED,DA1621-111.76CM(44),111.76CM (44),,DA1621-111.76CM(44),10,0,0,0
REBEL MASS EXPORT PVT LTD,DCR25-34-0005-0007824 BLUE,0007824-76.20CM(30),76.20CM (30),,0007824-76.20CM(30),10,0,0,0
REBEL MASS EXPORT PVT LTD,DCR25-34-0005-0007827 BLUE,0007827-91.44CM(36),91.44CM (36),,0007827-91.44CM(36),10,0,0,0
REBEL MASS EXPORT PVT LTD,DCR25-34-0008-0007839 BLACK,0007839-76.20CM(30),76.20CM (30),,0007839-76.20CM(30),10,0,0,0
REBEL MASS EXPORT PVT LTD,DCR25-34-0008-0007842 BLACK,0007842-91.44CM(36),91.44CM (36),,0007842-91.44CM(36),10,0,0,0
REBEL MASS EXPORT PVT LTD,DNM25-0017 WHITE,DA1833-86.36CM(34),86.36CM (34),,DA1833-86.36CM(34),10,0,0,0
REBEL MASS EXPORT PVT LTD,DNM25-34-0004-0007748 D.BLUE,0007748-76.20CM(30),76.20CM (30),,0007748-76.20CM(30),10,0,0,0
REBEL MASS EXPORT PVT LTD,DNM25-34-0005-0007770 BLUE,0007770-96.52CM(38),96.52CM (38),,0007770-96.52CM(38),10,0,0,0
REBEL MASS EXPORT PVT LTD,DNM25-34-0006-0007771 BLUE,0007771-71.12CM(28),71.12CM (28),,0007771-71.12CM(28),10,0,0,0
REBEL MASS EXPORT PVT LTD,DNM25-34-0007-0007778 BLACK,0007778-76.20CM(30),76.20CM (30),,0007778-76.20CM(30),10,0,0,0
REBEL MASS EXPORT PVT LTD,DNM25-34-0008-0007801 GREY,0007801-71.12CM(28),71.12CM (28),,0007801-71.12CM(28),10,0,0,0
REBEL MASS EXPORT PVT LTD,DNM25-34-0008-0007802 GREY,0007802-76.20CM(30),76.20CM (30),,0007802-76.20CM(30),10,0,0,0
REBEL MASS EXPORT PVT LTD,DNM25-34-0013 D.BLUE,DA1292-91.44CM(36),91.44CM (36),,DA1292-91.44CM(36),10,0,0,0
REBEL MASS EXPORT PVT LTD,DNM25-34-0016 GREY,DA1349-71.12CM(28),71.12CM (28),,DA1349-71.12CM(28),10,0,0,0
REBEL MASS EXPORT PVT LTD,DNM25-34-0018 INDIGO BLUE,DA1840-91.44CM(36),91.44CM (36),,DA1840-91.44CM(36),10,0,0,0
REBEL MASS EXPORT PVT LTD,DNM25-34-0018 INDIGO BLUE,DA1841-96.52CM(38),96.52CM (38),,DA1841-96.52CM(38),10,0,0,0
REBEL MASS EXPORT PVT LTD,FSH25-0001-0006828 SKY BLUE,0006828-XXL,XXL,,0006828-XXL,10,0,0,0
REBEL MASS EXPORT PVT LTD,FSH25-0004-0006981 VOILET,0006981-M,M,,0006981-M,10,0,0,0
REBEL MASS EXPORT PVT LTD,FSH25-0023 BLUE,DA0533-XL,XL,,DA0533-XL,10,0,0,0
REBEL MASS EXPORT PVT LTD,FSH25-0023 PURPLE,DA0523-M,M,,DA0523-M,10,0,0,0
REBEL MASS EXPORT PVT LTD,FSH25-0023 YELLOW,DA0520-L,L,,DA0520-L,10,0,0,0
REBEL MASS EXPORT PVT LTD,FSH25-0040 L.BLUE,DA1781-XXL,XXL,,DA1781-XXL,10,0,0,0
REBEL MASS EXPORT PVT LTD,FSH25-0040 L.BROWN,DA1791-L,L,,DA1791-L,10,0,0,0
REBEL MASS EXPORT PVT LTD,FSH25-0040 L.GREEN,DA1785-XXL,XXL,,DA1785-XXL,10,0,0,0
REBEL MASS EXPORT PVT LTD,FSH25-0040 PINK,DA1794-M,M,,DA1794-M,10,0,0,0
REBEL MASS EXPORT PVT LTD,FSH25-0041 WHITE,DA1812-XL,XL,,DA1812-XL,10,0,0,0
REBEL MASS EXPORT PVT LTD,FSH25-0061 BLACK,DA2246-XL,XL,,DA2246-XL,10,0,0,0
REBEL MASS EXPORT PVT LTD,FSH25-39-0007-0007899 GREEN,0007899-XL,XL,,0007899-XL,10,0,0,0
REBEL MASS EXPORT PVT LTD,FSH25-39-0009-0007913 TOBBACO,0007913-M,M,,0007913-M,10,0,0,0
REBEL MASS EXPORT PVT LTD,FSH25-39-0010-0007924 MUSTARD,0007924-XXL,XXL,,0007924-XXL,10,0,0,0
REBEL MASS EXPORT PVT LTD,FSH25-39-0011-0007925 ROYAL BLUE,0007925-M,M,,0007925-M,10,0,0,0
REBEL MASS EXPORT PVT LTD,FSH25-39-0011-0007931 L.BEIGE,0007931-XL,XL,,0007931-XL,10,0,0,0
REBEL MASS EXPORT PVT LTD,FSH25-39-0011-0007932 L.BEIGE,0007932-XXL,XXL,,0007932-XXL,10,0,0,0
REBEL MASS EXPORT PVT LTD,FSH25-39-0014-0007953 NAVY,0007953-M,M,,0007953-M,10,0,0,0
REBEL MASS EXPORT PVT LTD,FSH25-39-0015-0007960 SEA GREEN,0007960-XXL,XXL,,0007960-XXL,10,0,0,0
REBEL MASS EXPORT PVT LTD,FSH25-39-0015-0007961 MAHROON,0007961-M,M,,0007961-M,10,0,0,0
REBEL MASS EXPORT PVT LTD,FSH25-39-0016-0007965 BLUE,0007965-M,M,,0007965-M,10,0,0,0
REBEL MASS EXPORT PVT LTD,FSH25-39-0016-0007969 RED,0007969-M,M,,0007969-M,10,0,0,0
REBEL MASS EXPORT PVT LTD,FSH25-39-0016-0007972 RED,0007972-XXL,XXL,,0007972-XXL,10,0,0,0
REBEL MASS EXPORT PVT LTD,FSH25-39-0018-0007983 WHITE,0007983-XL,XL,,0007983-XL,10,0,0,0
REBEL MASS EXPORT PVT LTD,FSH25-39-0020-0008000 SEA GREEN,0008000-XXL,XXL,,0008000-XXL,10,0,0,0
REBEL MASS EXPORT PVT LTD,FSH25-39-0020-0008001 D.BROWN,0008001-M,M,,0008001-M,10,0,0,0
REBEL MASS EXPORT PVT LTD,FSH25-39-0022-0008020 GRN.PLAID,0008020-XXL,XXL,,0008020-XXL,10,0,0,0
REBEL MASS EXPORT PVT LTD,FTR25-0004-0007851 TURQ,0007851-81.28CM(32),81.28CM (32),,0007851-81.28CM(32),10,0,0,0
REBEL MASS EXPORT PVT LTD,FTR25-0007-0006774 BLUE,0006774-86.36CM(34),86.36CM (34),,0006774-86.36CM(34),10,0,0,0
REBEL MASS EXPORT PVT LTD,FTR25-0053 BLACK,DA1067-91.44CM(36),91.44CM (36),,DA1067-91.44CM(36),10,0,0,0
REBEL MASS EXPORT PVT LTD,FTR25-18-0013-0007272 NAVY,0007272-81.28CM(32),81.28CM (32),,0007272-81.28CM(32),10,0,0,0
REBEL MASS EXPORT PVT LTD,FTR25-18-0019-0007326 NAVY,0007326-81.28CM(32),81.28CM (32),,0007326-81.28CM(32),10,0,0,0
REBEL MASS EXPORT PVT LTD,FTR25-18-0020-0007332 BLACK,0007332-81.28CM(32),81.28CM (32),,0007332-81.28CM(32),10,0,0,0
REBEL MASS EXPORT PVT LTD,FTR25-18-0020-0007333 BLACK,0007333-86.36CM(34),86.36CM (34),,0007333-86.36CM(34),10,0,0,0
REBEL MASS EXPORT PVT LTD,FTR25-18-0021-0007339 GREY,0007339-86.36CM(34),86.36CM (34),,0007339-86.36CM(34),10,0,0,0
REBEL MASS EXPORT PVT LTD,FTR25-18-0027-0007422 BEIGE,0007422-81.28CM(32),81.28CM (32),,0007422-81.28CM(32),10,0,0,0
REBEL MASS EXPORT PVT LTD,FTR25-18-0030-0007710 NAVY,0007710-81.28CM(32),81.28CM (32),,0007710-81.28CM(32),10,0,0,0
REBEL MASS EXPORT PVT LTD,JKT25-0001 BLUE,DA0770-XXL,XXL,,DA0770-XXL,10,0,0,0
REBEL MASS EXPORT PVT LTD,JKT25-0001 GREEN,DA0774-XXL,XXL,,DA0774-XXL,10,0,0,0
REBEL MASS EXPORT PVT LTD,JKT25-0003 NAVY,DA3669-XXL,XXL,,DA3669-XXL,10,0,0,0
REBEL MASS EXPORT PVT LTD,MBDNM0003-0000487 CARBON BLUE,0000487-28,28,,0000487-28,10,0,0,0
REBEL MASS EXPORT PVT LTD,MBDNM0017-0000874 DIRTY EARTH,0000874-38,38,,0000874-38,10,0,0,0
REBEL MASS EXPORT PVT LTD,MBDNM0030-0001779 MID BLUE,0001779-81.28CM(32INCH),81.28 CM (32 INCH),,0001779-81.28CM(32INCH),10,0,0,0
REBEL MASS EXPORT PVT LTD,MCBLZ0028-0000769 LAVENDER,0000769-42,42,,0000769-42,10,0,0,0
REBEL MASS EXPORT PVT LTD,MCTRZ0002-0000991 TEAL,0000991-36,36,,0000991-36,10,0,0,0
REBEL MASS EXPORT PVT LTD,MFSHT0003-0000540 BLACK,0000540-XL,XL,,0000540-XL,10,0,0,0
REBEL MASS EXPORT PVT LTD,MJKTF0008-0006779 GREEN,0006779-XL,XL,,0006779-XL,10,0,0,0
REBEL MASS EXPORT PVT LTD,MJKTS0001-0001450 BLACK,0001450-M,M,,0001450-M,10,0,0,0
REBEL MASS EXPORT PVT LTD,MSWTF0003-0004249 GREEN,0004249-XL,XL,,0004249-XL,10,0,0,0
REBEL MASS EXPORT PVT LTD,MTSHS0021-0000638 RED,0000638-L,L,,0000638-L,10,0,0,0
REBEL MASS EXPORT PVT LTD,SS25-0003 DUSTY PINK,DA1242-XL,XL,,DA1242-XL,10,0,0,0
REBEL MASS EXPORT PVT LTD,TS25-0004 BLACK,DA0890-L,L,,DA0890-L,10,0,0,0
REBEL MASS EXPORT PVT LTD,TS25-0004 WHITE,DA0885-M,M,,DA0885-M,10,0,0,0
REBEL MASS EXPORT PVT LTD,TS25-0005 GREEN,DA0884-XXL,XXL,,DA0884-XXL,10,0,0,0
REBEL MASS EXPORT PVT LTD,TS25-0012 B.GREEN,DA1187-XXL,XXL,,DA1187-XXL,10,0,0,0
REBEL MASS EXPORT PVT LTD,TS25-0012 GREEN,DA1006-M,M,,DA1006-M,10,0,0,0
REBEL MASS EXPORT PVT LTD,TS25-0012 GREEN,DA1009-XXL,XXL,,DA1009-XXL,10,0,0,0
REBEL MASS EXPORT PVT LTD,TS25-0013 WHITE,DA1017-XXL,XXL,,DA1017-XXL,10,0,0,0
REBEL MASS EXPORT PVT LTD,TS25-0013A YELLOW,DA1214-XL,XL,,DA1214-XL,10,0,0,0
REBEL MASS EXPORT PVT LTD,TS25-0015A GREY,DA1625-XXL,XXL,,DA1625-XXL,10,0,0,0
REBEL MASS EXPORT PVT LTD,TS25-0015B GREY,DA1628-XL,XL,,DA1628-XL,10,0,0,0
REBEL MASS EXPORT PVT LTD,TS25-0015D GREY,DA1636-XL,XL,,DA1636-XL,10,0,0,0
REBEL MASS EXPORT PVT LTD,TS25-0027 BLUE,DA1692-XL,XL,,DA1692-XL,10,0,0,0
REBEL MASS EXPORT PVT LTD,2PC25-0032 G.BLUE,DA3061-96.52CM(38),96.52CM (38),,DA3061-96.52CM(38),9,0,0,0
REBEL MASS EXPORT PVT LTD,2PC25-0034 BEIGE,DA3407-101.6CM(40),101.6CM (40),,DA3407-101.6CM(40),9,0,0,0
REBEL MASS EXPORT PVT LTD,2PC25-0034 BEIGE,DA3408-106.68CM(42),106.68CM (42),,DA3408-106.68CM(42),9,0,0,0
REBEL MASS EXPORT PVT LTD,2PC25-0034 L.KHAKI,DA3415-101.6CM(40),101.6CM (40),,DA3415-101.6CM(40),9,0,0,0
REBEL MASS EXPORT PVT LTD,3PC25-0011 BLUE,DA2460-106.68CM(42),106.68CM (42),,DA2460-106.68CM(42),9,0,0,0
REBEL MASS EXPORT PVT LTD,ASR25CSH-0001 N/A,DA3045-M,M,,DA3045-M,9,0,0,0
REBEL MASS EXPORT PVT LTD,BLZ25-0018 BLUE,DA2549-101.6CM(40),101.6CM (40),,DA2549-101.6CM(40),9,0,0,0
REBEL MASS EXPORT PVT LTD,BLZ25-0018 NAVY,DA2541-101.6CM(40),101.6CM (40),,DA2541-101.6CM(40),9,0,0,0
REBEL MASS EXPORT PVT LTD,CSH25-0079 L.GREY,DA2617-XXXL,XXXL,,DA2617-XXXL,9,0,0,0
REBEL MASS EXPORT PVT LTD,CSH25-0093 MULTY,DA2687-XXXL,XXXL,,DA2687-XXXL,9,0,0,0
REBEL MASS EXPORT PVT LTD,CSH25-0095 FOREST,DA2697-XXXL,XXXL,,DA2697-XXXL,9,0,0,0
REBEL MASS EXPORT PVT LTD,CSH25-0097 SKY,DA2704-L,L,,DA2704-L,9,0,0,0
REBEL MASS EXPORT PVT LTD,CSH25-0097 SKY,DA2705-XL,XL,,DA2705-XL,9,0,0,0
REBEL MASS EXPORT PVT LTD,CSH25-0101 CREAM,DA2724-L,L,,DA2724-L,9,0,0,0
REBEL MASS EXPORT PVT LTD,CSH25-0106 BLUE,DA2748-M,M,,DA2748-M,9,0,0,0
REBEL MASS EXPORT PVT LTD,CSH25-0107 BEIGE,DA3271-S,S,,DA3271-S,9,0,0,0
REBEL MASS EXPORT PVT LTD,CSH25-0107 LEMON,DA3173-XXL,XXL,,DA3173-XXL,9,0,0,0
REBEL MASS EXPORT PVT LTD,CSH25-0107 NAVY,DA3266-M,M,,DA3266-M,9,0,0,0
REBEL MASS EXPORT PVT LTD,CSH25-0107 OLIVE,DA3196-XL,XL,,DA3196-XL,9,0,0,0
REBEL MASS EXPORT PVT LTD,CSH25-0107 P.GREEN,DA3235-S,S,,DA3235-S,9,0,0,0
REBEL MASS EXPORT PVT LTD,CSH25-0107 P.GREEN,DA3240-XXXL,XXXL,,DA3240-XXXL,9,0,0,0
REBEL MASS EXPORT PVT LTD,CSH25-0107 WINE,DA3220-XL,XL,,DA3220-XL,9,0,0,0
REBEL MASS EXPORT PVT LTD,FSH25-0062 L.PURPLE,DA2283-XXXL,XXXL,,DA2283-XXXL,9,0,0,0
REBEL MASS EXPORT PVT LTD,FSH25-0062 PINK,DA2271-XXXL,XXXL,,DA2271-XXXL,9,0,0,0
REBEL MASS EXPORT PVT LTD,FSH25-0063 WHITE,DA2848-XXL,XXL,,DA2848-XXL,9,0,0,0
REBEL MASS EXPORT PVT LTD,FSH25-0068A BLACK,DA2868-XXL,XXL,,DA2868-XXL,9,0,0,0
REBEL MASS EXPORT PVT LTD,FSH25-0069 BEIGE,DA2880-XXL,XXL,,DA2880-XXL,9,0,0,0
REBEL MASS EXPORT PVT LTD,FSH25-0069 BLACK,DA2923-XL,XL,,DA2923-XL,9,0,0,0
REBEL MASS EXPORT PVT LTD,FSH25-0069 BLACK,DA2924-XXL,XXL,,DA2924-XXL,9,0,0,0
REBEL MASS EXPORT PVT LTD,FSH25-0069 KHAKI,DA2905-M,M,,DA2905-M,9,0,0,0
REBEL MASS EXPORT PVT LTD,FSH25-0069 L.GREY,DA2928-XXL,XXL,,DA2928-XXL,9,0,0,0
REBEL MASS EXPORT PVT LTD,FSH25-0069 L.ORANGE,DA3025-S,S,,DA3025-S,9,0,0,0
REBEL MASS EXPORT PVT LTD,FSH25-0069 L.PINK,DA2899-XL,XL,,DA2899-XL,9,0,0,0
REBEL MASS EXPORT PVT LTD,FSH25-0069 L.PURPLE,DA2933-M,M,,DA2933-M,9,0,0,0
REBEL MASS EXPORT PVT LTD,FSH25-0069 R.BLUE,DA2911-XL,XL,,DA2911-XL,9,0,0,0
REBEL MASS EXPORT PVT LTD,FSH25-0069 RED/BLUE,DA2957-M,M,,DA2957-M,9,0,0,0
REBEL MASS EXPORT PVT LTD,FSH25-0069 RED/BLUE,DA2959-XL,XL,,DA2959-XL,9,0,0,0
REBEL MASS EXPORT PVT LTD,FSH25-0069 SKY,DA2876-XXL,XXL,,DA2876-XXL,9,0,0,0
REBEL MASS EXPORT PVT LTD,FSH25-0069 TURQ,DA2939-XL,XL,,DA2939-XL,9,0,0,0
REBEL MASS EXPORT PVT LTD,FSH25-0071 BLACK,DA3444-L,L,,DA3444-L,9,0,0,0
REBEL MASS EXPORT PVT LTD,FSH25-0071 PISTA,DA3472-L,L,,DA3472-L,9,0,0,0
REBEL MASS EXPORT PVT LTD,FSH25-0071 PISTA,DA3473-XL,XL,,DA3473-XL,9,0,0,0
REBEL MASS EXPORT PVT LTD,FSH25-0071 STEEL GREY,DA3457-XL,XL,,DA3457-XL,9,0,0,0
REBEL MASS EXPORT PVT LTD,LW25-0001 BLUE,DA2021-XXL,XXL,,DA2021-XXL,9,0,0,1
REBEL MASS EXPORT PVT LTD,LW25-0001 OLIVE,DA2101-XXL,XXL,,DA2101-XXL,9,0,0,0
REBEL MASS EXPORT PVT LTD,LW26-0001 BLUE,DA3821-XXL,XXL,,DA3821-XXL,9,0,0,0
REBEL MASS EXPORT PVT LTD,LW26-0001 GREY/BLK,DA3799-L,L,,DA3799-L,9,0,0,0
REBEL MASS EXPORT PVT LTD,LW26-0005 MEHROON,DA4085-XXL,XXL,,DA4085-XXL,9,0,0,0
REBEL MASS EXPORT PVT LTD,SHORT25-0004 CREAM,DA3030-86.36CM(34),86.36CM (34),,DA3030-86.36CM(34),9,0,0,0
REBEL MASS EXPORT PVT LTD,TS25-0021 WHT/BLK,DA1661-XXL,XXL,,DA1661-XXL,9,0,0,0
REBEL MASS EXPORT PVT LTD,TS26-0002 GREY,BM0146-L,L,,BM0146-L,9,0,0,0
REBEL MASS EXPORT PVT LTD,2PC25-0013 BLUE,DA0752-101.6CM(40),101.6CM (40),,DA0752-101.6CM(40),9,0,0,0
REBEL MASS EXPORT PVT LTD,AW24BL0004-0003586 M.SILVER,0003586-101.6CM(40),101.6CM (40),,0003586-101.6CM(40),9,0,0,0
REBEL MASS EXPORT PVT LTD,AW24BL0009-0004088 L.GREEN,0004088-106.68CM(42),106.68CM (42),,0004088-106.68CM(42),9,0,0,0
REBEL MASS EXPORT PVT LTD,AW24BL0011-0004427 MAHROON,0004427-101.6CM(40),101.6CM (40),,0004427-101.6CM(40),9,0,0,0
REBEL MASS EXPORT PVT LTD,AW24BL0012-0004434 BLACK,0004434-96.52CM(38),96.52CM (38),,0004434-96.52CM(38),9,0,0,0
REBEL MASS EXPORT PVT LTD,AW24BL0013-0004421 ICE/BLUE,0004421-111.76CM(44),111.76CM (44),,0004421-111.76CM(44),9,0,0,0
REBEL MASS EXPORT PVT LTD,AW24BL0015-0005201 BLUE,0005201-101.6CM(40),101.6CM (40),,0005201-101.6CM(40),9,0,0,0
REBEL MASS EXPORT PVT LTD,AW24BL0016-0005206 GREY,0005206-106.68CM(42),106.68CM (42),,0005206-106.68CM(42),9,0,0,0
REBEL MASS EXPORT PVT LTD,AW24CR0005-0005393 BLUE,0005393-76.20CM(30),76.20CM (30),,0005393-76.20CM(30),9,0,0,0
REBEL MASS EXPORT PVT LTD,AW24CT0002-0005004 NAVY,0005004-106.68CM.(42),106.68CM. (42),,0005004-106.68CM.(42),9,0,0,0
REBEL MASS EXPORT PVT LTD,AW24CTR0002-0002865 BLUE,0002865-81.28CM(32),81.28CM (32),,0002865-81.28CM(32),9,0,0,0
REBEL MASS EXPORT PVT LTD,AW24CTR0003-0004823 D.GREY,0004823-81.28CM(32),81.28CM (32),,0004823-81.28CM(32),9,0,0,0
REBEL MASS EXPORT PVT LTD,AW24CTR0003-0004833 TEAL,0004833-101.6CM(40),101.6CM (40),,0004833-101.6CM(40),9,0,0,0
REBEL MASS EXPORT PVT LTD,AW24CTR0003-0004868 STEAL GREY,0004868-96.52CM(38),96.52CM (38),,0004868-96.52CM(38),9,0,0,0
REBEL MASS EXPORT PVT LTD,AW24CTR0003-0004874 CAMEL,0004874-96.52CM(38),96.52CM (38),,0004874-96.52CM(38),9,0,0,0
REBEL MASS EXPORT PVT LTD,AW24CTR0005-0005779 GREY,0005779-86.36CM(34),86.36CM (34),,0005779-86.36CM(34),9,0,0,0
REBEL MASS EXPORT PVT LTD,AW24CTR0005-0005789 MAHANDI,0005789-86.36CM(34),86.36CM (34),,0005789-86.36CM(34),9,0,0,0
REBEL MASS EXPORT PVT LTD,AW24CTR0006-0006541 KHAKI,0006541-76.20CM(30),76.20CM (30),,0006541-76.20CM(30),9,0,0,0
REBEL MASS EXPORT PVT LTD,AW24CTR0006-0006552 BEIGE,0006552-81.28CM(32),81.28CM (32),,0006552-81.28CM(32),9,0,0,0
REBEL MASS EXPORT PVT LTD,AW24CTR0007-0006559 SKY BLUE,0006559-91.44CM(36),91.44CM (36),,0006559-91.44CM(36),9,0,0,0
REBEL MASS EXPORT PVT LTD,AW24CTR0007-0006561 LEMON,0006561-76.20CM(30),76.20CM (30),,0006561-76.20CM(30),9,0,0,0
REBEL MASS EXPORT PVT LTD,AW24CTR0007-0006565 LEMON,0006565-96.52CM(38),96.52CM (38),,0006565-96.52CM(38),9,0,0,0
REBEL MASS EXPORT PVT LTD,AW24CTR0007-0006570 CREAM,0006570-96.52CM(38),96.52CM (38),,0006570-96.52CM(38),9,0,0,0
REBEL MASS EXPORT PVT LTD,AW24D0002-0002541 BLACK,0002541-71.12CM(28),71.12CM (28),,0002541-71.12CM(28),9,0,0,0
REBEL MASS EXPORT PVT LTD,AW24D0009A-0004254 DARK BLUE,0004254-86.36CM(34),86.36CM (34),,0004254-86.36CM(34),9,0,0,0
REBEL MASS EXPORT PVT LTD,AW24D0009A-0004255 DARK BLUE,0004255-91.44CM(36),91.44CM(36),,0004255-91.44CM(36),9,0,0,0
REBEL MASS EXPORT PVT LTD,AW24D0009A-0004269 ICE BLUE,0004269-71.12CM(28),71.12CM (28),,0004269-71.12CM(28),9,0,0,0
REBEL MASS EXPORT PVT LTD,AW24D0011-0003878 B.T.WASH.,0003878-91.44CM(36),91.44CM(36),,0003878-91.44CM(36),9,0,0,0
REBEL MASS EXPORT PVT LTD,AW24D0011-0003884 L.GREY,0003884-91.44CM(36),91.44CM(36),,0003884-91.44CM(36),9,0,0,0
REBEL MASS EXPORT PVT LTD,AW24D0011-0004354 D.BLUE.,0004354-91.44CM(36),91.44CM(36),,0004354-91.44CM(36),9,0,0,0
REBEL MASS EXPORT PVT LTD,AW24D0014-0004368 BLUE,0004368-71.12CM(28),71.12CM (28),,0004368-71.12CM(28),9,0,0,0
REBEL MASS EXPORT PVT LTD,AW24D0018-0004393 BLUE,0004393-76.2CM(30),76.2CM (30),,0004393-76.2CM(30),9,0,0,0
REBEL MASS EXPORT PVT LTD,AW24D0019-0004402 D.BLUE.,0004402-91.44CM(36),91.44CM(36),,0004402-91.44CM(36),9,0,0,0
REBEL MASS EXPORT PVT LTD,AW24D0027-0005436 BLUE,0005436-81.28CM(32),81.28CM (32),,0005436-81.28CM(32),9,0,0,0
REBEL MASS EXPORT PVT LTD,AW24D0027-0005437 BLUE,0005437-86.36CM(34),86.36CM (34),,0005437-86.36CM(34),9,0,0,0
REBEL MASS EXPORT PVT LTD,AW24D0028-0006442 DARK BLUE,0006442-91.44CM(36),91.44CM (36),,0006442-91.44CM(36),9,0,0,0
REBEL MASS EXPORT PVT LTD,AW24D0028-0006444 BLACK,0006444-71.12CM(28),71.12CM (28),,0006444-71.12CM(28),9,0,0,0
REBEL MASS EXPORT PVT LTD,AW24D0029-0006465 DARK BLUE,0006465-86.36CM(34),86.36CM (34),,0006465-86.36CM(34),9,0,0,0
REBEL MASS EXPORT PVT LTD,AW24D0029-0006469 BLACK,0006469-76.20CM(30),76.20CM (30),,0006469-76.20CM(30),9,0,0,0
REBEL MASS EXPORT PVT LTD,AW24FTR0001-0002511 BROWN,0002511-76.20CM(30),76.20CM (30),,0002511-76.20CM(30),9,0,0,0
REBEL MASS EXPORT PVT LTD,AW24FTR0001-0002515 BROWN,0002515-96.52CM(38),96.52CM (38),,0002515-96.52CM(38),9,0,0,0
REBEL MASS EXPORT PVT LTD,AW24FTR0001-0002516 BROWN,0002516-101.6CM(40),101.6CM (40),,0002516-101.6CM(40),9,0,0,0
REBEL MASS EXPORT PVT LTD,AW24FTR0002-0002530 COFFEE,0002530-101.6CM(40),101.6CM (40),,0002530-101.6CM(40),9,0,0,0
REBEL MASS EXPORT PVT LTD,AW24FTR0007-0003378 D.BROWN,0003378-81.28CM(32),81.28CM (32),,0003378-81.28CM(32),9,0,0,0
REBEL MASS EXPORT PVT LTD,AW24FTR0009-0003399 MEHANDI,0003399-81.28CM(32),81.28CM (32),,0003399-81.28CM(32),9,0,0,0
REBEL MASS EXPORT PVT LTD,AW24FTR0010-0003483 MAHANDI,0003483-81.28CM(32),81.28CM (32),,0003483-81.28CM(32),9,0,0,0
REBEL MASS EXPORT PVT LTD,AW24FTR0025-0005076 NAVY,0005076-81.28CM(32),81.28CM (32),,0005076-81.28CM(32),9,0,0,0
REBEL MASS EXPORT PVT LTD,AW24FTR0028-0005097 NAVY,0005097-96.52CM(38),96.52CM (38),,0005097-96.52CM(38),9,0,0,0
REBEL MASS EXPORT PVT LTD,AW24JKT0004-0002273 RUST,0002273-M,M,,0002273-M,9,0,0,1
REBEL MASS EXPORT PVT LTD,AW24JKT0004-0006602 BLUE,0006602-XL,XL,,0006602-XL,9,0,0,0
REBEL MASS EXPORT PVT LTD,AW24JKT0008-0002659 GREY,0002659-XXL,XXL,,0002659-XXL,9,0,0,1
REBEL MASS EXPORT PVT LTD,AW24JKT0008-0004276 NAVY,0004276-L,L,,0004276-L,9,0,0,0
REBEL MASS EXPORT PVT LTD,AW24JKT0010-0002823 L.GREY,0002823-XXL,XXL,,0002823-XXL,9,0,0,0
REBEL MASS EXPORT PVT LTD,AW24JKT0012-0004482 BROWN,0004482-XL,XL,,0004482-XL,9,0,0,0
REBEL MASS EXPORT PVT LTD,AW24JKT0016-0006622 BLACK,0006622-3XL,3XL,,0006622-3XL,9,0,0,0
REBEL MASS EXPORT PVT LTD,AW24JKT0016-0007127 BEIGE,0007127-XL,XL,,0007127-XL,9,0,0,0
REBEL MASS EXPORT PVT LTD,AW24LC0001-0002795 TAN,0002795-106.68CM(42),106.68CM (42),,0002795-106.68CM(42),9,0,0,0
REBEL MASS EXPORT PVT LTD,AW24LC0002-0002810 BLACK,0002810-91.44CM(36),91.44CM (36),,0002810-91.44CM(36),9,0,0,0
REBEL MASS EXPORT PVT LTD,AW24LC0002-0002811 BLACK,0002811-96.52CM(38),96.52CM (38),,0002811-96.52CM(38),9,0,0,0
REBEL MASS EXPORT PVT LTD,AW24PO0002-0003572 MAROON,0003572-M,M,,0003572-M,9,0,0,0
REBEL MASS EXPORT PVT LTD,AW24PO0005-0005252 CREAM,0005252-L,L,,0005252-L,9,0,0,0
REBEL MASS EXPORT PVT LTD,AW24PO0006-0005326 PEACH,0005326-XL,XL,,0005326-XL,9,0,0,0
REBEL MASS EXPORT PVT LTD,AW24PO0006-0005563 CREAM,0005563-M,M,,0005563-M,9,0,0,0
REBEL MASS EXPORT PVT LTD,AW24PO0006-0005566 BEIGE,0005566-M,M,,0005566-M,9,0,0,0
REBEL MASS EXPORT PVT LTD,AW24PO0006-0005567 BEIGE,0005567-L,L,,0005567-L,9,0,0,0
REBEL MASS EXPORT PVT LTD,AW24PO0007-0005600 KHAKI,0005600-L,L,,0005600-L,9,0,0,0
REBEL MASS EXPORT PVT LTD,AW24PO0008-0005621 MUSTARD,0005621-L,L,,0005621-L,9,0,0,0
REBEL MASS EXPORT PVT LTD,AW24SH0009-0002191 NAVY,0002191-XL,XL,,0002191-XL,9,0,0,0
REBEL MASS EXPORT PVT LTD,AW24SH0012-0002202 WHITE,0002202-L,L,,0002202-L,9,0,0,0
REBEL MASS EXPORT PVT LTD,AW24SH0020-0002263 SEA GREEN,0002263-XL,XL,,0002263-XL,9,0,0,0
REBEL MASS EXPORT PVT LTD,AW24SH0021-0002311 FAWN,0002311-XL,XL,,0002311-XL,9,0,0,0
REBEL MASS EXPORT PVT LTD,AW24SH0024-0002339 BLUE,0002339-XL,XL,,0002339-XL,9,0,0,0
REBEL MASS EXPORT PVT LTD,AW24SH0026-0002347 BLUE,0002347-XL,XL,,0002347-XL,9,0,0,0
REBEL MASS EXPORT PVT LTD,AW24SH0028-0002362 GREEN,0002362-L,L,,0002362-L,9,0,0,0
REBEL MASS EXPORT PVT LTD,AW24SH0031-0002688 GREY,0002688-L,L,,0002688-L,9,0,0,0
REBEL MASS EXPORT PVT LTD,AW24SH0034-0002720 GREY,0002720-L,L,,0002720-L,9,0,0,0
REBEL MASS EXPORT PVT LTD,AW24SH0037-0002879 SKY BLUE,0002879-L,L,,0002879-L,9,0,0,0
REBEL MASS EXPORT PVT LTD,AW24SH0037-0002905 SEA GREEN,0002905-XXL,XXL,,0002905-XXL,9,0,0,0
REBEL MASS EXPORT PVT LTD,AW24SH0044-0002983 MULTI,0002983-L,L,,0002983-L,9,0,0,0
REBEL MASS EXPORT PVT LTD,AW24SH0048-0003262 BEIGE,0003262-XL,XL,,0003262-XL,9,0,0,0
REBEL MASS EXPORT PVT LTD,AW24SH0051-0003290 KHAKI,0003290-XL,XL,,0003290-XL,9,0,0,0
REBEL MASS EXPORT PVT LTD,AW24SH0055-0003318 WHT/GREY,0003318-XL,XL,,0003318-XL,9,0,0,0
REBEL MASS EXPORT PVT LTD,AW24SH0056-0003325 MULTI,0003325-L,L,,0003325-L,9,0,0,0
REBEL MASS EXPORT PVT LTD,AW24SH0059-0003353 WHT/BEIGE,0003353-L,L,,0003353-L,9,0,0,0
REBEL MASS EXPORT PVT LTD,AW24SH0060-0003358 WHT/PINK,0003358-XL,XL,,0003358-XL,9,0,0,0
REBEL MASS EXPORT PVT LTD,AW24SH0060-0003361 WHT/YELLOW,0003361-L,L,,0003361-L,9,0,0,0
REBEL MASS EXPORT PVT LTD,AW24SH0083-0004175 PURPLE.,0004175-M,M,,0004175-M,9,0,0,0
REBEL MASS EXPORT PVT LTD,AW24SH0083-0004178 PURPLE.,0004178-XXL,XXL,,0004178-XXL,9,0,0,0
REBEL MASS EXPORT PVT LTD,AW24SH0083-0004193 FAWN,0004193-XL,XL,,0004193-XL,9,0,0,0
REBEL MASS EXPORT PVT LTD,AW24SH0084-0004196 L.GREEN,0004196-L,L,,0004196-L,9,0,0,0
REBEL MASS EXPORT PVT LTD,AW24SH0084-0004197 L.GREEN,0004197-XL,XL,,0004197-XL,9,0,0,0
REBEL MASS EXPORT PVT LTD,AW24SH0084-0004203 YELLOW,0004203-M,M,,0004203-M,9,0,0,0
REBEL MASS EXPORT PVT LTD,AW24SH0084-0004217 GREY,0004217-XL,XL,,0004217-XL,9,0,0,0
REBEL MASS EXPORT PVT LTD,AW24SH0085-0004230 KHAKI,0004230-XXL,XXL,,0004230-XXL,9,0,0,0
REBEL MASS EXPORT PVT LTD,AW24SH0085-0004241 BLACK,0004241-XL,XL,,0004241-XL,9,0,0,0
REBEL MASS EXPORT PVT LTD,AW24SH0086-0004502 GREY,0004502-XL,XL,,0004502-XL,9,0,0,0
REBEL MASS EXPORT PVT LTD,AW24SH0088-0004522 SKY BLUE,0004522-XL,XL,,0004522-XL,9,0,0,0
REBEL MASS EXPORT PVT LTD,AW24SH0088-0004528 PEACH,0004528-M,M,,0004528-M,9,0,0,0
REBEL MASS EXPORT PVT LTD,AW24SH0088-0004550 PURPLE,0004550-XL,XL,,0004550-XL,9,0,0,0
REBEL MASS EXPORT PVT LTD,AW24SH0089-0004562 SEA GREEN,0004562-XL,XL,,0004562-XL,9,0,0,0
REBEL MASS EXPORT PVT LTD,AW24SH0090-0004611 SKY BLUE,0004611-XXL,XXL,,0004611-XXL,9,0,0,0
REBEL MASS EXPORT PVT LTD,AW24SH0093-0004650 BLACK,0004650-XL,XL,,0004650-XL,9,0,0,0
REBEL MASS EXPORT PVT LTD,AW24SH0094-0004664 YELLOW,0004664-M,M,,0004664-M,9,0,0,0
REBEL MASS EXPORT PVT LTD,AW24SH0094-0004669 LEMON,0004669-L,L,,0004669-L,9,0,0,0
REBEL MASS EXPORT PVT LTD,AW24SH0094-0004673 BLUE,0004673-L,L,,0004673-L,9,0,0,0
REBEL MASS EXPORT PVT LTD,AW24SH0094-0004694 L.BEIGE,0004694-XL,XL,,0004694-XL,9,0,0,0
REBEL MASS EXPORT PVT LTD,AW24SH0094-0004697 L.GREY,0004697-L,L,,0004697-L,9,0,0,0
REBEL MASS EXPORT PVT LTD,AW24SH0106-0005308 WHITE,0005308-L,L,,0005308-L,9,0,0,0
REBEL MASS EXPORT PVT LTD,AW24SH0108-0005359 SEA GREEN,0005359-L,L,,0005359-L,9,0,0,0
REBEL MASS EXPORT PVT LTD,AW24SH0112-0005491 KHAKI,0005491-XXL,XXL,,0005491-XXL,9,0,0,0
REBEL MASS EXPORT PVT LTD,AW24SH0113-0005493 RED,0005493-L,L,,0005493-L,9,0,0,0
REBEL MASS EXPORT PVT LTD,AW24SH0114-0005496 MUSTARD,0005496-M,M,,0005496-M,9,0,0,0
REBEL MASS EXPORT PVT LTD,AW24SH0116-0005518 NAVY,0005518-XL,XL,,0005518-XL,9,0,0,0
REBEL MASS EXPORT PVT LTD,AW24SH0118-0005533 GREY,0005533-L,L,,0005533-L,9,0,0,0
REBEL MASS EXPORT PVT LTD,AW24SH0118-0005535 GREY,0005535-XXL,XXL,,0005535-XXL,9,0,0,0
REBEL MASS EXPORT PVT LTD,AW24SH0121-0005557 GREY,0005557-L,L,,0005557-L,9,0,0,0
REBEL MASS EXPORT PVT LTD,AW24SH0126-0005640 SKY BLUE,0005640-L,L,,0005640-L,9,0,0,0
REBEL MASS EXPORT PVT LTD,AW24SH0127-0005645 SKY BLUE,0005645-XL,XL,,0005645-XL,9,0,0,0
REBEL MASS EXPORT PVT LTD,AW24SH0142-0005706 WHITE,0005706-XXL,XXL,,0005706-XXL,9,0,0,0
REBEL MASS EXPORT PVT LTD,AW24SH0145-0005717 WHITE,0005717-XL,XL,,0005717-XL,9,0,0,0
REBEL MASS EXPORT PVT LTD,AW24SH0146-0005721 BLACK,0005721-XL,XL,,0005721-XL,9,0,0,0
REBEL MASS EXPORT PVT LTD,AW24SH0147-0005829 BROWN,0005829-M,M,,0005829-M,9,0,0,0
REBEL MASS EXPORT PVT LTD,AW24SH0152-0005865 SEA GREEN,0005865-M,M,,0005865-M,9,0,0,0
REBEL MASS EXPORT PVT LTD,AW24SH0152-0005869 D.SEA GREEN,0005869-M,M,,0005869-M,9,0,0,0
REBEL MASS EXPORT PVT LTD,AW24SH0153-0005892 NAVY,0005892-XXL,XXL,,0005892-XXL,9,0,0,0
REBEL MASS EXPORT PVT LTD,AW24SH0154-0005901 GREY,0005901-M,M,,0005901-M,9,0,0,0
REBEL MASS EXPORT PVT LTD,AW24SH0156-0005936 BLACK,0005936-XXL,XXL,,0005936-XXL,9,0,0,0
REBEL MASS EXPORT PVT LTD,AW24SH0156-0005940 BROWN,0005940-XXL,XXL,,0005940-XXL,9,0,0,0
REBEL MASS EXPORT PVT LTD,AW24SH0159-0005964 TURQ,0005964-XXL,XXL,,0005964-XXL,9,0,0,0
REBEL MASS EXPORT PVT LTD,AW24SH0160-0005969 COFFEE,0005969-M,M,,0005969-M,9,0,0,0
REBEL MASS EXPORT PVT LTD,AW24SH0162-0006002 LEMON,0006002-L,L,,0006002-L,9,0,0,0
REBEL MASS EXPORT PVT LTD,AW24SH0162-0006011 PINK,0006011-XL,XL,,0006011-XL,9,0,0,0
REBEL MASS EXPORT PVT LTD,AW24SH0163-0006036 L.GREEN,0006036-XXL,XXL,,0006036-XXL,9,0,0,0
REBEL MASS EXPORT PVT LTD,AW24SH0172-0006077 BEIGE,0006077-M,M,,0006077-M,9,0,0,0
REBEL MASS EXPORT PVT LTD,AW24SH0172-0006092 SEA BLUE,0006092-XXL,XXL,,0006092-XXL,9,0,0,0
REBEL MASS EXPORT PVT LTD,AW24SH0172-0006097 SKY BLUE,0006097-M,M,,0006097-M,9,0,0,0
REBEL MASS EXPORT PVT LTD,AW24SH0175-0006118 LEMON,0006118-L,L,,0006118-L,9,0,0,0
REBEL MASS EXPORT PVT LTD,AW24SH0177-0006144 L.PURPLE,0006144-XXL,XXL,,0006144-XXL,9,0,0,0
REBEL MASS EXPORT PVT LTD,AW24SH0179-0006170 BROWN,0006170-L,L,,0006170-L,9,0,0,0
REBEL MASS EXPORT PVT LTD,AW24SH0179-0006178 GREEN,0006178-L,L,,0006178-L,9,0,0,0
REBEL MASS EXPORT PVT LTD,AW24SH0180-0006200 NAVY,0006200-XXL,XXL,,0006200-XXL,9,0,0,0
REBEL MASS EXPORT PVT LTD,AW24SH0181-0006208 SKY BLUE,0006208-XXL,XXL,,0006208-XXL,9,0,0,0
REBEL MASS EXPORT PVT LTD,AW24SH0181-0006213 GREEN,0006213-M,M,,0006213-M,9,0,0,0
REBEL MASS EXPORT PVT LTD,AW24SH0189-0006277 RUST,0006277-M,M,,0006277-M,9,0,0,0
REBEL MASS EXPORT PVT LTD,AW24SS0015-0005018 BEIGE,0005018-M,M,,0005018-M,9,0,0,0
REBEL MASS EXPORT PVT LTD,AW24TK0002-0005235 ANTRA,0005235-M,M,,0005235-M,9,0,0,0
REBEL MASS EXPORT PVT LTD,AW24TK0005-0007089 GREY,0007089-M,M,,0007089-M,9,0,0,0
REBEL MASS EXPORT PVT LTD,AW24WL0002-0003789 MUSTARD,0003789-L,L,,0003789-L,9,0,0,0
REBEL MASS EXPORT PVT LTD,BELT0005-0001853 DOTTED BLACK,0001853-110CM,110 CM,,0001853-110CM,9,0,0,0
REBEL MASS EXPORT PVT LTD,BELT25-18-0001-0008033 BLACK,0008033-110CM,110 CM,,0008033-110CM,9,0,0,0
REBEL MASS EXPORT PVT LTD,BELT25-18-0001-0008039 BROWN,0008039-120CM,120 CM,,0008039-120CM,9,0,0,0
REBEL MASS EXPORT PVT LTD,BELT25-18-0003-0008056 BROWN,0008056-125CM,125CM,BROWN,0008056-125CM,9,0,0,0
REBEL MASS EXPORT PVT LTD,BELT25-18-0004-0008061 BROWN,0008061-110CM,110 CM,BROWN,0008061-110CM,9,0,0,0
REBEL MASS EXPORT PVT LTD,BLZ25-0010 CHARCOLE/GREY,DA0859-96.52CM(38),96.52CM (38),,DA0859-96.52CM(38),9,0,0,0
REBEL MASS EXPORT PVT LTD,BLZ25-0014 L.KHAKI,DA1405-106.68CM(42),106.68CM (42),,DA1405-106.68CM(42),9,0,0,0
REBEL MASS EXPORT PVT LTD,BLZ25-0015 M.GREY,DA1409-106.68CM(42),106.68CM (42),,DA1409-106.68CM(42),9,0,0,0
REBEL MASS EXPORT PVT LTD,BLZ25-0020 SKY,DA3328-111.76CM(44),111.76CM (44),,DA3328-111.76CM(44),9,0,0,0
REBEL MASS EXPORT PVT LTD,BLZ25-40-0004-0008153 GREY,0008153-106.68CM(42),106.68CM (42),,0008153-106.68CM(42),9,0,0,0
REBEL MASS EXPORT PVT LTD,BLZ25-40-0005-0008158 BROWN,0008158-106.68CM(42),106.68CM (42),,0008158-106.68CM(42),9,0,0,0
REBEL MASS EXPORT PVT LTD,CJKT25-15-0001-0007106 TOMATO,0007106-L,L,,0007106-L,9,0,0,0
REBEL MASS EXPORT PVT LTD,CPO25-44-0002-0007586 BLACK,0007586-XL,XL,,0007586-XL,9,0,0,0
REBEL MASS EXPORT PVT LTD,CRC25-0002-0007622 GREY,0007622-81.28CM(32),81.28CM (32),,0007622-81.28CM(32),9,0,0,0
REBEL MASS EXPORT PVT LTD,CRC25-0004 ICE BLUE,DA0004-86.36CM(34),86.36CM (34),,DA0004-86.36CM(34),9,0,0,0
REBEL MASS EXPORT PVT LTD,CRC25-0005 BEIGE,DA0283-91.44CM(36),91.44CM (36),,DA0283-91.44CM(36),9,0,0,0
REBEL MASS EXPORT PVT LTD,CRC25-0007 SKY BLUE,DA0360-86.36CM(34),86.36CM (34),,DA0360-86.36CM(34),9,0,0,0
REBEL MASS EXPORT PVT LTD,CRC25-0008 GREEN,DA0409-106.68CM(42),106.68CM (42),,DA0409-106.68CM(42),9,0,0,0
REBEL MASS EXPORT PVT LTD,CRC25-0008 MUSTARD,DA0384-71.12CM(28),71.12CM (28),,DA0384-71.12CM(28),9,0,0,0
REBEL MASS EXPORT PVT LTD,CRC25-0008 MUSTARD,DA0389-96.52CM(38),96.52CM (38),,DA0389-96.52CM(38),9,0,0,0
REBEL MASS EXPORT PVT LTD,CRC25-0010 BROWN,DA3298-86.36CM(34),86.36CM (34),,DA3298-86.36CM(34),9,0,0,0
REBEL MASS EXPORT PVT LTD,CRC25-0010 GREY,DA2518-81.28CM(32),81.28CM (32),,DA2518-81.28CM(32),9,0,0,0
REBEL MASS EXPORT PVT LTD,CRC25-18-0003 D.OLIVE,DA0203-86.36CM(34),86.36CM (34),,DA0203-86.36CM(34),9,0,0,0
REBEL MASS EXPORT PVT LTD,CRC25-18-0003 L.GREY,DA0207-76.20CM(30),76.20CM (30),,DA0207-76.20CM(30),9,0,0,0
REBEL MASS EXPORT PVT LTD,CSH25-0001-0006624 WHT/BLUE,0006624-S,S,,0006624-S,9,0,0,0
REBEL MASS EXPORT PVT LTD,CSH25-0001-0006628 WHT/YELLOW,0006628-S,S,,0006628-S,9,0,0,0
REBEL MASS EXPORT PVT LTD,CSH25-0001-0006644 WHT/GREY,0006644-S,S,,0006644-S,9,0,0,0
REBEL MASS EXPORT PVT LTD,CSH25-0002-0006653 MID BLUE,0006653-M,M,,0006653-M,9,0,0,0
REBEL MASS EXPORT PVT LTD,CSH25-0004-0006738 BLUE,0006738-L,L,,0006738-L,9,0,0,0
REBEL MASS EXPORT PVT LTD,CSH25-0011-0006911 BLACK,0006911-XL,XL,,0006911-XL,9,0,0,0
REBEL MASS EXPORT PVT LTD,CSH25-0038 CREAM,DA0513-XL,XL,,DA0513-XL,9,0,0,0
REBEL MASS EXPORT PVT LTD,CSH25-0038 CREAM,DA0514-XXL,XXL,,DA0514-XXL,9,0,0,0
REBEL MASS EXPORT PVT LTD,CSH25-0038 OLIVE,DA0496-L,L,,DA0496-L,9,0,0,0
REBEL MASS EXPORT PVT LTD,CSH25-0038 YELLOW,DA0507-M,M,,DA0507-M,9,0,0,0
REBEL MASS EXPORT PVT LTD,CSH25-0039 ORANGE,DA0548-L,L,,DA0548-L,9,0,0,0
REBEL MASS EXPORT PVT LTD,CSH25-18-0037 GREEN,DA0159-XL,XL,,DA0159-XL,9,0,0,0
REBEL MASS EXPORT PVT LTD,CSH25-20-0012-0007059 BOTLE GREEN,0007059-XL,XL,,0007059-XL,9,0,0,0
REBEL MASS EXPORT PVT LTD,CSH25-39-0013-0007084 YELLOW,0007084-XXL,XXL,,0007084-XXL,9,0,0,0
REBEL MASS EXPORT PVT LTD,CSH25-39-0029-0008214 NAVY,0008214-M,M,,0008214-M,9,0,0,0
REBEL MASS EXPORT PVT LTD,CSH25-39-0032-0008227 D.GREEN,0008227-L,L,,0008227-L,9,0,0,0
REBEL MASS EXPORT PVT LTD,CSH25-39-0032-0008228 D.GREEN,0008228-XL,XL,,0008228-XL,9,0,0,0
REBEL MASS EXPORT PVT LTD,CSH25-39-0034-0008237 BLACK,0008237-XXL,XXL,,0008237-XXL,9,0,0,0
REBEL MASS EXPORT PVT LTD,CSH25-39-0037-0008258 OFF WHITE,0008258-M,M,,0008258-M,9,0,0,0
REBEL MASS EXPORT PVT LTD,CSS25-15-0002-0007177 GREY,0007177-M,M,,0007177-M,9,0,0,0
REBEL MASS EXPORT PVT LTD,CSS25-15-0002-0007178 GREY,0007178-L,L,,0007178-L,9,0,0,0
REBEL MASS EXPORT PVT LTD,CTR25-0007 BLACK,DA0153-91.44CM(36),91.44CM (36),,DA0153-91.44CM(36),9,0,0,0
REBEL MASS EXPORT PVT LTD,CTR25-04-0005-0007661 OLIVE,0007661-76.20CM(30),76.20CM (30),,0007661-76.20CM(30),9,0,0,0
REBEL MASS EXPORT PVT LTD,CTR25-04-0005-0007662 OLIVE,0007662-81.28CM(32),81.28CM (32),,0007662-81.28CM(32),9,0,0,0
REBEL MASS EXPORT PVT LTD,CTR25-04-0005-0007665 OLIVE,0007665-96.52CM(38),96.52CM (38),,0007665-96.52CM(38),9,0,0,0
REBEL MASS EXPORT PVT LTD,CTR25-04-0005-0007671 L.OLIVE,0007671-96.52CM(38),96.52CM (38),,0007671-96.52CM(38),9,0,0,0
REBEL MASS EXPORT PVT LTD,CTR25-04-0005-0007691 L.GREY,0007691-76.20CM(30),76.20CM (30),,0007691-76.20CM(30),9,0,0,0
REBEL MASS EXPORT PVT LTD,CTR25-18-0006-0008110 STEAL GREY,0008110-76.20CM(30),76.20CM (30),,0008110-76.20CM(30),9,0,0,0
REBEL MASS EXPORT PVT LTD,CTR25-18-0006-0008282 TEAL,0008282-76.20CM(30),76.20CM (30),,0008282-76.20CM(30),9,0,0,0
REBEL MASS EXPORT PVT LTD,CTR25-36-0001-0007439 OLIVE,0007439-81.28CM(32),81.28CM (32),,0007439-81.28CM(32),9,0,0,0
REBEL MASS EXPORT PVT LTD,CTR25-36-0002-0007461 ECRU,0007461-91.44CM(36),91.44CM (36),,0007461-91.44CM(36),9,0,0,0
REBEL MASS EXPORT PVT LTD,CTR25-36-0003-0007472 L.BROWN,0007472-96.52CM(38),96.52CM (38),,0007472-96.52CM(38),9,0,0,0
REBEL MASS EXPORT PVT LTD,CTR25-36-0003-0007477 OLIVE,0007477-96.52CM(38),96.52CM (38),,0007477-96.52CM(38),9,0,0,0
REBEL MASS EXPORT PVT LTD,CWC25-0001 WINE,DA3333-96.52CM(38),96.52CM (38),,DA3333-96.52CM(38),9,0,0,0
REBEL MASS EXPORT PVT LTD,CWC25-15-0001-0007649 RED,0007649-96.52CM(38),96.52CM (38),,0007649-96.52CM(38),9,0,0,0
REBEL MASS EXPORT PVT LTD,CWC25-15-0001-0007659 NAVY,0007659-106.68CM(42),106.68CM (42),,0007659-106.68CM(42),9,0,0,0
REBEL MASS EXPORT PVT LTD,CWC25-15-0002 D.GREEN,DA0977-96.52CM(38),96.52CM (38),,DA0977-96.52CM(38),9,0,0,0
REBEL MASS EXPORT PVT LTD,CWC25-15-0002 MAROON,DA0974-101.6CM(40),101.6CM (40),,DA0974-101.6CM(40),9,0,0,0
REBEL MASS EXPORT PVT LTD,CWL25-15-0002-0007740 NAVY,0007740-XXL,XXL,,0007740-XXL,9,0,0,0
REBEL MASS EXPORT PVT LTD,DCR25-0012 BLUE,DA3158-76.20CM(30),76.20CM (30),,DA3158-76.20CM(30),9,0,0,0
REBEL MASS EXPORT PVT LTD,DCR25-0012 BLUE,DA3161-91.44CM(36),91.44CM (36),,DA3161-91.44CM(36),9,0,0,0
REBEL MASS EXPORT PVT LTD,DCR25-0013 GREY/BLK,DA3168-96.52CM(38),96.52CM (38),,DA3168-96.52CM(38),9,0,0,0
REBEL MASS EXPORT PVT LTD,DCR25-34-0001-0007534 BLUE,0007534-81.28CM(32),81.28CM (32),,0007534-81.28CM(32),9,0,0,0
REBEL MASS EXPORT PVT LTD,DCR25-34-0002-0007542 BLUE,0007542-91.44CM(36),91.44CM (36),,0007542-91.44CM(36),9,0,0,0
REBEL MASS EXPORT PVT LTD,DCR25-34-0005-0007828 BLUE,0007828-96.52CM(38),96.52CM (38),,0007828-96.52CM(38),9,0,0,0
REBEL MASS EXPORT PVT LTD,DNM25-34-0001-0007515 BLUE,0007515-76.20CM(30),76.20CM (30),,0007515-76.20CM(30),9,0,0,0
REBEL MASS EXPORT PVT LTD,DNM25-34-0004-0007741 L.BLUE,0007741-71.12CM(28),71.12CM (28),,0007741-71.12CM(28),9,0,0,0
REBEL MASS EXPORT PVT LTD,DNM25-34-0004-0007845 BLUE,0007845-76.20CM(30),76.20CM (30),,0007845-76.20CM(30),9,0,0,0
REBEL MASS EXPORT PVT LTD,DNM25-34-0012 D.BLUE,DA1277-76.20CM(30),76.20CM (30),,DA1277-76.20CM(30),9,0,0,0
REBEL MASS EXPORT PVT LTD,DNM25-34-0012 D.BLUE,DA1281-96.52CM(38),96.52CM (38),,DA1281-96.52CM(38),9,0,0,0
REBEL MASS EXPORT PVT LTD,FSH25-0023 BLUE,DA0534-XXL,XXL,,DA0534-XXL,9,0,0,0
REBEL MASS EXPORT PVT LTD,FSH25-0023 GREEN,DA0535-M,M,,DA0535-M,9,0,0,0
REBEL MASS EXPORT PVT LTD,FSH25-0023 PURPLE,DA0525-XL,XL,,DA0525-XL,9,0,0,0
REBEL MASS EXPORT PVT LTD,FSH25-0036 L.PINK,DA1730-M,M,,DA1730-M,9,0,0,0
REBEL MASS EXPORT PVT LTD,FSH25-0036 L.PINK,DA1733-XXL,XXL,,DA1733-XXL,9,0,0,0
REBEL MASS EXPORT PVT LTD,FSH25-0037 BEIGE,DA1748-XL,XL,,DA1748-XL,9,0,0,0
REBEL MASS EXPORT PVT LTD,FSH25-0038 L.MINT,DA1761-XXL,XXL,,DA1761-XXL,9,0,0,0
REBEL MASS EXPORT PVT LTD,FSH25-0038 L.YELLOW,DA1753-XXL,XXL,,DA1753-XXL,9,0,0,0
REBEL MASS EXPORT PVT LTD,FSH25-0040 L.BROWN,DA1793-XXL,XXL,,DA1793-XXL,9,0,0,0
REBEL MASS EXPORT PVT LTD,FSH25-0040 SKY,DA1776-XL,XL,,DA1776-XL,9,0,0,0
REBEL MASS EXPORT PVT LTD,FSH25-0041 BLACK,DA1803-L,L,,DA1803-L,9,0,0,0
REBEL MASS EXPORT PVT LTD,FSH25-0041 YELLOW,DA1809-XXL,XXL,,DA1809-XXL,9,0,0,0
REBEL MASS EXPORT PVT LTD,FSH25-0042 NAVY,DA1817-XXL,XXL,,DA1817-XXL,9,0,0,0
REBEL MASS EXPORT PVT LTD,FSH25-39-0008-0007901 GREY,0007901-M,M,,0007901-M,9,0,0,0
REBEL MASS EXPORT PVT LTD,FSH25-39-0010-0007921 MUSTARD,0007921-M,M,,0007921-M,9,0,0,0
REBEL MASS EXPORT PVT LTD,FSH25-39-0011-0007929 L.BEIGE,0007929-M,M,,0007929-M,9,0,0,0
REBEL MASS EXPORT PVT LTD,FSH25-39-0014-0007949 MUSTARD,0007949-M,M,,0007949-M,9,0,0,0
REBEL MASS EXPORT PVT LTD,FSH25-39-0017-0007977 TURQ,0007977-M,M,,0007977-M,9,0,0,0
REBEL MASS EXPORT PVT LTD,FSH25-39-0018-0007981 WHITE,0007981-M,M,,0007981-M,9,0,0,0
REBEL MASS EXPORT PVT LTD,FSH25-39-0018-0007982 WHITE,0007982-L,L,,0007982-L,9,0,0,0
REBEL MASS EXPORT PVT LTD,FSH25-39-0018-0007984 WHITE,0007984-XXL,XXL,,0007984-XXL,9,0,0,0
REBEL MASS EXPORT PVT LTD,FSH25-39-0018-0007985 MUSTARD,0007985-M,M,,0007985-M,9,0,0,0
REBEL MASS EXPORT PVT LTD,FSH25-39-0018-0007988 MUSTARD,0007988-XXL,XXL,,0007988-XXL,9,0,0,0
REBEL MASS EXPORT PVT LTD,FSH25-39-0021-0008009 RED,0008009-M,M,,0008009-M,9,0,0,0
REBEL MASS EXPORT PVT LTD,FTR25-0033-0008291 OLIVE,0008291-81.28CM(32),81.28CM (32),,0008291-81.28CM(32),9,0,0,0
REBEL MASS EXPORT PVT LTD,FTR25-0063 BEIGE,DA1126-86.36CM(34),86.36CM (34),,DA1126-86.36CM(34),9,0,0,0
REBEL MASS EXPORT PVT LTD,FTR25-0066 LT.BEIGE,DA1143-81.28CM(32),81.28CM (32),,DA1143-81.28CM(32),9,0,0,0
REBEL MASS EXPORT PVT LTD,FTR25-18-0009-0007230 ROYAL BLUE,0007230-81.28CM(32),81.28CM (32),,0007230-81.28CM(32),9,0,0,0
REBEL MASS EXPORT PVT LTD,FTR25-18-0013-0007282 CHARCOAL,0007282-101.6CM(40),101.6CM (40),,0007282-101.6CM(40),9,0,0,0
REBEL MASS EXPORT PVT LTD,FTR25-18-0019-0007327 NAVY,0007327-86.36CM(34),86.36CM (34),,0007327-86.36CM(34),9,0,0,0
REBEL MASS EXPORT PVT LTD,FTR25-18-0025-0007379 D.NAVY,0007379-76.20CM(30),76.20CM (30),,0007379-76.20CM(30),9,0,0,0
REBEL MASS EXPORT PVT LTD,FTR25-18-0030-0007709 NAVY,0007709-76.20CM(30),76.20CM (30),,0007709-76.20CM(30),9,0,0,0
REBEL MASS EXPORT PVT LTD,FTR25-18-0030-0007713 NAVY,0007713-96.52CM(38),96.52CM (38),,0007713-96.52CM(38),9,0,0,0
REBEL MASS EXPORT PVT LTD,FTR25-18-0040-0008289 BLACK,0008289-91.44CM(36),91.44CM (36),,0008289-91.44CM(36),9,0,0,0
REBEL MASS EXPORT PVT LTD,FTR25-18-0041-0008100 ANTRA,0008100-81.28CM(32),81.28CM (32),,0008100-81.28CM(32),9,0,0,0
REBEL MASS EXPORT PVT LTD,FTR25-18-0043-0008279 SKY BLUE,0008279-86.36CM(34),86.36CM (34),,0008279-86.36CM(34),9,0,0,0
REBEL MASS EXPORT PVT LTD,JKT25-0003 NAVY,DA3666-M,M,,DA3666-M,9,0,0,0
REBEL MASS EXPORT PVT LTD,JKT25-0003 NAVY,DA3668-XL,XL,,DA3668-XL,9,0,0,0
REBEL MASS EXPORT PVT LTD,MBDNM0002-0000478 MID  BLUE,0000478-28,28,,0000478-28,9,0,0,0
REBEL MASS EXPORT PVT LTD,MBDNM0003-0000485 CARBON BLUE,0000485-30,30,,0000485-30,9,0,0,0
REBEL MASS EXPORT PVT LTD,MBDNM0004-0000490 MERCRIZE BLUE,0000490-34,34,,0000490-34,9,0,0,0
REBEL MASS EXPORT PVT LTD,MBDNM0005-0000499 MERCRIZE BLUE,0000499-36,36,,0000499-36,9,0,0,0
REBEL MASS EXPORT PVT LTD,MBDNM0015-0000863 DIRTY GREEN,0000863-28,28,,0000863-28,9,0,0,0
REBEL MASS EXPORT PVT LTD,MBDNM0016-0000871 MID  BLUE,0000871-32,32,,0000871-32,9,0,0,0
REBEL MASS EXPORT PVT LTD,MBDNM0021-0001679 WHITE,0001679-32,32,,0001679-32,9,0,0,0
REBEL MASS EXPORT PVT LTD,MBDNM0021-0001682 WHITE,0001682-38,38,,0001682-38,9,0,0,0
REBEL MASS EXPORT PVT LTD,MBDNM0025-0001746 DARK GREY,0001746-71.12CM(28),71.12CM (28),,0001746-71.12CM(28),9,0,0,0
REBEL MASS EXPORT PVT LTD,MBDNM0025-0001749 DARK GREY,0001749-81.28CM(32INCH),81.28 CM (32 INCH),,0001749-81.28CM(32INCH),9,0,0,0
REBEL MASS EXPORT PVT LTD,MBDNM0029-0001773 MERCRIZED BLUE,0001773-81.28CM(32INCH),81.28 CM (32 INCH),,0001773-81.28CM(32INCH),9,0,0,0
REBEL MASS EXPORT PVT LTD,MCBLZ0018-0000731 BLACK,0000731-40,40,,0000731-40,9,0,0,0
REBEL MASS EXPORT PVT LTD,MCBLZ0021-0000741 TAN,0000741-40,40,,0000741-40,9,0,0,0
REBEL MASS EXPORT PVT LTD,MCBLZ0029-0000772 BROWN,0000772-42,42,,0000772-42,9,0,0,0
REBEL MASS EXPORT PVT LTD,MCBLZ0029-0000775 BROWN,0000775-40,40,,0000775-40,9,0,0,0
REBEL MASS EXPORT PVT LTD,MCBLZ0030-0000777 BLUE,0000777-40,40,,0000777-40,9,0,0,0
REBEL MASS EXPORT PVT LTD,MCBLZ0045-0001184 GREY,0001184-42,42,,0001184-42,9,0,0,0
REBEL MASS EXPORT PVT LTD,MCC2ST026-0001609 BLACK,0001609-40,40,,0001609-40,9,0,0,0
REBEL MASS EXPORT PVT LTD,MCTRZ0001-0000984 OLIVE,0000984-32,32,,0000984-32,9,0,0,0
REBEL MASS EXPORT PVT LTD,MFSHT0007-0000892 ORANGE.,0000892-L,L,,0000892-L,9,0,0,0
REBEL MASS EXPORT PVT LTD,MJKTS0001-0002268 COFFEE,0002268-XXL,XXL,,0002268-XXL,9,0,0,0
REBEL MASS EXPORT PVT LTD,SS25-0007 DARK GREY,DA1257-L,L,,DA1257-L,9,0,0,0
REBEL MASS EXPORT PVT LTD,SS25-0007 DARK GREY,DA1258-XL,XL,,DA1258-XL,9,0,0,0
REBEL MASS EXPORT PVT LTD,TRC25-0002 ANTHRA,DA3285-M,M,,DA3285-M,9,0,0,1
REBEL MASS EXPORT PVT LTD,TS25-0007 WHT/BLU,DA0901-M,M,,DA0901-M,9,0,0,0
REBEL MASS EXPORT PVT LTD,TS25-0007 WHT/BLU,DA0903-XL,XL,,DA0903-XL,9,0,0,0
REBEL MASS EXPORT PVT LTD,TS25-0013A YELLOW,DA1213-L,L,,DA1213-L,9,0,0,0
REBEL MASS EXPORT PVT LTD,TS25-0015A GREY,DA2011-S,S,,DA2011-S,9,0,0,0
REBEL MASS EXPORT PVT LTD,TS25-0018 FAWN,DA1649-XXL,XXL,,DA1649-XXL,9,0,0,0
REBEL MASS EXPORT PVT LTD,TS25-0019 KHAKI/BLK,DA1650-M,M,,DA1650-M,9,0,0,0
REBEL MASS EXPORT PVT LTD,TS25-0022 MAROON,DA1664-XL,XL,,DA1664-XL,9,0,0,0
REBEL MASS EXPORT PVT LTD,TS25-0055 OFF WHITE,DA2423-L,L,,DA2423-L,9,0,0,0
REBEL MASS EXPORT PVT LTD,WATCH0002-0004458 MTL/BLUE.,0004458-NA,NA,,0004458-NA,9,0,0,0
REBEL MASS EXPORT PVT LTD,WATCH0002-0004459 MTL/GREEN,0004459-NA,NA,,0004459-NA,9,0,0,0
REBEL MASS EXPORT PVT LTD,2PC25-0032 G.BLUE,DA3064-111.76CM(44),111.76CM (44),,DA3064-111.76CM(44),8,0,0,0
REBEL MASS EXPORT PVT LTD,2PC25-0032 KHAKI,DA3058-101.6CM(40),101.6CM (40),,DA3058-101.6CM(40),8,0,0,0
REBEL MASS EXPORT PVT LTD,2PC25-0032 KHAKI,DA3060-111.76CM(44),111.76CM (44),,DA3060-111.76CM(44),8,0,0,0
REBEL MASS EXPORT PVT LTD,2PC25-0032 KHAKI,DA3057-96.52CM(38),96.52CM (38),,DA3057-96.52CM(38),8,0,0,0
REBEL MASS EXPORT PVT LTD,2PC25-0034 PISTA,DA3428-106.68CM(42),106.68CM (42),,DA3428-106.68CM(42),8,0,0,0
REBEL MASS EXPORT PVT LTD,2PC25-0034 PISTA,DA3429-111.76CM(44),111.76CM (44),,DA3429-111.76CM(44),8,0,0,0
REBEL MASS EXPORT PVT LTD,2PC25-0034 SEA GREEN,DA3411-101.6CM(40),101.6CM (40),,DA3411-101.6CM(40),8,0,0,0
REBEL MASS EXPORT PVT LTD,3PC25-0011 CHARCOLE,DA2455-101.6CM(40),101.6CM (40),,DA2455-101.6CM(40),8,0,0,0
REBEL MASS EXPORT PVT LTD,3PC25-0011 CHARCOLE,DA2456-106.68CM(42),106.68CM (42),,DA2456-106.68CM(42),8,0,0,0
REBEL MASS EXPORT PVT LTD,3PC25-0011 L.GREY,DA2463-101.6CM(40),101.6CM (40),,DA2463-101.6CM(40),8,0,0,0
REBEL MASS EXPORT PVT LTD,3PC25-0011 MEHANDI,DA2452-106.68CM(42),106.68CM (42),,DA2452-106.68CM(42),8,0,0,0
REBEL MASS EXPORT PVT LTD,3PC25-0011 OLIVE,DA2447-101.6CM(40),101.6CM (40),,DA2447-101.6CM(40),8,0,0,0
REBEL MASS EXPORT PVT LTD,3PC25-0011 OLIVE,DA2446-96.52CM(38),96.52CM (38),,DA2446-96.52CM(38),8,0,0,0
REBEL MASS EXPORT PVT LTD,ASR25CSH-0001 N/A,DA3048-XXL,XXL,,DA3048-XXL,8,0,0,0
REBEL MASS EXPORT PVT LTD,BLZ25-0019 GREY,DA2561-101.6CM(40),101.6CM (40),,DA2561-101.6CM(40),8,0,0,0
REBEL MASS EXPORT PVT LTD,BLZ25-0019 GREY,DA2562-106.68CM(42),106.68CM (42),,DA2562-106.68CM(42),8,0,0,0
REBEL MASS EXPORT PVT LTD,CSH25-0074 MAROON,DA2590-XL,XL,,DA2590-XL,8,0,0,0
REBEL MASS EXPORT PVT LTD,CSH25-0078 MEHANDI,DA2610-XL,XL,,DA2610-XL,8,0,0,0
REBEL MASS EXPORT PVT LTD,CSH25-0101 CREAM,DA2725-XL,XL,,DA2725-XL,8,0,0,0
REBEL MASS EXPORT PVT LTD,CSH25-0107 BROWN,DA3185-XXL,XXL,,DA3185-XXL,8,0,0,0
REBEL MASS EXPORT PVT LTD,CSH25-0107 L.BROWN,DA3215-XXL,XXL,,DA3215-XXL,8,0,0,0
REBEL MASS EXPORT PVT LTD,CSH25-0107 MAROON,DA3251-XXL,XXL,,DA3251-XXL,8,0,0,0
REBEL MASS EXPORT PVT LTD,CSH25-0107 SLATE GREY,DA3230-M,M,,DA3230-M,8,0,0,0
REBEL MASS EXPORT PVT LTD,CSS26-0001 CREAM,DA3931-L,L,,DA3931-L,8,0,0,0
REBEL MASS EXPORT PVT LTD,DNM26-0007 LIGHT WASH,BM0096-86.36CM(34),86.36CM (34),,BM0096-86.36CM(34),8,0,0,0
REBEL MASS EXPORT PVT LTD,DNM26-0009 D. BLUE,BM0114-86.36CM(34),86.36CM (34),,BM0114-86.36CM(34),8,0,0,0
REBEL MASS EXPORT PVT LTD,FSH25-0062 BLUE MILANGE,DA2329-XL,XL,,DA2329-XL,8,0,0,0
REBEL MASS EXPORT PVT LTD,FSH25-0062 SKY BLUE,DA2337-XXXL,XXXL,,DA2337-XXXL,8,0,0,0
REBEL MASS EXPORT PVT LTD,FSH25-0062 TURQ,DA2276-XXL,XXL,,DA2276-XXL,8,0,0,0
REBEL MASS EXPORT PVT LTD,FSH25-0066 WHITE,DA2860-XXL,XXL,,DA2860-XXL,8,0,0,0
REBEL MASS EXPORT PVT LTD,FSH25-0068B BLACK,DA2870-L,L,,DA2870-L,8,0,0,0
REBEL MASS EXPORT PVT LTD,FSH25-0069 BEIGE,DA2877-M,M,,DA2877-M,8,0,0,0
REBEL MASS EXPORT PVT LTD,FSH25-0069 BEIGE,DA2879-XL,XL,,DA2879-XL,8,0,0,0
REBEL MASS EXPORT PVT LTD,FSH25-0069 D.PURPLE,DA2929-M,M,,DA2929-M,8,0,0,0
REBEL MASS EXPORT PVT LTD,FSH25-0069 MEHANDI,DA2941-M,M,,DA2941-M,8,0,0,0
REBEL MASS EXPORT PVT LTD,FSH25-0069 ORANGE,DA3012-S,S,,DA3012-S,8,0,0,0
REBEL MASS EXPORT PVT LTD,FSH25-0069 ORANGE/BLUE,DA3007-S,S,,DA3007-S,8,0,0,0
REBEL MASS EXPORT PVT LTD,FSH25-0069 RED/BLUE,DA2960-XXL,XXL,,DA2960-XXL,8,0,0,0
REBEL MASS EXPORT PVT LTD,FSH25-0069 SEA GREEN,DA2901-M,M,,DA2901-M,8,0,0,0
REBEL MASS EXPORT PVT LTD,FSH25-0069 TURQ,DA3018-S,S,,DA3018-S,8,0,0,0
REBEL MASS EXPORT PVT LTD,FSH25-0069 WHT/BLUE,DA2946-L,L,,DA2946-L,8,0,0,0
REBEL MASS EXPORT PVT LTD,FSH25-0069 WHT/BLUE,DA2945-M,M,,DA2945-M,8,0,0,0
REBEL MASS EXPORT PVT LTD,FSH25-0069 WHT/BLUE,DA2947-XL,XL,,DA2947-XL,8,0,0,0
REBEL MASS EXPORT PVT LTD,FSH25-0069 WHT/BLUE,DA2948-XXL,XXL,,DA2948-XXL,8,0,0,0
REBEL MASS EXPORT PVT LTD,FSH25-0071 PURPLE,DA3454-XXL,XXL,,DA3454-XXL,8,0,0,0
REBEL MASS EXPORT PVT LTD,FSH25-0072 L. SKY,DA3487-M,M,,DA3487-M,8,0,0,0
REBEL MASS EXPORT PVT LTD,FTR25-0077 BLACK,DA3083-96.52CM(38),96.52CM (38),,DA3083-96.52CM(38),8,0,0,0
REBEL MASS EXPORT PVT LTD,FTR25-0079 GREY/BLK,DA3100-81.28CM(32),81.28CM (32),,DA3100-81.28CM(32),8,0,0,0
REBEL MASS EXPORT PVT LTD,FTR25-0081 BLUE,DA3110-86.36CM(34),86.36CM (34),,DA3110-86.36CM(34),8,0,0,0
REBEL MASS EXPORT PVT LTD,FTR25-0081 BLUE,DA3111-91.44CM(36),91.44CM (36),,DA3111-91.44CM(36),8,0,0,0
REBEL MASS EXPORT PVT LTD,FTR25-0084 MEHROON,DA3123-91.44CM(36),91.44CM (36),,DA3123-91.44CM(36),8,0,0,0
REBEL MASS EXPORT PVT LTD,FTR25-0085 BLACK,DA3127-91.44CM(36),91.44CM (36),,DA3127-91.44CM(36),8,0,0,0
REBEL MASS EXPORT PVT LTD,FTR25-0085 GREY/BLK,DA3132-96.52CM(38),96.52CM (38),,DA3132-96.52CM(38),8,0,0,0
REBEL MASS EXPORT PVT LTD,LW25-0001 OLIVE,DA2100-XL,XL,,DA2100-XL,8,0,0,0
REBEL MASS EXPORT PVT LTD,SHORT-0003 GREY PRINT,DA2361-XL,XL,,DA2361-XL,8,0,0,0
REBEL MASS EXPORT PVT LTD,SHORT-0003 S.BLUE PRINT,DA2370-XXL,XXL,,DA2370-XXL,8,0,0,0
REBEL MASS EXPORT PVT LTD,SHORT-0003 WHITE PRINT,DA2350-XXL,XXL,,DA2350-XXL,8,0,0,0
REBEL MASS EXPORT PVT LTD,SHORT25-0004 BROWN,DA3042-86.36CM(34),86.36CM (34),,DA3042-86.36CM(34),8,0,0,0
REBEL MASS EXPORT PVT LTD,TS25-0037 NAVY,DA1972-M,M,,DA1972-M,8,0,0,0
REBEL MASS EXPORT PVT LTD,TS25-0037 NAVY,DA1971-S,S,,DA1971-S,8,0,0,0
REBEL MASS EXPORT PVT LTD,TS25-0042 PISTA,DA2102-M,M,,DA2102-M,8,0,0,0
REBEL MASS EXPORT PVT LTD,TS25-0042 PISTA,DA2106-S,S,,DA2106-S,8,0,0,0
REBEL MASS EXPORT PVT LTD,TS25-0042 PISTA,DA2105-XXL,XXL,,DA2105-XXL,8,0,0,0
REBEL MASS EXPORT PVT LTD,TS25-0049 NAVY,DA2199-S,S,,DA2199-S,8,0,0,0
REBEL MASS EXPORT PVT LTD,TS25-0050 NAVY,DA2209-S,S,,DA2209-S,8,0,0,0
REBEL MASS EXPORT PVT LTD,TS26-0008 GREY/WHITE,BM0085-M,M,,BM0085-M,8,0,0,0
REBEL MASS EXPORT PVT LTD,2PC25-0003 MAHROON,DA0712-101.6CM(40),101.6CM (40),,DA0712-101.6CM(40),8,0,0,0
REBEL MASS EXPORT PVT LTD,2PC25-0005 TURQ,DA0721-106.68CM(42),106.68CM (42),,DA0721-106.68CM(42),8,0,0,0
REBEL MASS EXPORT PVT LTD,2PC25-0023 KHAKI,DA1867-101.6CM(40),101.6CM (40),,DA1867-101.6CM(40),8,0,0,0
REBEL MASS EXPORT PVT LTD,2PC25-0023 KHAKI,DA1868-106.68CM(42),106.68CM (42),,DA1868-106.68CM(42),8,0,0,0
REBEL MASS EXPORT PVT LTD,2PC25-0026 GREY,DA1880-106.68CM(42),106.68CM (42),,DA1880-106.68CM(42),8,0,0,0
REBEL MASS EXPORT PVT LTD,2PC25-0027 KHAKI/GREY,DA1883-101.6CM(40),101.6CM (40),,DA1883-101.6CM(40),8,0,0,0
REBEL MASS EXPORT PVT LTD,3PC25-0002 L.GREY,DA0929-106.68CM(42),106.68CM (42),,DA0929-106.68CM(42),8,0,0,0
REBEL MASS EXPORT PVT LTD,3PC25-0003 GREY,DA0941-106.68CM(42),106.68CM (42),,DA0941-106.68CM(42),8,0,0,0
REBEL MASS EXPORT PVT LTD,3PC25-0010 NAVY/BLU,DA1900-106.68CM(42),106.68CM (42),,DA1900-106.68CM(42),8,0,0,0
REBEL MASS EXPORT PVT LTD,ASRFTR-001 N/A,DA3055-96.52CM(38),96.52CM (38),,DA3055-96.52CM(38),8,0,0,0
REBEL MASS EXPORT PVT LTD,AW24BL0001-0002570 BLUE,0002570-96.52CM(38),96.52CM (38),,0002570-96.52CM(38),8,0,0,0
REBEL MASS EXPORT PVT LTD,AW24BL0002-0002776 NAVY,0002776-101.6CM(40),101.6CM (40),,0002776-101.6CM(40),8,0,0,0
REBEL MASS EXPORT PVT LTD,AW24BL0004-0008065 BEIGE,0008065-96.52CM(38),96.52CM (38),,0008065-96.52CM(38),8,0,0,0
REBEL MASS EXPORT PVT LTD,AW24BL0004-0008067 BEIGE,0008067-106.68CM(42),106.68CM (42),,0008067-106.68CM(42),8,0,0,0
REBEL MASS EXPORT PVT LTD,AW24BL0008-0003700 BL/GREY,0003700-101.6CM(40),101.6CM (40),,0003700-101.6CM(40),8,0,0,0
REBEL MASS EXPORT PVT LTD,AW24BL0008-0003701 BL/GREY,0003701-106.68CM(42),106.68CM (42),,0003701-106.68CM(42),8,0,0,0
REBEL MASS EXPORT PVT LTD,AW24BL0008-0003711 BR/GREY,0003711-106.68CM(42),106.68CM (42),,0003711-106.68CM(42),8,0,0,0
REBEL MASS EXPORT PVT LTD,AW24BL0011-0004428 MAHROON,0004428-106.68CM(42),106.68CM (42),,0004428-106.68CM(42),8,0,0,0
REBEL MASS EXPORT PVT LTD,AW24BL0012-0004441 BLUE,0004441-111.76CM(44),111.76CM (44),,0004441-111.76CM(44),8,0,0,0
REBEL MASS EXPORT PVT LTD,AW24BL0013-0004417 WINE,0004417-111.76CM(44),111.76CM (44),,0004417-111.76CM(44),8,0,0,0
REBEL MASS EXPORT PVT LTD,AW24BL0013-0004498 NAVY,0004498-106.68CM(42),106.68CM (42),,0004498-106.68CM(42),8,0,0,0
REBEL MASS EXPORT PVT LTD,AW24BL0015-0005193 L.GREY,0005193-101.6CM(40),101.6CM (40),,0005193-101.6CM(40),8,0,0,0
REBEL MASS EXPORT PVT LTD,AW24CT0001-0004994 GREEN,0004994-96.52CM(38),96.52CM (38),,0004994-96.52CM(38),8,0,0,0
REBEL MASS EXPORT PVT LTD,AW24CT0002-0005001 BLACK,0005001-111.76CM(44),111.76CM (44),,0005001-111.76CM(44),8,0,0,0
REBEL MASS EXPORT PVT LTD,AW24CT0002-0005006 GREEN,0005006-96.52CM(38),96.52CM (38),,0005006-96.52CM(38),8,0,0,0
REBEL MASS EXPORT PVT LTD,AW24CTR0003-0004816 KHAKI,0004816-76.20CM(30),76.20CM (30),,0004816-76.20CM(30),8,0,0,0
REBEL MASS EXPORT PVT LTD,AW24CTR0003-0004821 KHAKI,0004821-101.6CM(40),101.6CM (40),,0004821-101.6CM(40),8,0,0,0
REBEL MASS EXPORT PVT LTD,AW24CTR0003-0004832 TEAL,0004832-96.52CM(38),96.52CM (38),,0004832-96.52CM(38),8,0,0,0
REBEL MASS EXPORT PVT LTD,AW24CTR0003-0004846 WHITE,0004846-76.20CM(30),76.20CM (30),,0004846-76.20CM(30),8,0,0,0
REBEL MASS EXPORT PVT LTD,AW24CTR0003-0004852 BEIGE,0004852-76.20CM(30),76.20CM (30),,0004852-76.20CM(30),8,0,0,0
REBEL MASS EXPORT PVT LTD,AW24CTR0003-0004859 L.GREY,0004859-81.28CM(32),81.28CM (32),,0004859-81.28CM(32),8,0,0,0
REBEL MASS EXPORT PVT LTD,AW24CTR0003-0004860 L.GREY,0004860-86.36CM(34),86.36CM (34),,0004860-86.36CM(34),8,0,0,0
REBEL MASS EXPORT PVT LTD,AW24CTR0005-0005758 STEAL GREY,0005758-81.28CM(32),81.28CM (32),,0005758-81.28CM(32),8,0,0,0
REBEL MASS EXPORT PVT LTD,AW24CTR0005-0005768 CREAM,0005768-81.28CM(32),81.28CM (32),,0005768-81.28CM(32),8,0,0,0
REBEL MASS EXPORT PVT LTD,AW24CTR0005-0005769 CREAM,0005769-86.36CM(34),86.36CM (34),,0005769-86.36CM(34),8,0,0,0
REBEL MASS EXPORT PVT LTD,AW24CTR0005-0005791 MAHANDI,0005791-96.52CM(38),96.52CM (38),,0005791-96.52CM(38),8,0,0,0
REBEL MASS EXPORT PVT LTD,AW24CTR0006-0006545 KHAKI,0006545-96.52CM(38),96.52CM (38),,0006545-96.52CM(38),8,0,0,0
REBEL MASS EXPORT PVT LTD,AW24CTR0007-0006564 LEMON,0006564-91.44CM(36),91.44CM (36),,0006564-91.44CM(36),8,0,0,0
REBEL MASS EXPORT PVT LTD,AW24CTR0007-0006571 GREEN,0006571-76.20CM(30),76.20CM (30),,0006571-76.20CM(30),8,0,0,0
REBEL MASS EXPORT PVT LTD,AW24CTR0007-0006579 GREY,0006579-91.44CM(36),91.44CM (36),,0006579-91.44CM(36),8,0,0,0
REBEL MASS EXPORT PVT LTD,AW24D0002-0002542 BLACK,0002542-76.20CM(30),76.20CM (30),,0002542-76.20CM(30),8,0,0,0
REBEL MASS EXPORT PVT LTD,AW24D0006-0003522 INDIGO BLUE,0003522-96.52CM(38),96.52CM (38),,0003522-96.52CM(38),8,0,0,0
REBEL MASS EXPORT PVT LTD,AW24D0007-0003527 BLACK,0003527-91.44CM(36),91.44CM(36),,0003527-91.44CM(36),8,0,0,0
REBEL MASS EXPORT PVT LTD,AW24D0007-0003528 BLACK,0003528-96.52CM(38),96.52CM (38),,0003528-96.52CM(38),8,0,0,0
REBEL MASS EXPORT PVT LTD,AW24D0009A-0004252 DARK BLUE,0004252-76.2CM(30),76.2CM (30),,0004252-76.2CM(30),8,0,0,0
REBEL MASS EXPORT PVT LTD,AW24D0009A-0004274 ICE BLUE,0004274-96.52CM(38),96.52CM (38),,0004274-96.52CM(38),8,0,0,0
REBEL MASS EXPORT PVT LTD,AW24D0011-0003895 C.BLUE,0003895-86.36CM(34),86.36CM (34),,0003895-86.36CM(34),8,0,0,0
REBEL MASS EXPORT PVT LTD,AW24D0011-0004349 BLUE,0004349-96.52CM(38),96.52CM (38),,0004349-96.52CM(38),8,0,0,0
REBEL MASS EXPORT PVT LTD,AW24D0013-0004367 GREY,0004367-96.52CM(38),96.52CM (38),,0004367-96.52CM(38),8,0,0,0
REBEL MASS EXPORT PVT LTD,AW24D0015-0004378 M.BLUE.,0004378-91.44CM(36),91.44CM(36),,0004378-91.44CM(36),8,0,0,0
REBEL MASS EXPORT PVT LTD,AW24D0020-0004361 L.BLUE,0004361-96.52CM(38),96.52CM (38),,0004361-96.52CM(38),8,0,0,0
REBEL MASS EXPORT PVT LTD,AW24D0026-0005426 CRBN BLUE,0005426-91.44CM(36),91.44CM (36),,0005426-91.44CM(36),8,0,0,0
REBEL MASS EXPORT PVT LTD,AW24D0027-0005434 BLUE,0005434-71.12CM(28),71.12CM (28),,0005434-71.12CM(28),8,0,0,0
REBEL MASS EXPORT PVT LTD,AW24D0029-0006462 DARK BLUE,0006462-71.12CM(28),71.12CM (28),,0006462-71.12CM(28),8,0,0,0
REBEL MASS EXPORT PVT LTD,AW24D0029-0006467 DARK BLUE,0006467-96.52CM(38),96.52CM (38),,0006467-96.52CM(38),8,0,0,0
REBEL MASS EXPORT PVT LTD,AW24D0029-0006473 BLACK,0006473-96.52CM(38),96.52CM (38),,0006473-96.52CM(38),8,0,0,0
REBEL MASS EXPORT PVT LTD,AW24FTR0005-0003196 BEIGE,0003196-81.28CM(32),81.28CM (32),,0003196-81.28CM(32),8,0,0,0
REBEL MASS EXPORT PVT LTD,AW24FTR0009-0003406 WINE,0003406-81.28CM(32),81.28CM (32),,0003406-81.28CM(32),8,0,0,0
REBEL MASS EXPORT PVT LTD,AW24FTR0009-0003407 WINE,0003407-86.36CM(34),86.36CM (34),,0003407-86.36CM(34),8,0,0,0
REBEL MASS EXPORT PVT LTD,AW24FTR0010-0003442 BLUE,0003442-86.36CM(34),86.36CM (34),,0003442-86.36CM(34),8,0,0,0
REBEL MASS EXPORT PVT LTD,AW24FTR0023-0005065 GREY,0005065-86.36CM(34),86.36CM (34),,0005065-86.36CM(34),8,0,0,0
REBEL MASS EXPORT PVT LTD,AW24FTR0024-0005070 BLUE,0005070-81.28CM(32),81.28CM (32),,0005070-81.28CM(32),8,0,0,0
REBEL MASS EXPORT PVT LTD,AW24FTR0026-0005081 MAHROON,0005081-76.20CM(30),76.20CM (30),,0005081-76.20CM(30),8,0,0,0
REBEL MASS EXPORT PVT LTD,AW24FTR0026-0005084 MAHROON,0005084-91.44CM(36),91.44CM(36),,0005084-91.44CM(36),8,0,0,0
REBEL MASS EXPORT PVT LTD,AW24FTR0030-0005106 NAVY,0005106-81.28CM(32),81.28CM (32),,0005106-81.28CM(32),8,0,0,0
REBEL MASS EXPORT PVT LTD,AW24FTR0030-0005107 NAVY,0005107-86.36CM(34),86.36CM (34),,0005107-86.36CM(34),8,0,0,0
REBEL MASS EXPORT PVT LTD,AW24-JKT0003-0002048 BLACK/BEIGE,0002048-3XL,3XL,,0002048-3XL,8,0,0,0
REBEL MASS EXPORT PVT LTD,AW24JKT0003-0002643 L.GREY,0002643-XL,XL,,0002643-XL,8,0,0,0
REBEL MASS EXPORT PVT LTD,AW24JKT0003-0002648 KHAKI,0002648-XL,XL,,0002648-XL,8,0,0,0
REBEL MASS EXPORT PVT LTD,AW24JKT0004-0006600 BLUE,0006600-M,M,,0006600-M,8,0,0,0
REBEL MASS EXPORT PVT LTD,AW24JKT0004-0006601 BLUE,0006601-L,L,,0006601-L,8,0,0,0
REBEL MASS EXPORT PVT LTD,AW24JKT0005-2433 NAVY,2433-L,L,,2433-L,8,0,0,0
REBEL MASS EXPORT PVT LTD,AW24JKT0007-0002483 GREY,0002483-XL,XL,,0002483-XL,8,0,0,0
REBEL MASS EXPORT PVT LTD,AW24JKT0007-0002485 GREY,0002485-3XL,3XL,,0002485-3XL,8,0,0,0
REBEL MASS EXPORT PVT LTD,AW24JKT0012-0004483 BROWN,0004483-XXL,XXL,,0004483-XXL,8,0,0,0
REBEL MASS EXPORT PVT LTD,AW24JKT0016-0006620 WHITE,0006620-3XL,3XL,,0006620-3XL,8,0,0,0
REBEL MASS EXPORT PVT LTD,AW24JKT0016-0007129 BLK/BEIGE,0007129-M,M,,0007129-M,8,0,0,0
REBEL MASS EXPORT PVT LTD,AW24LC0001-0002781 OLIVE,0002781-96.52CM(38),96.52CM (38),,0002781-96.52CM(38),8,0,0,0
REBEL MASS EXPORT PVT LTD,AW24PO0001-0003560 MAROON,0003560-M,M,,0003560-M,8,0,0,0
REBEL MASS EXPORT PVT LTD,AW24PO0006-0004729 PINK,0004729-L,L,,0004729-L,8,0,0,0
REBEL MASS EXPORT PVT LTD,AW24PO0008-0005607 YELLOW,0005607-XL,XL,,0005607-XL,8,0,0,0
REBEL MASS EXPORT PVT LTD,AW24PO0008-0005608 PEACH,0005608-M,M,,0005608-M,8,0,0,0
REBEL MASS EXPORT PVT LTD,AW24PO0008-0005609 PEACH,0005609-L,L,,0005609-L,8,0,0,0
REBEL MASS EXPORT PVT LTD,AW24SH0007-0002112 SKY BLUE,0002112-XXL,XXL,,0002112-XXL,8,0,0,0
REBEL MASS EXPORT PVT LTD,AW24SH0007-0002113 SKY BLUE,0002113-3XL,3XL,,0002113-3XL,8,0,0,0
REBEL MASS EXPORT PVT LTD,AW24SH0017-0002234 BEIGE,0002234-L,L,,0002234-L,8,0,0,0
REBEL MASS EXPORT PVT LTD,AW24SH0017-0002239 SKY BLUE,0002239-XL,XL,,0002239-XL,8,0,0,0
REBEL MASS EXPORT PVT LTD,AW24SH0021-0002307 BEIGE,0002307-XL,XL,,0002307-XL,8,0,0,0
REBEL MASS EXPORT PVT LTD,AW24SH0021-0002310 FAWN,0002310-L,L,,0002310-L,8,0,0,0
REBEL MASS EXPORT PVT LTD,AW24SH0021-0002318 YELLOW,0002318-L,L,,0002318-L,8,0,0,0
REBEL MASS EXPORT PVT LTD,AW24SH0026-0002346 BLUE,0002346-L,L,,0002346-L,8,0,0,0
REBEL MASS EXPORT PVT LTD,AW24SH0030-0002380 PINK,0002380-XXL,XXL,,0002380-XXL,8,0,0,0
REBEL MASS EXPORT PVT LTD,AW24SH0031-0002673 LEMON,0002673-XL,XL,,0002673-XL,8,0,0,0
REBEL MASS EXPORT PVT LTD,AW24SH0033-0002713 BLACK,0002713-XL,XL,,0002713-XL,8,0,0,0
REBEL MASS EXPORT PVT LTD,AW24SH0035-0002731 FIROZI,0002731-M,M,,0002731-M,8,0,0,0
REBEL MASS EXPORT PVT LTD,AW24SH0037-0002896 BEIGE,0002896-XL,XL,,0002896-XL,8,0,0,0
REBEL MASS EXPORT PVT LTD,AW24SH0037-0002902 SEA GREEN,0002902-M,M,,0002902-M,8,0,0,0
REBEL MASS EXPORT PVT LTD,AW24SH0037-0002909 PINK,0002909-XXL,XXL,,0002909-XXL,8,0,0,0
REBEL MASS EXPORT PVT LTD,AW24SH0038-0002924 BEIGE,0002924-XL,XL,,0002924-XL,8,0,0,0
REBEL MASS EXPORT PVT LTD,AW24SH0039-0002947 SEA GREEN,0002947-L,L,,0002947-L,8,0,0,0
REBEL MASS EXPORT PVT LTD,AW24SH0042-0002972 BEIGE,0002972-XL,XL,,0002972-XL,8,0,0,0
REBEL MASS EXPORT PVT LTD,AW24SH0043-0002978 SKY BLUE,0002978-M,M,,0002978-M,8,0,0,0
REBEL MASS EXPORT PVT LTD,AW24SH0046-0003221 BLUE,0003221-L,L,,0003221-L,8,0,0,0
REBEL MASS EXPORT PVT LTD,AW24SH0046-0003226 BEIGE,0003226-XL,XL,,0003226-XL,8,0,0,0
REBEL MASS EXPORT PVT LTD,AW24SH0046-0003239 WHITE,0003239-XXL,XXL,,0003239-XXL,8,0,0,0
REBEL MASS EXPORT PVT LTD,AW24SH0049-0003264 BEIGE,0003264-M,M,,0003264-M,8,0,0,0
REBEL MASS EXPORT PVT LTD,AW24SH0049-0003266 BEIGE,0003266-XL,XL,,0003266-XL,8,0,0,0
REBEL MASS EXPORT PVT LTD,AW24SH0049-0003271 BLUE,0003271-XXL,XXL,,0003271-XXL,8,0,0,0
REBEL MASS EXPORT PVT LTD,AW24SH0053-0003302 WHT/BLUE,0003302-XL,XL,,0003302-XL,8,0,0,0
REBEL MASS EXPORT PVT LTD,AW24SH0055-0003322 WHT/BEIGE,0003322-XL,XL,,0003322-XL,8,0,0,0
REBEL MASS EXPORT PVT LTD,AW24SH0056-0003330 MULTI/WHT,0003330-XL,XL,,0003330-XL,8,0,0,0
REBEL MASS EXPORT PVT LTD,AW24SH0059-0003354 WHT/BEIGE,0003354-XL,XL,,0003354-XL,8,0,0,0
REBEL MASS EXPORT PVT LTD,AW24SH0062-0003903 D.BROWN,0003903-L,L,,0003903-L,8,0,0,0
REBEL MASS EXPORT PVT LTD,AW24SH0073-0004043 WHITE,0004043-L,L,,0004043-L,8,0,0,0
REBEL MASS EXPORT PVT LTD,AW24SH0074-0004049 WHITE,0004049-XXL,XXL,,0004049-XXL,8,0,0,0
REBEL MASS EXPORT PVT LTD,AW24SH0076-0004056 WHITE,0004056-XL,XL,,0004056-XL,8,0,0,0
REBEL MASS EXPORT PVT LTD,AW24SH0078-0004064 WHITE,0004064-XL,XL,,0004064-XL,8,0,0,0
REBEL MASS EXPORT PVT LTD,AW24SH0078-0004068 NAVY,0004068-XL,XL,,0004068-XL,8,0,0,0
REBEL MASS EXPORT PVT LTD,AW24SH0083-0004166 LEMON,0004166-XXL,XXL,,0004166-XXL,8,0,0,0
REBEL MASS EXPORT PVT LTD,AW24SH0083-0004181 BEIGE,0004181-XL,XL,,0004181-XL,8,0,0,0
REBEL MASS EXPORT PVT LTD,AW24SH0083-0004183 YELLOW,0004183-M,M,,0004183-M,8,0,0,0
REBEL MASS EXPORT PVT LTD,AW24SH0083-0004187 SEA GREEN,0004187-M,M,,0004187-M,8,0,0,0
REBEL MASS EXPORT PVT LTD,AW24SH0084-0004200 L.BLUE,0004200-L,L,,0004200-L,8,0,0,0
REBEL MASS EXPORT PVT LTD,AW24SH0084-0004210 PINK,0004210-XXL,XXL,,0004210-XXL,8,0,0,0
REBEL MASS EXPORT PVT LTD,AW24SH0084-0004215 GREY,0004215-M,M,,0004215-M,8,0,0,0
REBEL MASS EXPORT PVT LTD,AW24SH0086-0004501 GREY,0004501-L,L,,0004501-L,8,0,0,0
REBEL MASS EXPORT PVT LTD,AW24SH0088-0004527 L..YELLOW,0004527-XXL,XXL,,0004527-XXL,8,0,0,0
REBEL MASS EXPORT PVT LTD,AW24SH0089-0004556 YELLOW,0004556-M,M,,0004556-M,8,0,0,0
REBEL MASS EXPORT PVT LTD,AW24SH0089-0004559 YELLOW,0004559-XXL,XXL,,0004559-XXL,8,0,0,0
REBEL MASS EXPORT PVT LTD,AW24SH0089-0004570 GREY,0004570-XL,XL,,0004570-XL,8,0,0,0
REBEL MASS EXPORT PVT LTD,AW24SH0090-0004586 BEIGE,0004586-XL,XL,,0004586-XL,8,0,0,0
REBEL MASS EXPORT PVT LTD,AW24SH0090-0004607 TURQ,0004607-XXL,XXL,,0004607-XXL,8,0,0,0
REBEL MASS EXPORT PVT LTD,AW24SH0091-0004626 BROWN,0004626-XL,XL,,0004626-XL,8,0,0,0
REBEL MASS EXPORT PVT LTD,AW24SH0092-0004634 NAVY,0004634-XL,XL,,0004634-XL,8,0,0,0
REBEL MASS EXPORT PVT LTD,AW24SH0092-0004639 BLACK,0004639-XXL,XXL,,0004639-XXL,8,0,0,0
REBEL MASS EXPORT PVT LTD,AW24SH0094-0004678 D.GREY,0004678-XL,XL,,0004678-XL,8,0,0,0
REBEL MASS EXPORT PVT LTD,AW24SH0094-0004689 BEIGE,0004689-L,L,,0004689-L,8,0,0,0
REBEL MASS EXPORT PVT LTD,AW24SH0094-0004702 SKY BLUE,0004702-XL,XL,,0004702-XL,8,0,0,0
REBEL MASS EXPORT PVT LTD,AW24SH0094-0004706 CREAM,0004706-XL,XL,,0004706-XL,8,0,0,0
REBEL MASS EXPORT PVT LTD,AW24SH0094-0004709 WHITE,0004709-L,L,,0004709-L,8,0,0,0
REBEL MASS EXPORT PVT LTD,AW24SH0096-0004777 PISTA,0004777-L,L,,0004777-L,8,0,0,0
REBEL MASS EXPORT PVT LTD,AW24SH0096-0004794 WHITE,0004794-XL,XL,,0004794-XL,8,0,0,0
REBEL MASS EXPORT PVT LTD,AW24SH0104-0005293 SKY BLUE,0005293-XL,XL,,0005293-XL,8,0,0,0
REBEL MASS EXPORT PVT LTD,AW24SH0108-0005339 BEIGE,0005339-L,L,,0005339-L,8,0,0,0
REBEL MASS EXPORT PVT LTD,AW24SH0108-0005355 OLIVE,0005355-L,L,,0005355-L,8,0,0,0
REBEL MASS EXPORT PVT LTD,AW24SH0108-0005815 WHITE,0005815-XL,XL,,0005815-XL,8,0,0,0
REBEL MASS EXPORT PVT LTD,AW24SH0109-0005344 BROWN,0005344-XL,XL,,0005344-XL,8,0,0,0
REBEL MASS EXPORT PVT LTD,AW24SH0110-0005475 D.MAHROON.,0005475-XXL,XXL,,0005475-XXL,8,0,0,0
REBEL MASS EXPORT PVT LTD,AW24SH0110-0005480 YELLOW,0005480-M,M,,0005480-M,8,0,0,0
REBEL MASS EXPORT PVT LTD,AW24SH0112-0005488 KHAKI,0005488-M,M,,0005488-M,8,0,0,0
REBEL MASS EXPORT PVT LTD,AW24SH0114-0005497 MUSTARD,0005497-L,L,,0005497-L,8,0,0,0
REBEL MASS EXPORT PVT LTD,AW24SH0114-0005499 MUSTARD,0005499-XXL,XXL,,0005499-XXL,8,0,0,0
REBEL MASS EXPORT PVT LTD,AW24SH0114-0005503 NAVY,0005503-XXL,XXL,,0005503-XXL,8,0,0,0
REBEL MASS EXPORT PVT LTD,AW24SH0115-0005511 RED,0005511-XXL,XXL,,0005511-XXL,8,0,0,0
REBEL MASS EXPORT PVT LTD,AW24SH0117-0005521 RED,0005521-L,L,,0005521-L,8,0,0,0
REBEL MASS EXPORT PVT LTD,AW24SH0120-0005544 RED,0005544-M,M,,0005544-M,8,0,0,0
REBEL MASS EXPORT PVT LTD,AW24SH0123-0005627 SKY BLUE,0005627-M,M,,0005627-M,8,0,0,0
REBEL MASS EXPORT PVT LTD,AW24SH0129-0005653 SKY BLUE,0005653-XL,XL,,0005653-XL,8,0,0,0
REBEL MASS EXPORT PVT LTD,AW24SH0146-0005724 SKY BLUE,0005724-L,L,,0005724-L,8,0,0,0
REBEL MASS EXPORT PVT LTD,AW24SH0147-0005832 BROWN,0005832-XXL,XXL,,0005832-XXL,8,0,0,0
REBEL MASS EXPORT PVT LTD,AW24SH0148-0005848 BLACK,0005848-XXL,XXL,,0005848-XXL,8,0,0,0
REBEL MASS EXPORT PVT LTD,AW24SH0149-0005852 GREY,0005852-XXL,XXL,,0005852-XXL,8,0,0,0
REBEL MASS EXPORT PVT LTD,AW24SH0149-0005856 YELLOW,0005856-XXL,XXL,,0005856-XXL,8,0,0,0
REBEL MASS EXPORT PVT LTD,AW24SH0152-0005868 SEA GREEN,0005868-XXL,XXL,,0005868-XXL,8,0,0,0
REBEL MASS EXPORT PVT LTD,AW24SH0152-0005881 GREY,0005881-M,M,,0005881-M,8,0,0,0
REBEL MASS EXPORT PVT LTD,AW24SH0152-0005885 BEIGE,0005885-M,M,,0005885-M,8,0,0,0
REBEL MASS EXPORT PVT LTD,AW24SH0154-0005900 NAVY,0005900-XXL,XXL,,0005900-XXL,8,0,0,0
REBEL MASS EXPORT PVT LTD,AW24SH0156-0005913 T.BLUE,0005913-M,M,,0005913-M,8,0,0,0
REBEL MASS EXPORT PVT LTD,AW24SH0156-0005916 T.BLUE,0005916-XXL,XXL,,0005916-XXL,8,0,0,0
REBEL MASS EXPORT PVT LTD,AW24SH0156-0005921 L.GREEN,0005921-M,M,,0005921-M,8,0,0,0
REBEL MASS EXPORT PVT LTD,AW24SH0156-0005941 GREEN,0005941-M,M,,0005941-M,8,0,0,0
REBEL MASS EXPORT PVT LTD,AW24SH0157-0005951 BLACK,0005951-XL,XL,,0005951-XL,8,0,0,0
REBEL MASS EXPORT PVT LTD,AW24SH0158-0005958 COFFEE,0005958-L,L,,0005958-L,8,0,0,0
REBEL MASS EXPORT PVT LTD,AW24SH0159-0005966 BROWN,0005966-L,L,,0005966-L,8,0,0,0
REBEL MASS EXPORT PVT LTD,AW24SH0160-0005973 GREEN,0005973-M,M,,0005973-M,8,0,0,0
REBEL MASS EXPORT PVT LTD,AW24SH0161-0005990 L.PURPLE,0005990-L,L,,0005990-L,8,0,0,0
REBEL MASS EXPORT PVT LTD,AW24SH0161-0005991 L.PURPLE,0005991-XL,XL,,0005991-XL,8,0,0,0
REBEL MASS EXPORT PVT LTD,AW24SH0161-0005994 SKY BLUE,0005994-L,L,,0005994-L,8,0,0,0
REBEL MASS EXPORT PVT LTD,AW24SH0161-0005995 SKY BLUE,0005995-XL,XL,,0005995-XL,8,0,0,0
REBEL MASS EXPORT PVT LTD,AW24SH0163-0006044 PEACH,0006044-XXL,XXL,,0006044-XXL,8,0,0,0
REBEL MASS EXPORT PVT LTD,AW24SH0165-0006049 WHITE,0006049-M,M,,0006049-M,8,0,0,0
REBEL MASS EXPORT PVT LTD,AW24SH0172-0006083 GREY,0006083-XL,XL,,0006083-XL,8,0,0,0
REBEL MASS EXPORT PVT LTD,AW24SH0172-0006085 PINK,0006085-M,M,,0006085-M,8,0,0,0
REBEL MASS EXPORT PVT LTD,AW24SH0172-0006093 P.GREEN,0006093-M,M,,0006093-M,8,0,0,0
REBEL MASS EXPORT PVT LTD,AW24SH0173-0006104 BROWN,0006104-XXL,XXL,,0006104-XXL,8,0,0,0
REBEL MASS EXPORT PVT LTD,AW24SH0174-0006115 MAHROON,0006115-XL,XL,,0006115-XL,8,0,0,0
REBEL MASS EXPORT PVT LTD,AW24SH0174-0006116 MAHROON,0006116-XXL,XXL,,0006116-XXL,8,0,0,0
REBEL MASS EXPORT PVT LTD,AW24SH0177-0006141 L.PURPLE,0006141-M,M,,0006141-M,8,0,0,0
REBEL MASS EXPORT PVT LTD,AW24SH0178-0006149 L.GREEN,0006149-M,M,,0006149-M,8,0,0,0
REBEL MASS EXPORT PVT LTD,AW24SH0178-0006161 KHAKI,0006161-M,M,,0006161-M,8,0,0,0
REBEL MASS EXPORT PVT LTD,AW24SH0179-0006180 GREEN,0006180-XXL,XXL,,0006180-XXL,8,0,0,0
REBEL MASS EXPORT PVT LTD,AW24SH0180-0006204 BLACK,0006204-XXL,XXL,,0006204-XXL,8,0,0,0
REBEL MASS EXPORT PVT LTD,AW24SH0184-0006238 BEIGE,0006238-L,L,,0006238-L,8,0,0,0
REBEL MASS EXPORT PVT LTD,AW24SH0187-0006262 CHARCOAL,0006262-L,L,,0006262-L,8,0,0,0
REBEL MASS EXPORT PVT LTD,AW24SH0187-0006264 CHARCOAL,0006264-XXL,XXL,,0006264-XXL,8,0,0,0
REBEL MASS EXPORT PVT LTD,AW24SH0191-0006303 BLACK,0006303-XL,XL,,0006303-XL,8,0,0,0
REBEL MASS EXPORT PVT LTD,AW24SK0001-0002465 BROWN,0002465-L,L,,0002465-L,8,0,0,0
REBEL MASS EXPORT PVT LTD,AW24SS0021-0006340 CREAM,0006340-XXL,XXL,,0006340-XXL,8,0,0,0
REBEL MASS EXPORT PVT LTD,AW24SS0021-0006344 WHITE,0006344-XXL,XXL,,0006344-XXL,8,0,0,0
REBEL MASS EXPORT PVT LTD,AW24SS0022-0006350 GREEN,0006350-L,L,,0006350-L,8,0,0,0
REBEL MASS EXPORT PVT LTD,AW24SS0022-0006351 GREEN,0006351-XL,XL,,0006351-XL,8,0,0,0
REBEL MASS EXPORT PVT LTD,AW24SS0023-0006362 OLIVE,0006362-L,L,,0006362-L,8,0,0,0
REBEL MASS EXPORT PVT LTD,AW24SS0024-0006378 MAHROON,0006378-L,L,,0006378-L,8,0,0,0
REBEL MASS EXPORT PVT LTD,AW24SS0024-0006380 MAHROON,0006380-XXL,XXL,,0006380-XXL,8,0,0,0
REBEL MASS EXPORT PVT LTD,AW24SS0024-0006511 D.NAVY,0006511-XXL,XXL,,0006511-XXL,8,0,0,0
REBEL MASS EXPORT PVT LTD,AW24TS0002-0006383 NAVY,0006383-XL,XL,,0006383-XL,8,0,0,0
REBEL MASS EXPORT PVT LTD,AW24TS0003-0006398 GREY,0006398-L,L,,0006398-L,8,0,0,0
REBEL MASS EXPORT PVT LTD,AW24TX0002-0004332 COFFEE,0004332-106.68CM(42),106.68CM (42),,0004332-106.68CM(42),8,0,0,0
REBEL MASS EXPORT PVT LTD,AW24TX0002-0004335 CHARCOAL,0004335-101.6CM(40),101.6CM (40),,0004335-101.6CM(40),8,0,0,0
REBEL MASS EXPORT PVT LTD,BELT0002-0001797 BAIGE,0001797-110CM,110 CM,,0001797-110CM,8,0,0,0
REBEL MASS EXPORT PVT LTD,BELT0002-0001825 BLACK,0001825-110CM,110 CM,,0001825-110CM,8,0,0,0
REBEL MASS EXPORT PVT LTD,BELT0007-0001864 BLACK,0001864-120CM,120 CM,,0001864-120CM,8,0,0,0
REBEL MASS EXPORT PVT LTD,BELT25-18-0001-0008037 BROWN,0008037-110CM,110 CM,,0008037-110CM,8,0,0,0
REBEL MASS EXPORT PVT LTD,BELT25-18-0002-0008045 BROWN,0008045-110CM,110 CM,,0008045-110CM,8,0,0,0
REBEL MASS EXPORT PVT LTD,BELT25-18-0002-0008047 BROWN,0008047-120CM,120 CM,,0008047-120CM,8,0,0,0
REBEL MASS EXPORT PVT LTD,BELT25-18-0005 BLACK,DA0567-110CM,110 CM,BLACK,DA0567-110CM,8,0,0,0
REBEL MASS EXPORT PVT LTD,BLZ25-0006 BEIGE,DA0622-101.6CM(40),101.6CM (40),,DA0622-101.6CM(40),8,0,0,0
REBEL MASS EXPORT PVT LTD,BLZ25-0010 GREY,DA0865-101.6CM(40),101.6CM (40),,DA0865-101.6CM(40),8,0,0,0
REBEL MASS EXPORT PVT LTD,BLZ25-0013 BEIGE,DA1384-101.6CM(40),101.6CM (40),,DA1384-101.6CM(40),8,0,0,0
REBEL MASS EXPORT PVT LTD,BLZ25-0013 CREAM,DA1390-111.76CM(44),111.76CM (44),,DA1390-111.76CM(44),8,0,0,0
REBEL MASS EXPORT PVT LTD,BLZ25-0013 CREAM,DA1387-96.52CM(38),96.52CM (38),,DA1387-96.52CM(38),8,0,0,0
REBEL MASS EXPORT PVT LTD,BLZ25-0013 GREY,DA1402-111.76CM(44),111.76CM (44),,DA1402-111.76CM(44),8,0,0,0
REBEL MASS EXPORT PVT LTD,BLZ25-0014 L.KHAKI,DA1403-96.52CM(38),96.52CM (38),,DA1403-96.52CM(38),8,0,0,0
REBEL MASS EXPORT PVT LTD,BLZ25-0020 BEIGE,DA3319-106.68CM(42),106.68CM (42),,DA3319-106.68CM(42),8,0,0,0
REBEL MASS EXPORT PVT LTD,BLZ25-0020 LT.BEIGE,DA3315-106.68CM(42),106.68CM (42),,DA3315-106.68CM(42),8,0,0,0
REBEL MASS EXPORT PVT LTD,BLZ25-0020 LT.BEIGE,DA3313-96.52CM(38),96.52CM (38),,DA3313-96.52CM(38),8,0,0,0
REBEL MASS EXPORT PVT LTD,CPO25-44-0001-0007566 BLACK,0007566-M,M,,0007566-M,8,0,0,0
REBEL MASS EXPORT PVT LTD,CRC25-0002-0007619 BEIGE,0007619-96.52CM(38),96.52CM (38),,0007619-96.52CM(38),8,0,0,0
REBEL MASS EXPORT PVT LTD,CRC25-0004 GREEN,DA0009-81.28CM(32),81.28CM (32),,DA0009-81.28CM(32),8,0,0,0
REBEL MASS EXPORT PVT LTD,CRC25-0004 NAVY,DA0038-76.20CM(30),76.20CM (30),,DA0038-76.20CM(30),8,0,0,0
REBEL MASS EXPORT PVT LTD,CRC25-0004 NAVY,DA0039-81.28CM(32),81.28CM (32),,DA0039-81.28CM(32),8,0,0,0
REBEL MASS EXPORT PVT LTD,CRC25-0004A GREY,DA0467-81.28CM(32),81.28CM (32),,DA0467-81.28CM(32),8,0,0,0
REBEL MASS EXPORT PVT LTD,CRC25-0004A MUSTARD,DA0223-91.44CM(36),91.44CM (36),,DA0223-91.44CM(36),8,0,0,0
REBEL MASS EXPORT PVT LTD,CRC25-0004A NAVY,DA0229-91.44CM(36),91.44CM (36),,DA0229-91.44CM(36),8,0,0,0
REBEL MASS EXPORT PVT LTD,CRC25-0005 BEIGE,DA0280-76.20CM(30),76.20CM (30),,DA0280-76.20CM(30),8,0,0,0
REBEL MASS EXPORT PVT LTD,CRC25-0005 OFF WHITE,DA0233-81.28CM(32),81.28CM (32),,DA0233-81.28CM(32),8,0,0,0
REBEL MASS EXPORT PVT LTD,CRC25-0006 CREAM,DA0308-96.52CM(38),96.52CM (38),,DA0308-96.52CM(38),8,0,0,0
REBEL MASS EXPORT PVT LTD,CRC25-0006 NAVY,DA0291-101.6CM(40),101.6CM (40),,DA0291-101.6CM(40),8,0,0,0
REBEL MASS EXPORT PVT LTD,CRC25-0006 NAVY,DA0289-91.44CM(36),91.44CM (36),,DA0289-91.44CM(36),8,0,0,0
REBEL MASS EXPORT PVT LTD,CRC25-0007 BLACK,DA0368-81.28CM(32),81.28CM (32),,DA0368-81.28CM(32),8,0,0,0
REBEL MASS EXPORT PVT LTD,CRC25-0007 OLIVE,DA0341-81.28CM(32),81.28CM (32),,DA0341-81.28CM(32),8,0,0,0
REBEL MASS EXPORT PVT LTD,CRC25-0008 D.GREY,DA0414-86.36CM(34),86.36CM (34),,DA0414-86.36CM(34),8,0,0,0
REBEL MASS EXPORT PVT LTD,CRC25-0008 GREEN,DA0408-101.6CM(40),101.6CM (40),,DA0408-101.6CM(40),8,0,0,0
REBEL MASS EXPORT PVT LTD,CRC25-0008 MUSTARD,DA0385-76.20CM(30),76.20CM (30),,DA0385-76.20CM(30),8,0,0,0
REBEL MASS EXPORT PVT LTD,CRC25-0010 BEIGE,DA2513-86.36CM(34),86.36CM (34),,DA2513-86.36CM(34),8,0,0,0
REBEL MASS EXPORT PVT LTD,CRC25-0010 CREAM,DA3291-81.28CM(32),81.28CM (32),,DA3291-81.28CM(32),8,0,0,0
REBEL MASS EXPORT PVT LTD,CRC25-0010 L.GREY,DA2524-81.28CM(32),81.28CM (32),,DA2524-81.28CM(32),8,0,0,0
REBEL MASS EXPORT PVT LTD,CRC25-0010 STEEL GREY,DA2528-71.12CM(28),71.12CM (28),,DA2528-71.12CM(28),8,0,0,0
REBEL MASS EXPORT PVT LTD,CRC25-0010 STEEL GREY,DA2529-76.20CM(30),76.20CM (30),,DA2529-76.20CM(30),8,0,0,0
REBEL MASS EXPORT PVT LTD,CRC25-0010 STEEL GREY,DA2533-96.52CM(38),96.52CM (38),,DA2533-96.52CM(38),8,0,0,0
REBEL MASS EXPORT PVT LTD,CRC25-18-0003 FIROZI,DA0216-91.44CM(36),91.44CM (36),,DA0216-91.44CM(36),8,0,0,0
REBEL MASS EXPORT PVT LTD,CRC25-18-0003 NAVY/BLUE,DA0826-86.36CM(34),86.36CM (34),,DA0826-86.36CM(34),8,0,0,0
REBEL MASS EXPORT PVT LTD,CRC25-18-0003 NAVY/BLUE,DA0827-91.44CM(36),91.44CM (36),,DA0827-91.44CM(36),8,0,0,0
REBEL MASS EXPORT PVT LTD,CRC25-18-0003-0008131 MEHANDI,0008131-76.20CM(30),76.20CM (30),,0008131-76.20CM(30),8,0,0,0
REBEL MASS EXPORT PVT LTD,CRC25-18-0003-0008133 MEHANDI,0008133-86.36CM(34),86.36CM (34),,0008133-86.36CM(34),8,0,0,0
REBEL MASS EXPORT PVT LTD,CRC25-18-0003-0008162 OLIVE,0008162-76.20CM(30),76.20CM (30),,0008162-76.20CM(30),8,0,0,0
REBEL MASS EXPORT PVT LTD,CSH25-0001-0006631 WHT/YELLOW,0006631-XL,XL,,0006631-XL,8,0,0,0
REBEL MASS EXPORT PVT LTD,CSH25-0001-0006635 WHT/GREEN,0006635-XL,XL,,0006635-XL,8,0,0,0
REBEL MASS EXPORT PVT LTD,CSH25-0001-0006640 WHT/OLIVE,0006640-S,S,,0006640-S,8,0,0,0
REBEL MASS EXPORT PVT LTD,CSH25-0002-0006667 WHT/PINK,0006667-XL,XL,,0006667-XL,8,0,0,0
REBEL MASS EXPORT PVT LTD,CSH25-0003-0006679 WHT/BLUE,0006679-XL,XL,,0006679-XL,8,0,0,0
REBEL MASS EXPORT PVT LTD,CSH25-0003-0006680 WHT/OLIVE,0006680-S,S,,0006680-S,8,0,0,0
REBEL MASS EXPORT PVT LTD,CSH25-0003-0006688 WHT/PINK,0006688-S,S,,0006688-S,8,0,0,0
REBEL MASS EXPORT PVT LTD,CSH25-0003-0006699 WHT/GREY,0006699-XL,XL,,0006699-XL,8,0,0,0
REBEL MASS EXPORT PVT LTD,CSH25-0004-0006707 PINK,0006707-XL,XL,,0006707-XL,8,0,0,0
REBEL MASS EXPORT PVT LTD,CSH25-0005-0006851 WHITE,0006851-XL,XL,,0006851-XL,8,0,0,0
REBEL MASS EXPORT PVT LTD,CSH25-0006-0006868 GREEN,0006868-XXL,XXL,,0006868-XXL,8,0,0,0
REBEL MASS EXPORT PVT LTD,CSH25-0008-0006880 LEMON,0006880-XXL,XXL,,0006880-XXL,8,0,0,0
REBEL MASS EXPORT PVT LTD,CSH25-0008-0006885 GREEN,0006885-M,M,,0006885-M,8,0,0,0
REBEL MASS EXPORT PVT LTD,CSH25-0009-0006892 PEACH,0006892-XXL,XXL,,0006892-XXL,8,0,0,0
REBEL MASS EXPORT PVT LTD,CSH25-0038 OLIVE,DA0495-M,M,,DA0495-M,8,0,0,0
REBEL MASS EXPORT PVT LTD,CSH25-0038 OLIVE,DA0498-XXL,XXL,,DA0498-XXL,8,0,0,0
REBEL MASS EXPORT PVT LTD,CSH25-0038 SKY BLUE,DA0503-M,M,,DA0503-M,8,0,0,0
REBEL MASS EXPORT PVT LTD,CSH25-0038 SKY BLUE,DA0506-XXL,XXL,,DA0506-XXL,8,0,0,0
REBEL MASS EXPORT PVT LTD,CSH25-0038 WHITE,DA0490-XXL,XXL,,DA0490-XXL,8,0,0,0
REBEL MASS EXPORT PVT LTD,CSH25-0041 BLACK,DA0562-XXL,XXL,,DA0562-XXL,8,0,0,0
REBEL MASS EXPORT PVT LTD,CSH25-0066 YELLOW,DA2403-L,L,,DA2403-L,8,0,0,0
REBEL MASS EXPORT PVT LTD,CSH25-18-0037 BLUE,DA0162-L,L,,DA0162-L,8,0,0,0
REBEL MASS EXPORT PVT LTD,CSH25-18-0037 BLUE,DA0163-XL,XL,,DA0163-XL,8,0,0,0
REBEL MASS EXPORT PVT LTD,CSH25-18-0037 BLUE,DA0164-XXL,XXL,,DA0164-XXL,8,0,0,0
REBEL MASS EXPORT PVT LTD,CSH25-20-0012-0007062 SKY BLUE,0007062-L,L,,0007062-L,8,0,0,0
REBEL MASS EXPORT PVT LTD,CSH25-20-0012-0007075 OLIVE,0007075-XL,XL,,0007075-XL,8,0,0,0
REBEL MASS EXPORT PVT LTD,CSH25-39-0013-0007093 WHITE,0007093-M,M,,0007093-M,8,0,0,0
REBEL MASS EXPORT PVT LTD,CSH25-39-0014-0007100 WHITE,0007100-XXL,XXL,,0007100-XXL,8,0,0,0
REBEL MASS EXPORT PVT LTD,CSH25-39-0016-0007559 SEA GREEN,0007559-L,L,,0007559-L,8,0,0,0
REBEL MASS EXPORT PVT LTD,CSH25-39-0024-0008197 D.BEIGE,0008197-XXL,XXL,,0008197-XXL,8,0,0,0
REBEL MASS EXPORT PVT LTD,CSH25-39-0025-0008198 BROWN,0008198-M,M,,0008198-M,8,0,0,0
REBEL MASS EXPORT PVT LTD,CSH25-39-0028-0008212 WHITE,0008212-XL,XL,,0008212-XL,8,0,0,0
REBEL MASS EXPORT PVT LTD,CSH25-39-0030-0008219 PEACH,0008219-L,L,,0008219-L,8,0,0,0
REBEL MASS EXPORT PVT LTD,CSH25-39-0034-0008241 NAVY,0008241-XXL,XXL,,0008241-XXL,8,0,0,0
REBEL MASS EXPORT PVT LTD,CSS25-15-0001-0007163 YELLOW,0007163-XL,XL,,0007163-XL,8,0,0,0
REBEL MASS EXPORT PVT LTD,CSS25-15-0001-0007164 YELLOW,0007164-XXL,XXL,,0007164-XXL,8,0,0,0
REBEL MASS EXPORT PVT LTD,CSS25-15-0001-0007166 NAVY,0007166-L,L,,0007166-L,8,0,0,0
REBEL MASS EXPORT PVT LTD,CSS25-15-0001-0007736 RED,0007736-XXL,XXL,,0007736-XXL,8,0,0,0
REBEL MASS EXPORT PVT LTD,CSS25-15-0003-0007183 MUSTARD,0007183-XL,XL,,0007183-XL,8,0,0,0
REBEL MASS EXPORT PVT LTD,CSS25-15-0004-0007185 BLACK,0007185-M,M,,0007185-M,8,0,0,0
REBEL MASS EXPORT PVT LTD,CTR25-0007 BLACK,DA0156-106.68CM(42),106.68CM (42),,DA0156-106.68CM(42),8,0,0,0
REBEL MASS EXPORT PVT LTD,CTR25-0007 NAVY,DA0145-86.36CM(34),86.36CM (34),,DA0145-86.36CM(34),8,0,0,0
REBEL MASS EXPORT PVT LTD,CTR25-0007 OLIVE,DA0120-101.6CM(40),101.6CM (40),,DA0120-101.6CM(40),8,0,0,0
REBEL MASS EXPORT PVT LTD,CTR25-0008 BLACK,DA1438-81.28CM(32),81.28CM (32),,DA1438-81.28CM(32),8,0,0,0
REBEL MASS EXPORT PVT LTD,CTR25-0008 NAVY,DA1448-81.28CM(32),81.28CM (32),,DA1448-81.28CM(32),8,0,0,0
REBEL MASS EXPORT PVT LTD,CTR25-04-0005-0007664 OLIVE,0007664-91.44CM(36),91.44CM (36),,0007664-91.44CM(36),8,0,0,0
REBEL MASS EXPORT PVT LTD,CTR25-04-0005-0007670 L.OLIVE,0007670-91.44CM(36),91.44CM (36),,0007670-91.44CM(36),8,0,0,0
REBEL MASS EXPORT PVT LTD,CTR25-04-0005-0007678 BEIGE,0007678-101.6CM(40),101.6CM (40),,0007678-101.6CM(40),8,0,0,0
REBEL MASS EXPORT PVT LTD,CTR25-18-0006 NAVY,DA0196-81.28CM(32),81.28CM (32),,DA0196-81.28CM(32),8,0,0,0
REBEL MASS EXPORT PVT LTD,CTR25-18-0006-0008111 STEAL GREY,0008111-81.28CM(32),81.28CM (32),,0008111-81.28CM(32),8,0,0,0
REBEL MASS EXPORT PVT LTD,CTR25-18-0006-0008112 STEAL GREY,0008112-86.36CM(34),86.36CM (34),,0008112-86.36CM(34),8,0,0,0
REBEL MASS EXPORT PVT LTD,CTR25-18-0006-0008114 STEAL GREY,0008114-96.52CM(38),96.52CM (38),,0008114-96.52CM(38),8,0,0,0
REBEL MASS EXPORT PVT LTD,CTR25-18-0006-0008126 D.GREY,0008126-86.36CM(34),86.36CM (34),,0008126-86.36CM(34),8,0,0,0
REBEL MASS EXPORT PVT LTD,CTR25-18-0006-0008288 TEAL,0008288-106.68CM(42),106.68CM (42),,0008288-106.68CM(42),8,0,0,0
REBEL MASS EXPORT PVT LTD,CTR25-36-0002-0007445 CREAM,0007445-86.36CM(34),86.36CM (34),,0007445-86.36CM(34),8,0,0,0
REBEL MASS EXPORT PVT LTD,CTR25-36-0002-0007447 CREAM,0007447-96.52CM(38),96.52CM (38),,0007447-96.52CM(38),8,0,0,0
REBEL MASS EXPORT PVT LTD,CTR25-36-0003-0007465 BEIGE,0007465-86.36CM(34),86.36CM (34),,0007465-86.36CM(34),8,0,0,0
REBEL MASS EXPORT PVT LTD,CTR25-36-0003-0007475 OLIVE,0007475-86.36CM(34),86.36CM (34),,0007475-86.36CM(34),8,0,0,0
REBEL MASS EXPORT PVT LTD,CTR25-36-0004-0007499 NAVY,0007499-81.28CM(32),81.28CM (32),,0007499-81.28CM(32),8,0,0,0
REBEL MASS EXPORT PVT LTD,CTR25-36-0004-0007500 NAVY,0007500-86.36CM(34),86.36CM (34),,0007500-86.36CM(34),8,0,0,0
REBEL MASS EXPORT PVT LTD,CTR25-36-0004-0007504 BLACK,0007504-81.28CM(32),81.28CM (32),,0007504-81.28CM(32),8,0,0,0
REBEL MASS EXPORT PVT LTD,CWC25-0001 WINE,DA3336-111.76CM(44),111.76CM (44),,DA3336-111.76CM(44),8,0,0,0
REBEL MASS EXPORT PVT LTD,CWC25-15-0001 PEACH,DA0969-96.52CM(38),96.52CM (38),,DA0969-96.52CM(38),8,0,0,0
REBEL MASS EXPORT PVT LTD,CWC25-15-0001-0007656 GREEN,0007656-111.76CM(44),111.76CM (44),,0007656-111.76CM(44),8,0,0,0
REBEL MASS EXPORT PVT LTD,CWC25-15-0002 D.GREEN,DA0980-111.76CM(44),111.76CM (44),,DA0980-111.76CM(44),8,0,0,0
REBEL MASS EXPORT PVT LTD,CWC25-32-0008 FAWN,DA1591-101.6CM(40),101.6CM (40),,DA1591-101.6CM(40),8,0,0,0
REBEL MASS EXPORT PVT LTD,CWC25-32-0008 FAWN,DA1592-106.68CM(42),106.68CM (42),,DA1592-106.68CM(42),8,0,0,0
REBEL MASS EXPORT PVT LTD,CWC25-32-0010 PISTA,DA1601-111.76CM(44),111.76CM (44),,DA1601-111.76CM(44),8,0,0,0
REBEL MASS EXPORT PVT LTD,CWC25-32-0010 PISTA,DA1598-96.52CM(38),96.52CM (38),,DA1598-96.52CM(38),8,0,0,0
REBEL MASS EXPORT PVT LTD,CWC25-32-0011 CREAM,DA1603-101.6CM(40),101.6CM (40),,DA1603-101.6CM(40),8,0,0,0
REBEL MASS EXPORT PVT LTD,CWC25-32-0011 CREAM,DA1604-106.68CM(42),106.68CM (42),,DA1604-106.68CM(42),8,0,0,0
REBEL MASS EXPORT PVT LTD,CWC25-32-0015 RED,DA1618-96.52CM(38),96.52CM (38),,DA1618-96.52CM(38),8,0,0,0
REBEL MASS EXPORT PVT LTD,CWL25-15-0001-0007147 AIR FORCE,0007147-XL,XL,,0007147-XL,8,0,0,0
REBEL MASS EXPORT PVT LTD,DCR25-0013 GREY/BLK,DA3164-76.20CM(30),76.20CM (30),,DA3164-76.20CM(30),8,0,0,0
REBEL MASS EXPORT PVT LTD,DCR25-34-0003-0007548 GREY,0007548-91.44CM(36),91.44CM (36),,0007548-91.44CM(36),8,0,0,0
REBEL MASS EXPORT PVT LTD,DNM25-34-0004-0007746 L.BLUE,0007746-96.52CM(38),96.52CM (38),,0007746-96.52CM(38),8,0,0,0
REBEL MASS EXPORT PVT LTD,DNM25-34-0004-0007752 D.BLUE,0007752-96.52CM(38),96.52CM (38),,0007752-96.52CM(38),8,0,0,0
REBEL MASS EXPORT PVT LTD,DNM25-34-0012 L.BLUE,DA1283-76.20CM(30),76.20CM (30),,DA1283-76.20CM(30),8,0,0,0
REBEL MASS EXPORT PVT LTD,DNM25-34-0013 D.BLUE,DA1288-71.12CM(28),71.12CM (28),,DA1288-71.12CM(28),8,0,0,0
REBEL MASS EXPORT PVT LTD,FSH25-0001-0006825 SKY BLUE,0006825-M,M,,0006825-M,8,0,0,0
REBEL MASS EXPORT PVT LTD,FSH25-0001-0006836 BEIGE,0006836-XXL,XXL,,0006836-XXL,8,0,0,0
REBEL MASS EXPORT PVT LTD,FSH25-0004-0006984 VOILET,0006984-XXL,XXL,,0006984-XXL,8,0,0,0
REBEL MASS EXPORT PVT LTD,FSH25-0023 YELLOW,DA0519-M,M,,DA0519-M,8,0,0,0
REBEL MASS EXPORT PVT LTD,FSH25-0036 L.MINT,DA1737-XXL,XXL,,DA1737-XXL,8,0,0,0
REBEL MASS EXPORT PVT LTD,FSH25-0038 L.PINK,DA1769-XXL,XXL,,DA1769-XXL,8,0,0,0
REBEL MASS EXPORT PVT LTD,FSH25-0040 L.BROWN,DA1790-M,M,,DA1790-M,8,0,0,0
REBEL MASS EXPORT PVT LTD,FSH25-0040 ORANGE,DA1789-XXL,XXL,,DA1789-XXL,8,0,0,0
REBEL MASS EXPORT PVT LTD,FSH25-39-0007-0007895 MAHROON,0007895-XL,XL,,0007895-XL,8,0,0,0
REBEL MASS EXPORT PVT LTD,FSH25-39-0007-0007897 GREEN,0007897-M,M,,0007897-M,8,0,0,0
REBEL MASS EXPORT PVT LTD,FSH25-39-0008-0007904 GREY,0007904-XXL,XXL,,0007904-XXL,8,0,0,0
REBEL MASS EXPORT PVT LTD,FSH25-39-0012-0007937 OFF WHITE,0007937-M,M,,0007937-M,8,0,0,0
REBEL MASS EXPORT PVT LTD,FSH25-39-0013-0007948 BROWN,0007948-XXL,XXL,,0007948-XXL,8,0,0,0
REBEL MASS EXPORT PVT LTD,FSH25-39-0022-0008017 GRN.PLAID,0008017-M,M,,0008017-M,8,0,0,0
REBEL MASS EXPORT PVT LTD,FTR25-0001-0006744 CHARCOAL,0006744-96.52CM(38),96.52CM (38),,0006744-96.52CM(38),8,0,0,0
REBEL MASS EXPORT PVT LTD,FTR25-0002-0006747 BEIGE,0006747-86.36CM(34),86.36CM (34),,0006747-86.36CM(34),8,0,0,0
REBEL MASS EXPORT PVT LTD,FTR25-0004-0006758 SKY BLUE,0006758-91.44CM(36),91.44CM (36),,0006758-91.44CM(36),8,0,0,0
REBEL MASS EXPORT PVT LTD,FTR25-0004-0007853 TURQ,0007853-91.44CM(36),91.44CM (36),,0007853-91.44CM(36),8,0,0,0
REBEL MASS EXPORT PVT LTD,FTR25-0004-0007854 TURQ,0007854-96.52CM(38),96.52CM (38),,0007854-96.52CM(38),8,0,0,0
REBEL MASS EXPORT PVT LTD,FTR25-0004-0008089 BLACK,0008089-81.28CM(32),81.28CM (32),,0008089-81.28CM(32),8,0,0,0
REBEL MASS EXPORT PVT LTD,FTR25-0005-0006761 GREY,0006761-76.20CM(30),76.20CM (30),,0006761-76.20CM(30),8,0,0,0
REBEL MASS EXPORT PVT LTD,FTR25-0033-0008292 OLIVE,0008292-86.36CM(34),86.36CM (34),,0008292-86.36CM(34),8,0,0,0
REBEL MASS EXPORT PVT LTD,FTR25-0047 BLACK,DA1031-91.44CM(36),91.44CM (36),,DA1031-91.44CM(36),8,0,0,0
REBEL MASS EXPORT PVT LTD,FTR25-0048 BLACK,DA1037-91.44CM(36),91.44CM (36),,DA1037-91.44CM(36),8,0,0,0
REBEL MASS EXPORT PVT LTD,FTR25-0051 LT. GREY,DA1054-86.36CM(34),86.36CM (34),,DA1054-86.36CM(34),8,0,0,0
REBEL MASS EXPORT PVT LTD,FTR25-0052 BLUE,DA1059-81.28CM(32),81.28CM (32),,DA1059-81.28CM(32),8,0,0,0
REBEL MASS EXPORT PVT LTD,FTR25-0055 BLACK,DA1078-86.36CM(34),86.36CM (34),,DA1078-86.36CM(34),8,0,0,0
REBEL MASS EXPORT PVT LTD,FTR25-0063 BEIGE,DA1127-91.44CM(36),91.44CM (36),,DA1127-91.44CM(36),8,0,0,0
REBEL MASS EXPORT PVT LTD,FTR25-0067 DK. GREY,DA1149-81.28CM(32),81.28CM (32),,DA1149-81.28CM(32),8,0,0,0
REBEL MASS EXPORT PVT LTD,FTR25-18-0009-0007231 ROYAL BLUE,0007231-86.36CM(34),86.36CM (34),,0007231-86.36CM(34),8,0,0,0
REBEL MASS EXPORT PVT LTD,FTR25-18-0013-0007291 BLUE,0007291-86.36CM(34),86.36CM (34),,0007291-86.36CM(34),8,0,0,0
REBEL MASS EXPORT PVT LTD,FTR25-18-0022-0007343 BLACK,0007343-76.20CM(30),76.20CM (30),,0007343-76.20CM(30),8,0,0,0
REBEL MASS EXPORT PVT LTD,FTR25-18-0022-0007347 BLACK,0007347-96.52CM(38),96.52CM (38),,0007347-96.52CM(38),8,0,0,0
REBEL MASS EXPORT PVT LTD,FTR25-18-0022-0007348 BLACK,0007348-101.6CM(40),101.6CM (40),,0007348-101.6CM(40),8,0,0,0
REBEL MASS EXPORT PVT LTD,FTR25-18-0025-0007387 BLUE,0007387-86.36CM(34),86.36CM (34),,0007387-86.36CM(34),8,0,0,0
REBEL MASS EXPORT PVT LTD,FTR25-18-0026-0007410 D.NAVY,0007410-81.28CM(32),81.28CM (32),,0007410-81.28CM(32),8,0,0,0
REBEL MASS EXPORT PVT LTD,FTR25-18-0026-0007417 BLACK,0007417-86.36CM(34),86.36CM (34),,0007417-86.36CM(34),8,0,0,0
REBEL MASS EXPORT PVT LTD,FTR25-18-0027-0007421 BEIGE,0007421-76.20CM(30),76.20CM (30),,0007421-76.20CM(30),8,0,0,0
REBEL MASS EXPORT PVT LTD,FTR25-18-0027-0007426 BEIGE,0007426-101.6CM(40),101.6CM (40),,0007426-101.6CM(40),8,0,0,0
REBEL MASS EXPORT PVT LTD,FTR25-18-0030-0007711 NAVY,0007711-86.36CM(34),86.36CM (34),,0007711-86.36CM(34),8,0,0,0
REBEL MASS EXPORT PVT LTD,FTR25-18-0030-0007714 NAVY,0007714-101.6CM(40),101.6CM (40),,0007714-101.6CM(40),8,0,0,0
REBEL MASS EXPORT PVT LTD,FTR25-18-0040-0008087 BLACK,0008087-106.68CM(42),106.68CM (42),,0008087-106.68CM(42),8,0,0,0
REBEL MASS EXPORT PVT LTD,FTR25-18-0060 G.BLUE,DA1549-81.28CM(32),81.28CM (32),,DA1549-81.28CM(32),8,0,0,0
REBEL MASS EXPORT PVT LTD,JKT25-0001 BLACK,DA0782-XXL,XXL,,DA0782-XXL,8,0,0,0
REBEL MASS EXPORT PVT LTD,JKT25-0001 WINE,DA0777-XL,XL,,DA0777-XL,8,0,0,0
REBEL MASS EXPORT PVT LTD,JKT25-0001 WINE,DA0778-XXL,XXL,,DA0778-XXL,8,0,0,0
REBEL MASS EXPORT PVT LTD,MBDNM0002-0000481 MID  BLUE,0000481-34,34,,0000481-34,8,0,0,0
REBEL MASS EXPORT PVT LTD,MBDNM0003-0000488 CARBON BLUE,0000488-34,34,,0000488-34,8,0,0,0
REBEL MASS EXPORT PVT LTD,MBDNM0010-0000526 MERCRIZE BLUE,0000526-34,34,,0000526-34,8,0,0,0
REBEL MASS EXPORT PVT LTD,MBDNM0016-0000870 MID  BLUE,0000870-34,34,,0000870-34,8,0,0,0
REBEL MASS EXPORT PVT LTD,MBDNM0024-0001695 BLACK,0001695-28,28,,0001695-28,8,0,0,0
REBEL MASS EXPORT PVT LTD,MBDNM0030-0001777 MID BLUE,0001777-71.12CM(28),71.12CM (28),,0001777-71.12CM(28),8,0,0,0
REBEL MASS EXPORT PVT LTD,MBDNM0032-0001802 ICE BLUE,0001802-76.2CM(30INCH),76.2 CM (30 INCH),,0001802-76.2CM(30INCH),8,0,0,0
REBEL MASS EXPORT PVT LTD,MBDNM0032-0001804 ICE BLUE,0001804-86.36CM(34INCH),86.36 CM (34 INCH),,0001804-86.36CM(34INCH),8,0,0,0
REBEL MASS EXPORT PVT LTD,MCBLZ0019-0000733 BLUE,0000733-40,40,,0000733-40,8,0,0,0
REBEL MASS EXPORT PVT LTD,MCBLZ0034-0001140 BROWN,0001140-42,42,,0001140-42,8,0,0,0
REBEL MASS EXPORT PVT LTD,MCBLZ0041-0001169 TEAL,0001169-44,44,,0001169-44,8,0,0,0
REBEL MASS EXPORT PVT LTD,MCBLZ0043-0001176 DARK GREY,0001176-42,42,,0001176-42,8,0,0,0
REBEL MASS EXPORT PVT LTD,MCSHT0006-0000400 GREEN,0000400-XL,XL,,0000400-XL,8,0,0,0
REBEL MASS EXPORT PVT LTD,MCTRZ0002-0000989 TEAL,0000989-32,32,,0000989-32,8,0,0,0
REBEL MASS EXPORT PVT LTD,MCTRZ0004-0000999 DARK GREY,0000999-32,32,,0000999-32,8,0,0,0
REBEL MASS EXPORT PVT LTD,MFSHT0003-0000543 BLACK,0000543-XXL,XXL,,0000543-XXL,8,0,0,0
REBEL MASS EXPORT PVT LTD,MFSHT0004-0000544 DARK GREY,0000544-XXL,XXL,,0000544-XXL,8,0,0,0
REBEL MASS EXPORT PVT LTD,MFSHT0029-0000981 L.BLUE,0000981-XL,XL,,0000981-XL,8,0,0,0
REBEL MASS EXPORT PVT LTD,MFTRZ0003-0000438 DUSTY BLUE,0000438-34,34,,0000438-34,8,0,0,0
REBEL MASS EXPORT PVT LTD,MJKTF0008-0006777 GREEN,0006777-M,M,,0006777-M,8,0,0,0
REBEL MASS EXPORT PVT LTD,MSWTF0003-0001989 CREAM,0001989-XL,XL,,0001989-XL,8,0,0,0
REBEL MASS EXPORT PVT LTD,MTSHS0008-0000585 GREEN,0000585-XL,XL,,0000585-XL,8,0,0,0
REBEL MASS EXPORT PVT LTD,SHORT25-0002 MEHANDI,DA1936-XXL,XXL,,DA1936-XXL,8,0,0,0
REBEL MASS EXPORT PVT LTD,SS25-0003 DUSTY PINK,DA1240-M,M,,DA1240-M,8,0,0,0
REBEL MASS EXPORT PVT LTD,TRC25-0002 B.MELANGE,DA3283-XL,XL,,DA3283-XL,8,0,0,3
REBEL MASS EXPORT PVT LTD,TS25-0004 BLACK,DA0892-XXL,XXL,,DA0892-XXL,8,0,0,0
REBEL MASS EXPORT PVT LTD,TS25-0004 WHITE,DA0888-XXL,XXL,,DA0888-XXL,8,0,0,0
REBEL MASS EXPORT PVT LTD,TS25-0005 BROWN,DA0879-XL,XL,,DA0879-XL,8,0,0,0
REBEL MASS EXPORT PVT LTD,TS25-0005 GREEN,DA0881-M,M,,DA0881-M,8,0,0,0
REBEL MASS EXPORT PVT LTD,TS25-0005 MAROON,DA0993-XXL,XXL,,DA0993-XXL,8,0,0,0
REBEL MASS EXPORT PVT LTD,TS25-0011 NAVY,DA0999-L,L,,DA0999-L,8,0,0,0
REBEL MASS EXPORT PVT LTD,TS25-0015B GREY,DA1627-L,L,,DA1627-L,8,0,0,0
REBEL MASS EXPORT PVT LTD,TS25-0015D GREY,DA1635-L,L,,DA1635-L,8,0,0,0
REBEL MASS EXPORT PVT LTD,TS25-0025 BOTTLE GREEN,DA1685-XXL,XXL,,DA1685-XXL,8,0,0,0
REBEL MASS EXPORT PVT LTD,TS25-0027 NAVY,DA1697-XXL,XXL,,DA1697-XXL,8,0,0,0
REBEL MASS EXPORT PVT LTD,TS25-0033 B.GREEN,DA1718-M,M,,DA1718-M,8,0,0,0
REBEL MASS EXPORT PVT LTD,TS25-0043 TURMERIC,DA2133-XL,XL,,DA2133-XL,8,0,0,0
REBEL MASS EXPORT PVT LTD,TS25-0058 WHT/OLIVE,DA2443-L,L,,DA2443-L,8,0,0,0
REBEL MASS EXPORT PVT LTD,WATCH0001-0004457 BLUE,0004457-NA,NA,,0004457-NA,8,0,0,0
REBEL MASS EXPORT PVT LTD,TS25-0040 NAVY,DA2000-XXL,XXL,,DA2000-XXL,8,0,0,0
REBEL MASS EXPORT PVT LTD,2PC25-0031 L.GREY,DA2785-106.68CM(42),106.68CM (42),,DA2785-106.68CM(42),7,0,0,0
REBEL MASS EXPORT PVT LTD,2PC25-0031 L.GREY,DA2786-111.76CM(44),111.76CM (44),,DA2786-111.76CM(44),7,0,0,0
REBEL MASS EXPORT PVT LTD,2PC25-0034 D.PINK,DA3425-111.76CM(44),111.76CM (44),,DA3425-111.76CM(44),7,0,0,0
REBEL MASS EXPORT PVT LTD,2PC25-0034 D.PINK,DA3422-96.52CM(38),96.52CM (38),,DA3422-96.52CM(38),7,0,0,0
REBEL MASS EXPORT PVT LTD,2PC25-0034 KHAKI,DA3403-101.6CM(40),101.6CM (40),,DA3403-101.6CM(40),7,0,0,0
REBEL MASS EXPORT PVT LTD,2PC25-0034 L.KHAKI,DA3414-96.52CM(38),96.52CM (38),,DA3414-96.52CM(38),7,0,0,0
REBEL MASS EXPORT PVT LTD,2PC25-0034 PISTA,DA3426-96.52CM(38),96.52CM (38),,DA3426-96.52CM(38),7,0,0,0
REBEL MASS EXPORT PVT LTD,2PC25-0034 SKY,DA3421-111.76CM(44),111.76CM (44),,DA3421-111.76CM(44),7,0,0,0
REBEL MASS EXPORT PVT LTD,2PC25-0034 SKY,DA3418-96.52CM(38),96.52CM (38),,DA3418-96.52CM(38),7,0,0,0
REBEL MASS EXPORT PVT LTD,3PC25-0011 BLUE,DA2459-101.6CM(40),101.6CM (40),,DA2459-101.6CM(40),7,0,0,0
REBEL MASS EXPORT PVT LTD,3PC25-0011 BOTTLE GREEN,DA2487-101.6CM(40),101.6CM (40),,DA2487-101.6CM(40),7,0,0,0
REBEL MASS EXPORT PVT LTD,3PC25-0011 BOTTLE GREEN,DA2488-106.68CM(42),106.68CM (42),,DA2488-106.68CM(42),7,0,0,0
REBEL MASS EXPORT PVT LTD,3PC25-0011 GREY/BLK,DA2497-111.76CM(44),111.76CM (44),,DA2497-111.76CM(44),7,0,0,0
REBEL MASS EXPORT PVT LTD,3PC25-0011 L.GREY,DA2464-106.68CM(42),106.68CM (42),,DA2464-106.68CM(42),7,0,0,0
REBEL MASS EXPORT PVT LTD,3PC25-0011 MEHANDI,DA2453-111.76CM(44),111.76CM (44),,DA2453-111.76CM(44),7,0,0,0
REBEL MASS EXPORT PVT LTD,3PC25-0011 OLIVE,DA2449-111.76CM(44),111.76CM (44),,DA2449-111.76CM(44),7,0,0,0
REBEL MASS EXPORT PVT LTD,3PC25-0011 WINE,DA2467-101.6CM(40),101.6CM (40),,DA2467-101.6CM(40),7,0,0,0
REBEL MASS EXPORT PVT LTD,3PC25-0011 WINE,DA2468-106.68CM(42),106.68CM (42),,DA2468-106.68CM(42),7,0,0,0
REBEL MASS EXPORT PVT LTD,BLZ25-0018 BOTTLE GREEN,DA2557-101.6CM(40),101.6CM (40),,DA2557-101.6CM(40),7,0,0,0
REBEL MASS EXPORT PVT LTD,CSH25-0107 MAROON,DA3252-XXXL,XXXL,,DA3252-XXXL,7,0,0,0
REBEL MASS EXPORT PVT LTD,CSH25-0107 TURQ,DA3224-M,M,,DA3224-M,7,0,0,0
REBEL MASS EXPORT PVT LTD,CSH25-0107 TURQ,DA3223-S,S,,DA3223-S,7,0,0,0
REBEL MASS EXPORT PVT LTD,CSH25-0107 WHITE,DA3203-XXL,XXL,,DA3203-XXL,7,0,0,0
REBEL MASS EXPORT PVT LTD,CSH25-0107 WHITE,DA3204-XXXL,XXXL,,DA3204-XXXL,7,0,0,0
REBEL MASS EXPORT PVT LTD,FSH25-0062 BEIGE,DA2295-XXXL,XXXL,,DA2295-XXXL,7,0,0,0
REBEL MASS EXPORT PVT LTD,FSH25-0068B BLACK,DA2869-M,M,,DA2869-M,7,0,0,0
REBEL MASS EXPORT PVT LTD,FSH25-0069 BEIGE,DA2878-L,L,,DA2878-L,7,0,0,0
REBEL MASS EXPORT PVT LTD,FSH25-0069 BLACK,DA3014-S,S,,DA3014-S,7,0,0,0
REBEL MASS EXPORT PVT LTD,FSH25-0069 KHAKI,DA2908-XXL,XXL,,DA2908-XXL,7,0,0,0
REBEL MASS EXPORT PVT LTD,FSH25-0069 L.PINK,DA2897-M,M,,DA2897-M,7,0,0,0
REBEL MASS EXPORT PVT LTD,FSH25-0069 L.PURPLE,DA2934-L,L,,DA2934-L,7,0,0,0
REBEL MASS EXPORT PVT LTD,FSH25-0069 LEMON,DA3022-S,S,,DA3022-S,7,0,0,0
REBEL MASS EXPORT PVT LTD,FSH25-0069 ORANGE/BLUE,DA2893-M,M,,DA2893-M,7,0,0,0
REBEL MASS EXPORT PVT LTD,FSH25-0069 PINK,DA3004-S,S,,DA3004-S,7,0,0,0
REBEL MASS EXPORT PVT LTD,FSH25-0069 RED/BLUE,DA2958-L,L,,DA2958-L,7,0,0,0
REBEL MASS EXPORT PVT LTD,FSH25-0069 SEA GREEN,DA2903-XL,XL,,DA2903-XL,7,0,0,0
REBEL MASS EXPORT PVT LTD,FSH25-0069 SEA GREEN,DA2904-XXL,XXL,,DA2904-XXL,7,0,0,0
REBEL MASS EXPORT PVT LTD,FSH25-0069 SKY,DA2875-XL,XL,,DA2875-XL,7,0,0,0
REBEL MASS EXPORT PVT LTD,FSH25-0071 PURPLE,DA3451-M,M,,DA3451-M,7,0,0,0
REBEL MASS EXPORT PVT LTD,FSH25-0071 R.GREEN,DA3459-M,M,,DA3459-M,7,0,0,0
REBEL MASS EXPORT PVT LTD,FSH25-0071 R.GREEN,DA3462-XXL,XXL,,DA3462-XXL,7,0,0,0
REBEL MASS EXPORT PVT LTD,FSH25-0071 WINE,DA3449-XL,XL,,DA3449-XL,7,0,0,0
REBEL MASS EXPORT PVT LTD,FSH25-0072 L. SKY,DA3489-XL,XL,,DA3489-XL,7,0,0,0
REBEL MASS EXPORT PVT LTD,FSH25-0072 SKY BLUE,DA3483-M,M,,DA3483-M,7,0,0,0
REBEL MASS EXPORT PVT LTD,FTR25-0077 BLUE,DA3093-96.52CM(38),96.52CM (38),,DA3093-96.52CM(38),7,0,0,0
REBEL MASS EXPORT PVT LTD,FTR25-0077 GREEN,DA3085-81.28CM(32),81.28CM (32),,DA3085-81.28CM(32),7,0,0,0
REBEL MASS EXPORT PVT LTD,FTR25-0077 GREEN,DA3088-96.52CM(38),96.52CM (38),,DA3088-96.52CM(38),7,0,0,0
REBEL MASS EXPORT PVT LTD,FTR25-0082 CREAM,DA3114-86.36CM(34),86.36CM (34),,DA3114-86.36CM(34),7,0,0,0
REBEL MASS EXPORT PVT LTD,FTR25-0083 KHAKI,DA3119-91.44CM(36),91.44CM (36),,DA3119-91.44CM(36),7,0,0,0
REBEL MASS EXPORT PVT LTD,LW25-0001 BLUE,DA2019-L,L,,DA2019-L,7,0,0,0
REBEL MASS EXPORT PVT LTD,LW25-0001 BLUE,DA2020-XL,XL,,DA2020-XL,7,0,0,0
REBEL MASS EXPORT PVT LTD,LW25-0001 MAROON,DA2037-XXL,XXL,,DA2037-XXL,7,0,0,0
REBEL MASS EXPORT PVT LTD,LW26-0005 MEHROON,DA4082-M,M,,DA4082-M,7,0,0,0
REBEL MASS EXPORT PVT LTD,SHORT-0003 BLUE PRINT,DA2357-XL,XL,,DA2357-XL,7,0,0,0
REBEL MASS EXPORT PVT LTD,SHORT-0003 GREY PRINT,DA2360-L,L,,DA2360-L,7,0,0,0
REBEL MASS EXPORT PVT LTD,SHORT-0003 GREY PRINT,DA2359-M,M,,DA2359-M,7,0,0,0
REBEL MASS EXPORT PVT LTD,TS25-0012 D.GREY,DA2127-M,M,,DA2127-M,7,0,0,0
REBEL MASS EXPORT PVT LTD,TS25-0021 BLACK,DA1681-XXL,XXL,,DA1681-XXL,7,0,0,0
REBEL MASS EXPORT PVT LTD,TS25-0037 NAVY,DA1974-XL,XL,,DA1974-XL,7,0,0,0
REBEL MASS EXPORT PVT LTD,TS25-0039 GREY,DA1981-S,S,,DA1981-S,7,0,0,0
REBEL MASS EXPORT PVT LTD,TS25-0042 PISTA,DA2104-XL,XL,,DA2104-XL,7,0,0,0
REBEL MASS EXPORT PVT LTD,TS25-0050 NAVY,DA2211-L,L,,DA2211-L,7,0,0,0
REBEL MASS EXPORT PVT LTD,TS25-0054A NAVY,DA2374-XL,XL,,DA2374-XL,7,0,0,0
REBEL MASS EXPORT PVT LTD,TS25-0059 BLUE,DA2565-L,L,,DA2565-L,7,0,0,0
REBEL MASS EXPORT PVT LTD,TS26-0002 GREY,BM0147-XL,XL,,BM0147-XL,7,0,0,0
REBEL MASS EXPORT PVT LTD,2PC25-0009 BLACK,DA0737-106.68CM(42),106.68CM (42),,DA0737-106.68CM(42),7,0,0,0
REBEL MASS EXPORT PVT LTD,2PC25-0012 CREAM,DA0748-101.6CM(40),101.6CM (40),,DA0748-101.6CM(40),7,0,0,0
REBEL MASS EXPORT PVT LTD,2PC25-0012 CREAM,DA0749-106.68CM(42),106.68CM (42),,DA0749-106.68CM(42),7,0,0,0
REBEL MASS EXPORT PVT LTD,2PC25-0014 OFF WHITE,DA0757-106.68CM(42),106.68CM (42),,DA0757-106.68CM(42),7,0,0,0
REBEL MASS EXPORT PVT LTD,2PC25-0025 CHARCOAL,DA1875-101.6CM(40),101.6CM (40),,DA1875-101.6CM(40),7,0,0,0
REBEL MASS EXPORT PVT LTD,2PC25-0025 CHARCOAL,DA1876-106.68CM(42),106.68CM (42),,DA1876-106.68CM(42),7,0,0,0
REBEL MASS EXPORT PVT LTD,2PC25-0027 KHAKI/GREY,DA1882-96.52CM(38),96.52CM (38),,DA1882-96.52CM(38),7,0,0,0
REBEL MASS EXPORT PVT LTD,3PC25-0003 KHAKI,DA0933-106.68CM(42),106.68CM (42),,DA0933-106.68CM(42),7,0,0,0
REBEL MASS EXPORT PVT LTD,AW24BL0001-0002560 BEIGE,0002560-96.52CM(38),96.52CM (38),,0002560-96.52CM(38),7,0,0,0
REBEL MASS EXPORT PVT LTD,AW24BL0004-0003584 M.SILVER,0003584-91.44CM(36),91.44CM(36),,0003584-91.44CM(36),7,0,0,0
REBEL MASS EXPORT PVT LTD,AW24BL0004-0003585 M.SILVER,0003585-96.52CM(38),96.52CM (38),,0003585-96.52CM(38),7,0,0,0
REBEL MASS EXPORT PVT LTD,AW24BL0004-0003588 M.SILVER,0003588-111.76CM(44),111.76CM (44),,0003588-111.76CM(44),7,0,0,0
REBEL MASS EXPORT PVT LTD,AW24BL0008-0003699 BL/GREY,0003699-96.52CM(38),96.52CM (38),,0003699-96.52CM(38),7,0,0,0
REBEL MASS EXPORT PVT LTD,AW24BL0008-0003707 BROWN,0003707-111.76CM(44),111.76CM (44),,0003707-111.76CM(44),7,0,0,0
REBEL MASS EXPORT PVT LTD,AW24BL0015-0005190 SEA GREEN,0005190-106.68CM(42),106.68CM (42),,0005190-106.68CM(42),7,0,0,0
REBEL MASS EXPORT PVT LTD,AW24CR0005-0005388 BLACK,0005388-76.20CM(30),76.20CM (30),,0005388-76.20CM(30),7,0,0,0
REBEL MASS EXPORT PVT LTD,AW24CR0005-0005392 BLACK,0005392-96.52CM(38),96.52CM (38),,0005392-96.52CM(38),7,0,0,0
REBEL MASS EXPORT PVT LTD,AW24CT0001-0004989 BLACK,0004989-111.76CM(44),111.76CM (44),,0004989-111.76CM(44),7,0,0,0
REBEL MASS EXPORT PVT LTD,AW24CT0002-0004998 BLACK,0004998-96.52CM(38),96.52CM (38),,0004998-96.52CM(38),7,0,0,0
REBEL MASS EXPORT PVT LTD,AW24CTR0002-0002849 TEAL,0002849-76.20CM(30),76.20CM (30),,0002849-76.20CM(30),7,0,0,0
REBEL MASS EXPORT PVT LTD,AW24CTR0002-0002861 GREY,0002861-86.36CM(34),86.36CM (34),,0002861-86.36CM(34),7,0,0,0
REBEL MASS EXPORT PVT LTD,AW24CTR0002-0002872 MOUSE,0002872-91.44CM(36),91.44CM (36),,0002872-91.44CM(36),7,0,0,0
REBEL MASS EXPORT PVT LTD,AW24CTR0003-0004847 WHITE,0004847-81.28CM(32),81.28CM (32),,0004847-81.28CM(32),7,0,0,0
REBEL MASS EXPORT PVT LTD,AW24CTR0003-0004857 BEIGE,0004857-101.6CM(40),101.6CM (40),,0004857-101.6CM(40),7,0,0,0
REBEL MASS EXPORT PVT LTD,AW24CTR0003-0004863 L.GREY,0004863-101.6CM(40),101.6CM (40),,0004863-101.6CM(40),7,0,0,0
REBEL MASS EXPORT PVT LTD,AW24CTR0003-0004866 STEAL GREY,0004866-86.36CM(34),86.36CM (34),,0004866-86.36CM(34),7,0,0,0
REBEL MASS EXPORT PVT LTD,AW24CTR0003-0004873 CAMEL,0004873-91.44CM(36),91.44CM (36),,0004873-91.44CM(36),7,0,0,0
REBEL MASS EXPORT PVT LTD,AW24CTR0004-0005742 B.GREEN,0005742-76.20CM(30),76.20CM (30),,0005742-76.20CM(30),7,0,0,0
REBEL MASS EXPORT PVT LTD,AW24CTR0005-0005753 COFFEE,0005753-81.28CM(32),81.28CM (32),,0005753-81.28CM(32),7,0,0,0
REBEL MASS EXPORT PVT LTD,AW24CTR0005-0005767 CREAM,0005767-76.20CM(30),76.20CM (30),,0005767-76.20CM(30),7,0,0,0
REBEL MASS EXPORT PVT LTD,AW24CTR0005-0005772 KHAKI,0005772-76.20CM(30),76.20CM (30),,0005772-76.20CM(30),7,0,0,0
REBEL MASS EXPORT PVT LTD,AW24CTR0006-0006539 PISTA,0006539-91.44CM(36),91.44CM (36),,0006539-91.44CM(36),7,0,0,0
REBEL MASS EXPORT PVT LTD,AW24CTR0006-0006549 NAVY,0006549-91.44CM(36),91.44CM (36),,0006549-91.44CM(36),7,0,0,0
REBEL MASS EXPORT PVT LTD,AW24CTR0006-0006550 NAVY,0006550-96.52CM(38),96.52CM (38),,0006550-96.52CM(38),7,0,0,0
REBEL MASS EXPORT PVT LTD,AW24CTR0007-0006560 SKY BLUE,0006560-96.52CM(38),96.52CM (38),,0006560-96.52CM(38),7,0,0,0
REBEL MASS EXPORT PVT LTD,AW24CTR0007-0006569 CREAM,0006569-91.44CM(36),91.44CM (36),,0006569-91.44CM(36),7,0,0,0
REBEL MASS EXPORT PVT LTD,AW24CTR0007-0006575 GREEN,0006575-96.52CM(38),96.52CM (38),,0006575-96.52CM(38),7,0,0,0
REBEL MASS EXPORT PVT LTD,AW24CTR0007-0006576 GREY,0006576-76.20CM(30),76.20CM (30),,0006576-76.20CM(30),7,0,0,0
REBEL MASS EXPORT PVT LTD,AW24CTR0007-0006580 GREY,0006580-96.52CM(38),96.52CM (38),,0006580-96.52CM(38),7,0,0,0
REBEL MASS EXPORT PVT LTD,AW24CTR0007-0006581 MUSTARD,0006581-76.20CM(30),76.20CM (30),,0006581-76.20CM(30),7,0,0,0
REBEL MASS EXPORT PVT LTD,AW24D0002-0002544 BLACK,0002544-86.36CM(34),86.36CM (34),,0002544-86.36CM(34),7,0,0,0
REBEL MASS EXPORT PVT LTD,AW24D0012-0003898 GREY,0003898-71.12CM(28),71.12CM (28),,0003898-71.12CM(28),7,0,0,0
REBEL MASS EXPORT PVT LTD,AW24D0013-0004365 GREY,0004365-86.36CM(34),86.36CM (34),,0004365-86.36CM(34),7,0,0,0
REBEL MASS EXPORT PVT LTD,AW24D0018-0004397 BLUE,0004397-96.52CM(38),96.52CM (38),,0004397-96.52CM(38),7,0,0,0
REBEL MASS EXPORT PVT LTD,AW24D0021-0005374 KHAKI TINT,0005374-91.44CM(36),91.44CM (36),,0005374-91.44CM(36),7,0,0,0
REBEL MASS EXPORT PVT LTD,AW24D0027-0005435 BLUE,0005435-76.20CM(30),76.20CM (30),,0005435-76.20CM(30),7,0,0,0
REBEL MASS EXPORT PVT LTD,AW24D0027-0005451 BLACK,0005451-96.52CM(38),96.52CM (38),,0005451-96.52CM(38),7,0,0,0
REBEL MASS EXPORT PVT LTD,AW24D0028-0006448 BLACK,0006448-91.44CM(36),91.44CM (36),,0006448-91.44CM(36),7,0,0,0
REBEL MASS EXPORT PVT LTD,AW24D0028-0006449 BLACK,0006449-96.52CM(38),96.52CM (38),,0006449-96.52CM(38),7,0,0,0
REBEL MASS EXPORT PVT LTD,AW24D0028-0006450 L.BLUE,0006450-71.12CM(28),71.12CM (28),,0006450-71.12CM(28),7,0,0,0
REBEL MASS EXPORT PVT LTD,AW24D0028-0006452 L.BLUE,0006452-81.28CM(32),81.28CM (32),,0006452-81.28CM(32),7,0,0,0
REBEL MASS EXPORT PVT LTD,AW24D0029-0006460 BLUE,0006460-91.44CM(36),91.44CM (36),,0006460-91.44CM(36),7,0,0,0
REBEL MASS EXPORT PVT LTD,AW24FTR0001-0002514 BROWN,0002514-91.44CM(36),91.44CM (36),,0002514-91.44CM(36),7,0,0,0
REBEL MASS EXPORT PVT LTD,AW24FTR0001-0002517 GREY,0002517-71.12CM(28),71.12CM (28),,0002517-71.12CM(28),7,0,0,0
REBEL MASS EXPORT PVT LTD,AW24FTR0002-0002525 COFFEE,0002525-76.20CM(30),76.20CM (30),,0002525-76.20CM(30),7,0,0,0
REBEL MASS EXPORT PVT LTD,AW24FTR0002-0002527 COFFEE,0002527-86.36CM(34),86.36CM (34),,0002527-86.36CM(34),7,0,0,0
REBEL MASS EXPORT PVT LTD,AW24FTR0002-0002529 COFFEE,0002529-96.52CM(38),96.52CM (38),,0002529-96.52CM(38),7,0,0,0
REBEL MASS EXPORT PVT LTD,AW24FTR0003-0002590 BEIGE,0002590-71.12CM(28),71.12CM (28),,0002590-71.12CM(28),7,0,0,0
REBEL MASS EXPORT PVT LTD,AW24FTR0005-0002998 SEA GREEN,0002998-81.28CM(32),81.28CM (32),,0002998-81.28CM(32),7,0,0,0
REBEL MASS EXPORT PVT LTD,AW24FTR0005-0003034 MUSTARD.,0003034-81.28CM(32),81.28CM (32),,0003034-81.28CM(32),7,0,0,0
REBEL MASS EXPORT PVT LTD,AW24FTR0005-0003035 MUSTARD.,0003035-86.36CM(34),86.36CM (34),,0003035-86.36CM(34),7,0,0,0
REBEL MASS EXPORT PVT LTD,AW24FTR0005-0003076 KHAKI,0003076-81.28CM(32),81.28CM (32),,0003076-81.28CM(32),7,0,0,0
REBEL MASS EXPORT PVT LTD,AW24FTR0005-0003142 L.BROWN,0003142-81.28CM(32),81.28CM (32),,0003142-81.28CM(32),7,0,0,0
REBEL MASS EXPORT PVT LTD,AW24FTR0005-0003155 VAILET,0003155-86.36CM(34),86.36CM (34),,0003155-86.36CM(34),7,0,0,0
REBEL MASS EXPORT PVT LTD,AW24FTR0006-0003370 ML.YELLOW,0003370-76.2CM(30),76.2CM (30),,0003370-76.2CM(30),7,0,0,0
REBEL MASS EXPORT PVT LTD,AW24FTR0010-0003979 OLIVE,0003979-81.28CM(32),81.28CM (32),,0003979-81.28CM(32),7,0,0,0
REBEL MASS EXPORT PVT LTD,AW24FTR0013-0004928 BLUE,0004928-81.28CM(32),81.28CM (32),,0004928-81.28CM(32),7,0,0,0
REBEL MASS EXPORT PVT LTD,AW24FTR0013-0004929 BLUE,0004929-86.36CM(34),86.36CM (34),,0004929-86.36CM(34),7,0,0,0
REBEL MASS EXPORT PVT LTD,AW24FTR0016-0004952 GREY,0004952-81.28CM(32),81.28CM (32),,0004952-81.28CM(32),7,0,0,0
REBEL MASS EXPORT PVT LTD,AW24FTR0018-0004967 SKY BLUE,0004967-96.52CM(38),96.52CM (38),,0004967-96.52CM(38),7,0,0,0
REBEL MASS EXPORT PVT LTD,AW24FTR0018-0005220 SKY BLUE,0005220-101.6CM(40),101.6CM (40),,0005220-101.6CM(40),7,0,0,0
REBEL MASS EXPORT PVT LTD,AW24FTR0023-0005064 GREY,0005064-81.28CM(32),81.28CM (32),,0005064-81.28CM(32),7,0,0,0
REBEL MASS EXPORT PVT LTD,AW24FTR0024-0006416 D.BLUE,0006416-81.28CM(32),81.28CM (32),,0006416-81.28CM(32),7,0,0,0
REBEL MASS EXPORT PVT LTD,AW24FTR0026-0005085 MAHROON,0005085-96.52CM(38),96.52CM (38),,0005085-96.52CM(38),7,0,0,0
REBEL MASS EXPORT PVT LTD,AW24FTR0033-0005139 MOUSE,0005139-71.12CM(28),71.12CM (28),,0005139-71.12CM(28),7,0,0,0
REBEL MASS EXPORT PVT LTD,AW24FTR0033-0005141 MOUSE,0005141-81.28CM(32),81.28CM (32),,0005141-81.28CM(32),7,0,0,0
REBEL MASS EXPORT PVT LTD,AW24FTR0041-0006597 NAVY,0006597-91.44CM(36),91.44CM (36),,0006597-91.44CM(36),7,0,0,0
REBEL MASS EXPORT PVT LTD,AW24FTR0041-0006598 NAVY,0006598-96.52CM(38),96.52CM (38),,0006598-96.52CM(38),7,0,0,0
REBEL MASS EXPORT PVT LTD,AW24-JKT0003-0002047 BLACK/BEIGE,0002047-XXL,XXL,,0002047-XXL,7,0,0,0
REBEL MASS EXPORT PVT LTD,AW24JKT0003-0002644 L.GREY,0002644-XXL,XXL,,0002644-XXL,7,0,0,1
REBEL MASS EXPORT PVT LTD,AW24JKT0003-0002645 L.GREY,0002645-3XL,3XL,,0002645-3XL,7,0,0,0
REBEL MASS EXPORT PVT LTD,AW24JKT0003-0002650 KHAKI,0002650-3XL,3XL,,0002650-3XL,7,0,0,0
REBEL MASS EXPORT PVT LTD,AW24JKT0004-0002276 RUST,0002276-XXL,XXL,,0002276-XXL,7,0,0,0
REBEL MASS EXPORT PVT LTD,AW24JKT0006-0002479 KHAKI,0002479-XXL,XXL,,0002479-XXL,7,0,0,0
REBEL MASS EXPORT PVT LTD,AW24JKT0006-0002480 KHAKI,0002480-3XL,3XL,,0002480-3XL,7,0,0,0
REBEL MASS EXPORT PVT LTD,AW24JKT0007-0002490 SKY BLUE,0002490-3XL,3XL,,0002490-3XL,7,0,0,0
REBEL MASS EXPORT PVT LTD,AW24JKT0008-0002500 D.GREY,0002500-3XL,3XL,,0002500-3XL,7,0,0,0
REBEL MASS EXPORT PVT LTD,AW24JKT0008-0002660 GREY,0002660-3XL,3XL,,0002660-3XL,7,0,0,0
REBEL MASS EXPORT PVT LTD,AW24JKT0010-0002821 L.GREY,0002821-L,L,,0002821-L,7,0,0,0
REBEL MASS EXPORT PVT LTD,AW24LC0001-0002786 NAVY,0002786-91.44CM(36),91.44CM (36),,0002786-91.44CM(36),7,0,0,0
REBEL MASS EXPORT PVT LTD,AW24LC0002-0002813 BLACK,0002813-106.68CM(42),106.68CM (42),,0002813-106.68CM(42),7,0,0,0
REBEL MASS EXPORT PVT LTD,AW24PO0001-0003561 MAROON,0003561-L,L,,0003561-L,7,0,0,0
REBEL MASS EXPORT PVT LTD,AW24PO0001-0003569 KHAKI,0003569-M,M,,0003569-M,7,0,0,0
REBEL MASS EXPORT PVT LTD,AW24PO0002-0003573 MAROON,0003573-L,L,,0003573-L,7,0,0,0
REBEL MASS EXPORT PVT LTD,AW24PO0005-0004721 YELLOW,0004721-L,L,,0004721-L,7,0,0,0
REBEL MASS EXPORT PVT LTD,AW24PO0005-0005560 STEAL GREY,0005560-M,M,,0005560-M,7,0,0,0
REBEL MASS EXPORT PVT LTD,AW24PO0006-0005568 BEIGE,0005568-XL,XL,,0005568-XL,7,0,0,0
REBEL MASS EXPORT PVT LTD,AW24PO0007-0005596 PEACH,0005596-M,M,,0005596-M,7,0,0,0
REBEL MASS EXPORT PVT LTD,AW24PO0007-0005597 PEACH,0005597-L,L,,0005597-L,7,0,0,0
REBEL MASS EXPORT PVT LTD,AW24PO0008-0005605 YELLOW,0005605-M,M,,0005605-M,7,0,0,0
REBEL MASS EXPORT PVT LTD,AW24S20002-0004878 SEA BLUE,0004878-106.68CM(42),106.68CM (42),,0004878-106.68CM(42),7,0,0,0
REBEL MASS EXPORT PVT LTD,AW24SH0001-0002014 BEIGE,0002014-XL,XL,,0002014-XL,7,0,0,0
REBEL MASS EXPORT PVT LTD,AW24SH0006-0002102 SEA BLUE,0002102-L,L,,0002102-L,7,0,0,0
REBEL MASS EXPORT PVT LTD,AW24SH0007-0002503 BEIGE,0002503-XL,XL,,0002503-XL,7,0,0,0
REBEL MASS EXPORT PVT LTD,AW24SH0011-0002198 BLACK,0002198-L,L,,0002198-L,7,0,0,0
REBEL MASS EXPORT PVT LTD,AW24SH0015-0002214 WHITE,0002214-L,L,,0002214-L,7,0,0,0
REBEL MASS EXPORT PVT LTD,AW24SH0016-0002226 TURQ,0002226-L,L,,0002226-L,7,0,0,0
REBEL MASS EXPORT PVT LTD,AW24SH0016-0002227 TURQ,0002227-XL,XL,,0002227-XL,7,0,0,0
REBEL MASS EXPORT PVT LTD,AW24SH0019-0002251 CREAM,0002251-XL,XL,,0002251-XL,7,0,0,0
REBEL MASS EXPORT PVT LTD,AW24SH0021-0002306 BEIGE,0002306-L,L,,0002306-L,7,0,0,0
REBEL MASS EXPORT PVT LTD,AW24SH0022-0002330 GREY,0002330-L,L,,0002330-L,7,0,0,0
REBEL MASS EXPORT PVT LTD,AW24SH0024-0002338 BLUE,0002338-L,L,,0002338-L,7,0,0,0
REBEL MASS EXPORT PVT LTD,AW24SH0030-0002387 AQUA,0002387-XL,XL,,0002387-XL,7,0,0,0
REBEL MASS EXPORT PVT LTD,AW24SH0031-0002681 L.BLUE,0002681-XL,XL,,0002681-XL,7,0,0,0
REBEL MASS EXPORT PVT LTD,AW24SH0034-0002715 BEIGE,0002715-M,M,,0002715-M,7,0,0,0
REBEL MASS EXPORT PVT LTD,AW24SH0035-0002732 FIROZI,0002732-L,L,,0002732-L,7,0,0,0
REBEL MASS EXPORT PVT LTD,AW24SH0037-0002883 RUST,0002883-L,L,,0002883-L,7,0,0,0
REBEL MASS EXPORT PVT LTD,AW24SH0037-0002898 ORANGE,0002898-M,M,,0002898-M,7,0,0,0
REBEL MASS EXPORT PVT LTD,AW24SH0037-0002901 ORANGE,0002901-XXL,XXL,,0002901-XXL,7,0,0,0
REBEL MASS EXPORT PVT LTD,AW24SH0041-0002952 BLUE,0002952-XL,XL,,0002952-XL,7,0,0,0
REBEL MASS EXPORT PVT LTD,AW24SH0042-0002973 BEIGE,0002973-XXL,XXL,,0002973-XXL,7,0,0,0
REBEL MASS EXPORT PVT LTD,AW24SH0042-0002975 GREEN,0002975-L,L,,0002975-L,7,0,0,0
REBEL MASS EXPORT PVT LTD,AW24SH0046-0003216 PEACH,0003216-M,M,,0003216-M,7,0,0,0
REBEL MASS EXPORT PVT LTD,AW24SH0046-0003224 BEIGE,0003224-M,M,,0003224-M,7,0,0,0
REBEL MASS EXPORT PVT LTD,AW24SH0046-0003225 BEIGE,0003225-L,L,,0003225-L,7,0,0,0
REBEL MASS EXPORT PVT LTD,AW24SH0046-0003238 WHITE,0003238-XL,XL,,0003238-XL,7,0,0,0
REBEL MASS EXPORT PVT LTD,AW24SH0047-0003251 BEIGE,0003251-XXL,XXL,,0003251-XXL,7,0,0,0
REBEL MASS EXPORT PVT LTD,AW24SH0049-0003267 BEIGE,0003267-XXL,XXL,,0003267-XXL,7,0,0,0
REBEL MASS EXPORT PVT LTD,AW24SH0049-0003272 MULTI,0003272-M,M,,0003272-M,7,0,0,0
REBEL MASS EXPORT PVT LTD,AW24SH0049-0003273 MULTI,0003273-L,L,,0003273-L,7,0,0,0
REBEL MASS EXPORT PVT LTD,AW24SH0049-0003274 MULTI,0003274-XL,XL,,0003274-XL,7,0,0,0
REBEL MASS EXPORT PVT LTD,AW24SH0049-0003277 WHT/BEIGE,0003277-L,L,,0003277-L,7,0,0,0
REBEL MASS EXPORT PVT LTD,AW24SH0052-0003293 WHT/PINK,0003293-L,L,,0003293-L,7,0,0,0
REBEL MASS EXPORT PVT LTD,AW24SH0052-0003294 WHT/PINK,0003294-XL,XL,,0003294-XL,7,0,0,0
REBEL MASS EXPORT PVT LTD,AW24SH0054-0003314 WHT/BEIGE,0003314-XL,XL,,0003314-XL,7,0,0,0
REBEL MASS EXPORT PVT LTD,AW24SH0055-0003317 WHT/GREY,0003317-L,L,,0003317-L,7,0,0,0
REBEL MASS EXPORT PVT LTD,AW24SH0055-0003321 WHT/BEIGE,0003321-L,L,,0003321-L,7,0,0,0
REBEL MASS EXPORT PVT LTD,AW24SH0056-0003326 MULTI,0003326-XL,XL,,0003326-XL,7,0,0,0
REBEL MASS EXPORT PVT LTD,AW24SH0057-0003332 WHT/BLUE,0003332-M,M,,0003332-M,7,0,0,0
REBEL MASS EXPORT PVT LTD,AW24SH0057-0003337 WHT/BEIGE,0003337-L,L,,0003337-L,7,0,0,0
REBEL MASS EXPORT PVT LTD,AW24SH0057-0003339 WHT/BEIGE,0003339-XXL,XXL,,0003339-XXL,7,0,0,0
REBEL MASS EXPORT PVT LTD,AW24SH0058-0003342 WHT/BLACK,0003342-XL,XL,,0003342-XL,7,0,0,0
REBEL MASS EXPORT PVT LTD,AW24SH0059-0003350 WHITE,0003350-XL,XL,,0003350-XL,7,0,0,0
REBEL MASS EXPORT PVT LTD,AW24SH0062-0003904 D.BROWN,0003904-XL,XL,,0003904-XL,7,0,0,0
REBEL MASS EXPORT PVT LTD,AW24SH0062-0003912 L.BROWN,0003912-XL,XL,,0003912-XL,7,0,0,0
REBEL MASS EXPORT PVT LTD,AW24SH0062-0003913 L.BROWN,0003913-XXL,XXL,,0003913-XXL,7,0,0,0
REBEL MASS EXPORT PVT LTD,AW24SH0064-0003919 BEIGE,0003919-L,L,,0003919-L,7,0,0,0
REBEL MASS EXPORT PVT LTD,AW24SH0064-0003920 BEIGE,0003920-XL,XL,,0003920-XL,7,0,0,0
REBEL MASS EXPORT PVT LTD,AW24SH0073-0004042 WHITE,0004042-M,M,,0004042-M,7,0,0,0
REBEL MASS EXPORT PVT LTD,AW24SH0073-0004045 WHITE,0004045-XXL,XXL,,0004045-XXL,7,0,0,0
REBEL MASS EXPORT PVT LTD,AW24SH0078-0004065 WHITE,0004065-XXL,XXL,,0004065-XXL,7,0,0,0
REBEL MASS EXPORT PVT LTD,AW24SH0078-0004067 NAVY,0004067-L,L,,0004067-L,7,0,0,0
REBEL MASS EXPORT PVT LTD,AW24SH0079-0004072 NAVY,0004072-XL,XL,,0004072-XL,7,0,0,0
REBEL MASS EXPORT PVT LTD,AW24SH0083-0004163 LEMON,0004163-M,M,,0004163-M,7,0,0,0
REBEL MASS EXPORT PVT LTD,AW24SH0084-0004198 L.GREEN,0004198-XXL,XXL,,0004198-XXL,7,0,0,0
REBEL MASS EXPORT PVT LTD,AW24SH0084-0004199 L.BLUE,0004199-M,M,,0004199-M,7,0,0,0
REBEL MASS EXPORT PVT LTD,AW24SH0084-0004218 GREY,0004218-XXL,XXL,,0004218-XXL,7,0,0,0
REBEL MASS EXPORT PVT LTD,AW24SH0085-0004240 BLACK,0004240-L,L,,0004240-L,7,0,0,0
REBEL MASS EXPORT PVT LTD,AW24SH0085-0007045 CHOCOLATE,0007045-M,M,,0007045-M,7,0,0,0
REBEL MASS EXPORT PVT LTD,AW24SH0085-0007049 DUSTY,0007049-M,M,,0007049-M,7,0,0,0
REBEL MASS EXPORT PVT LTD,AW24SH0088-0004531 PEACH,0004531-XXL,XXL,,0004531-XXL,7,0,0,0
REBEL MASS EXPORT PVT LTD,AW24SH0088-0004532 LEMON,0004532-M,M,,0004532-M,7,0,0,0
REBEL MASS EXPORT PVT LTD,AW24SH0088-0004540 P.GREEN,0004540-M,M,,0004540-M,7,0,0,0
REBEL MASS EXPORT PVT LTD,AW24SH0088-0004549 PURPLE,0004549-L,L,,0004549-L,7,0,0,0
REBEL MASS EXPORT PVT LTD,AW24SH0088-0004551 PURPLE,0004551-XXL,XXL,,0004551-XXL,7,0,0,0
REBEL MASS EXPORT PVT LTD,AW24SH0089-0004554 SKY BLUE,0004554-XL,XL,,0004554-XL,7,0,0,0
REBEL MASS EXPORT PVT LTD,AW24SH0089-0004561 SEA GREEN,0004561-L,L,,0004561-L,7,0,0,0
REBEL MASS EXPORT PVT LTD,AW24SH0089-0004563 SEA GREEN,0004563-XXL,XXL,,0004563-XXL,7,0,0,0
REBEL MASS EXPORT PVT LTD,AW24SH0089-0004564 PURPLE,0004564-M,M,,0004564-M,7,0,0,0
REBEL MASS EXPORT PVT LTD,AW24SH0089-0004567 PURPLE,0004567-XXL,XXL,,0004567-XXL,7,0,0,0
REBEL MASS EXPORT PVT LTD,AW24SH0089-0004571 GREY,0004571-XXL,XXL,,0004571-XXL,7,0,0,0
REBEL MASS EXPORT PVT LTD,AW24SH0091-0004621 WINE,0004621-L,L,,0004621-L,7,0,0,0
REBEL MASS EXPORT PVT LTD,AW24SH0094-0004670 LEMON,0004670-XL,XL,,0004670-XL,7,0,0,0
REBEL MASS EXPORT PVT LTD,AW24SH0094-0004686 GREY,0004686-XL,XL,,0004686-XL,7,0,0,0
REBEL MASS EXPORT PVT LTD,AW24SH0094-0004693 L.BEIGE,0004693-L,L,,0004693-L,7,0,0,0
REBEL MASS EXPORT PVT LTD,AW24SH0095-0004770 WHITE,0004770-XL,XL,,0004770-XL,7,0,0,0
REBEL MASS EXPORT PVT LTD,AW24SH0096-0004795 WHITE,0004795-XXL,XXL,,0004795-XXL,7,0,0,0
REBEL MASS EXPORT PVT LTD,AW24SH0097-0004798 GREY,0004798-XL,XL,,0004798-XL,7,0,0,0
REBEL MASS EXPORT PVT LTD,AW24SH0097-0004805 M.GREEN,0004805-L,L,,0004805-L,7,0,0,0
REBEL MASS EXPORT PVT LTD,AW24SH0108-0005331 NAVY,0005331-L,L,,0005331-L,7,0,0,0
REBEL MASS EXPORT PVT LTD,AW24SH0108-0005332 NAVY,0005332-XL,XL,,0005332-XL,7,0,0,0
REBEL MASS EXPORT PVT LTD,AW24SH0108-0005335 MAHROON,0005335-L,L,,0005335-L,7,0,0,0
REBEL MASS EXPORT PVT LTD,AW24SH0108-0005356 OLIVE,0005356-XL,XL,,0005356-XL,7,0,0,0
REBEL MASS EXPORT PVT LTD,AW24SH0108-0005814 WHITE,0005814-L,L,,0005814-L,7,0,0,0
REBEL MASS EXPORT PVT LTD,AW24SH0110-0005463 GREY,0005463-XXL,XXL,,0005463-XXL,7,0,0,0
REBEL MASS EXPORT PVT LTD,AW24SH0110-0005464 SKY BLUE,0005464-M,M,,0005464-M,7,0,0,0
REBEL MASS EXPORT PVT LTD,AW24SH0116-0005513 BLACK,0005513-L,L,,0005513-L,7,0,0,0
REBEL MASS EXPORT PVT LTD,AW24SH0118-0005530 KHAKI,0005530-XL,XL,,0005530-XL,7,0,0,0
REBEL MASS EXPORT PVT LTD,AW24SH0119-0005538 GREY,0005538-XL,XL,,0005538-XL,7,0,0,0
REBEL MASS EXPORT PVT LTD,AW24SH0120-0005547 RED,0005547-XXL,XXL,,0005547-XXL,7,0,0,0
REBEL MASS EXPORT PVT LTD,AW24SH0120-0005551 WHITE,0005551-XXL,XXL,,0005551-XXL,7,0,0,0
REBEL MASS EXPORT PVT LTD,AW24SH0124-0005631 SKY BLUE,0005631-M,M,,0005631-M,7,0,0,0
REBEL MASS EXPORT PVT LTD,AW24SH0125-0005638 SKY BLUE,0005638-XXL,XXL,,0005638-XXL,7,0,0,0
REBEL MASS EXPORT PVT LTD,AW24SH0126-0005639 SKY BLUE,0005639-M,M,,0005639-M,7,0,0,0
REBEL MASS EXPORT PVT LTD,AW24SH0148-0005841 WHITE,0005841-M,M,,0005841-M,7,0,0,0
REBEL MASS EXPORT PVT LTD,AW24SH0148-0005844 WHITE,0005844-XXL,XXL,,0005844-XXL,7,0,0,0
REBEL MASS EXPORT PVT LTD,AW24SH0149-0005849 GREY,0005849-M,M,,0005849-M,7,0,0,0
REBEL MASS EXPORT PVT LTD,AW24SH0151-0005861 RED,0005861-M,M,,0005861-M,7,0,0,0
REBEL MASS EXPORT PVT LTD,AW24SH0153-0005896 BEIGE,0005896-XXL,XXL,,0005896-XXL,7,0,0,0
REBEL MASS EXPORT PVT LTD,AW24SH0158-0005955 GREY,0005955-XL,XL,,0005955-XL,7,0,0,0
REBEL MASS EXPORT PVT LTD,AW24SH0159-0005967 BROWN,0005967-XL,XL,,0005967-XL,7,0,0,0
REBEL MASS EXPORT PVT LTD,AW24SH0162-0006008 T.BLUE,0006008-XXL,XXL,,0006008-XXL,7,0,0,0
REBEL MASS EXPORT PVT LTD,AW24SH0162-0006013 PEACH,0006013-M,M,,0006013-M,7,0,0,0
REBEL MASS EXPORT PVT LTD,AW24SH0162-0006018 PURPLE,0006018-L,L,,0006018-L,7,0,0,0
REBEL MASS EXPORT PVT LTD,AW24SH0163-0006025 PINK,0006025-M,M,,0006025-M,7,0,0,0
REBEL MASS EXPORT PVT LTD,AW24SH0163-0006031 L.PURPLE,0006031-XL,XL,,0006031-XL,7,0,0,0
REBEL MASS EXPORT PVT LTD,AW24SH0163-0006034 L.GREEN,0006034-L,L,,0006034-L,7,0,0,0
REBEL MASS EXPORT PVT LTD,AW24SH0163-0006038 SKY BLUE,0006038-L,L,,0006038-L,7,0,0,0
REBEL MASS EXPORT PVT LTD,AW24SH0163-0006039 SKY BLUE,0006039-XL,XL,,0006039-XL,7,0,0,0
REBEL MASS EXPORT PVT LTD,AW24SH0172-0006080 BEIGE,0006080-XXL,XXL,,0006080-XXL,7,0,0,0
REBEL MASS EXPORT PVT LTD,AW24SH0172-0006089 SEA BLUE,0006089-M,M,,0006089-M,7,0,0,0
REBEL MASS EXPORT PVT LTD,AW24SH0173-0006101 BROWN,0006101-M,M,,0006101-M,7,0,0,0
REBEL MASS EXPORT PVT LTD,AW24SH0173-0006105 GREEN,0006105-M,M,,0006105-M,7,0,0,0
REBEL MASS EXPORT PVT LTD,AW24SH0174-0006109 T.BLUE,0006109-M,M,,0006109-M,7,0,0,0
REBEL MASS EXPORT PVT LTD,AW24SH0174-0006112 T.BLUE,0006112-XXL,XXL,,0006112-XXL,7,0,0,0
REBEL MASS EXPORT PVT LTD,AW24SH0175-0006120 LEMON,0006120-XXL,XXL,,0006120-XXL,7,0,0,0
REBEL MASS EXPORT PVT LTD,AW24SH0175-0006123 L.GREY,0006123-XL,XL,,0006123-XL,7,0,0,0
REBEL MASS EXPORT PVT LTD,AW24SH0176-0006130 BEIGE,0006130-L,L,,0006130-L,7,0,0,0
REBEL MASS EXPORT PVT LTD,AW24SH0176-0006133 SEA BLUE,0006133-M,M,,0006133-M,7,0,0,0
REBEL MASS EXPORT PVT LTD,AW24SH0178-0006152 L.GREEN,0006152-XXL,XXL,,0006152-XXL,7,0,0,0
REBEL MASS EXPORT PVT LTD,AW24SH0180-0006201 BLACK,0006201-M,M,,0006201-M,7,0,0,0
REBEL MASS EXPORT PVT LTD,AW24SH0182-0006224 PINK,0006224-XXL,XXL,,0006224-XXL,7,0,0,0
REBEL MASS EXPORT PVT LTD,AW24SH0183-0006227 GREY,0006227-XL,XL,,0006227-XL,7,0,0,0
REBEL MASS EXPORT PVT LTD,AW24SH0183-0006230 BEIGE,0006230-L,L,,0006230-L,7,0,0,0
REBEL MASS EXPORT PVT LTD,AW24SH0185-0006246 BEIGE,0006246-L,L,,0006246-L,7,0,0,0
REBEL MASS EXPORT PVT LTD,AW24SH0187-0006260 BLACK,0006260-XXL,XXL,,0006260-XXL,7,0,0,0
REBEL MASS EXPORT PVT LTD,AW24SH0189-0006280 RUST,0006280-XXL,XXL,,0006280-XXL,7,0,0,0
REBEL MASS EXPORT PVT LTD,AW24SH0190-0006290 GREY,0006290-L,L,,0006290-L,7,0,0,0
REBEL MASS EXPORT PVT LTD,AW24SH0191-0006299 D.NAVY,0006299-XL,XL,,0006299-XL,7,0,0,0
REBEL MASS EXPORT PVT LTD,AW24SK0001-0002445 CREAM,0002445-L,L,,0002445-L,7,0,0,0
REBEL MASS EXPORT PVT LTD,AW24SK0001-0002461 L.PURPLE,0002461-L,L,,0002461-L,7,0,0,0
REBEL MASS EXPORT PVT LTD,AW24SK0001-0002462 L.PURPLE,0002462-XL,XL,,0002462-XL,7,0,0,0
REBEL MASS EXPORT PVT LTD,AW24SK0001-0002469 OFF WHITE,0002469-L,L,,0002469-L,7,0,0,0
REBEL MASS EXPORT PVT LTD,AW24SK0001-0002474 GREY,0002474-XL,XL,,0002474-XL,7,0,0,0
REBEL MASS EXPORT PVT LTD,AW24SS0009-0003803 SEA GREEN,0003803-XXL,XXL,,0003803-XXL,7,0,0,0
REBEL MASS EXPORT PVT LTD,AW24SS0009-0003808 TEAL,0003808-M,M,,0003808-M,7,0,0,0
REBEL MASS EXPORT PVT LTD,AW24SS0015-0005026 SEA BLUE,0005026-M,M,,0005026-M,7,0,0,0
REBEL MASS EXPORT PVT LTD,AW24SS0015-0005030 OLIVE,0005030-M,M,,0005030-M,7,0,0,0
REBEL MASS EXPORT PVT LTD,AW24SS0020-0006321 GREEN,0006321-M,M,,0006321-M,7,0,0,0
REBEL MASS EXPORT PVT LTD,AW24SS0020-0006324 GREEN,0006324-XXL,XXL,,0006324-XXL,7,0,0,0
REBEL MASS EXPORT PVT LTD,AW24SS0022-0006346 ORANGE,0006346-L,L,,0006346-L,7,0,0,0
REBEL MASS EXPORT PVT LTD,AW24SS0022-0006347 ORANGE,0006347-XL,XL,,0006347-XL,7,0,0,0
REBEL MASS EXPORT PVT LTD,AW24SS0023-0006363 OLIVE,0006363-XL,XL,,0006363-XL,7,0,0,0
REBEL MASS EXPORT PVT LTD,AW24SS0023-0006371 OLIVE,0006371-XL,XL,,0006371-XL,7,0,0,0
REBEL MASS EXPORT PVT LTD,AW24TK0001-0004305 ANTRA,0004305-M,M,,0004305-M,7,0,0,0
REBEL MASS EXPORT PVT LTD,AW24TK0003-0006359 BROWN,0006359-XL,XL,,0006359-XL,7,0,0,2
REBEL MASS EXPORT PVT LTD,AW24TS0002-0006389 BLACK,0006389-M,M,,0006389-M,7,0,0,0
REBEL MASS EXPORT PVT LTD,AW24TS0003-0006397 GREY,0006397-M,M,,0006397-M,7,0,0,0
REBEL MASS EXPORT PVT LTD,AW24TX0001-0004320 COFFEE,0004320-106.68CM(42),106.68CM (42),,0004320-106.68CM(42),7,0,0,0
REBEL MASS EXPORT PVT LTD,AW24WL0002-0003795 BLACK,0003795-XXL,XXL,,0003795-XXL,7,0,0,0
REBEL MASS EXPORT PVT LTD,BELT0002-0001829 MAROON,0001829-110CM,110 CM,,0001829-110CM,7,0,0,0
REBEL MASS EXPORT PVT LTD,BELT0002-0001830 MAROON,0001830-115CM,115 CM,,0001830-115CM,7,0,0,0
REBEL MASS EXPORT PVT LTD,BELT0008-0001868 BLACK,0001868-120CM,120 CM,,0001868-120CM,7,0,0,0
REBEL MASS EXPORT PVT LTD,BELT25-18-0001-0008035 BLACK,0008035-120CM,120 CM,,0008035-120CM,7,0,0,0
REBEL MASS EXPORT PVT LTD,BELT25-18-0001-0008040 BROWN,0008040-125CM,125CM,,0008040-125CM,7,0,0,0
REBEL MASS EXPORT PVT LTD,BELT25-18-0002-0008048 BROWN,0008048-125CM,125CM,BROWN,0008048-125CM,7,0,0,0
REBEL MASS EXPORT PVT LTD,BLZ25-0008 WHT/BLUE,DA0631-106.68CM(42),106.68CM (42),,DA0631-106.68CM(42),7,0,0,0
REBEL MASS EXPORT PVT LTD,BLZ25-0010 CHARCOLE/GREY,DA0860-101.6CM(40),101.6CM (40),,DA0860-101.6CM(40),7,0,0,0
REBEL MASS EXPORT PVT LTD,BLZ25-0012 GREY/BLK,DA0920-116.84CM(46),116.84CM (46),,DA0920-116.84CM(46),7,0,0,0
REBEL MASS EXPORT PVT LTD,BLZ25-0013 BEIGE,DA1386-111.76CM(44),111.76CM (44),,DA1386-111.76CM(44),7,0,0,0
REBEL MASS EXPORT PVT LTD,BLZ25-0013 GREY,DA1399-96.52CM(38),96.52CM (38),,DA1399-96.52CM(38),7,0,0,0
REBEL MASS EXPORT PVT LTD,BLZ25-0013 OFF WHITE,DA1391-96.52CM(38),96.52CM (38),,DA1391-96.52CM(38),7,0,0,0
REBEL MASS EXPORT PVT LTD,BLZ25-0020 BEIGE,DA3318-101.6CM(40),101.6CM (40),,DA3318-101.6CM(40),7,0,0,0
REBEL MASS EXPORT PVT LTD,BLZ25-0020 BEIGE,DA3320-111.76CM(44),111.76CM (44),,DA3320-111.76CM(44),7,0,0,0
REBEL MASS EXPORT PVT LTD,BLZ25-0020 GREY/BLK,DA3330-101.6CM(40),101.6CM (40),,DA3330-101.6CM(40),7,0,0,0
REBEL MASS EXPORT PVT LTD,BLZ25-0020 SKY,DA3325-96.52CM(38),96.52CM (38),,DA3325-96.52CM(38),7,0,0,0
REBEL MASS EXPORT PVT LTD,BLZ25-0022 BLACK MELANGE,DA3434-96.52CM(38),96.52CM (38),,DA3434-96.52CM(38),7,0,0,0
REBEL MASS EXPORT PVT LTD,BLZ25-40-0001-0008136 NAVY,0008136-96.52CM(38),96.52CM (38),,0008136-96.52CM(38),7,0,0,0
REBEL MASS EXPORT PVT LTD,BLZ25-40-0001-0008138 NAVY,0008138-106.68CM(42),106.68CM (42),,0008138-106.68CM(42),7,0,0,0
REBEL MASS EXPORT PVT LTD,BLZ25-40-0002-0008141 NAVY,0008141-96.52CM(38),96.52CM (38),,0008141-96.52CM(38),7,0,0,0
REBEL MASS EXPORT PVT LTD,BLZ25-40-0002-0008143 NAVY,0008143-106.68CM(42),106.68CM (42),,0008143-106.68CM(42),7,0,0,0
REBEL MASS EXPORT PVT LTD,BLZ25-40-0004-0008151 GREY,0008151-96.52CM(38),96.52CM (38),,0008151-96.52CM(38),7,0,0,0
REBEL MASS EXPORT PVT LTD,BLZ25-40-0005-0008157 BROWN,0008157-101.6CM(40),101.6CM (40),,0008157-101.6CM(40),7,0,0,0
REBEL MASS EXPORT PVT LTD,CJKT25-15-0001-0007105 TOMATO,0007105-M,M,,0007105-M,7,0,0,0
REBEL MASS EXPORT PVT LTD,CJKT25-15-0001-0007110 AIR FORCE,0007110-L,L,,0007110-L,7,0,0,0
REBEL MASS EXPORT PVT LTD,CJKT25-15-0001-0007117 NAVY,0007117-M,M,,0007117-M,7,0,0,0
REBEL MASS EXPORT PVT LTD,CPO25-44-0001-0007570 BROWN,0007570-L,L,,0007570-L,7,0,0,0
REBEL MASS EXPORT PVT LTD,CRC25-0002-0006812 CREAM,0006812-101.6CM(40),101.6CM (40),,0006812-101.6CM(40),7,0,0,0
REBEL MASS EXPORT PVT LTD,CRC25-0002-0006821 NAVY,0006821-86.36CM(34),86.36CM (34),,0006821-86.36CM(34),7,0,0,0
REBEL MASS EXPORT PVT LTD,CRC25-0002-0006822 NAVY,0006822-91.44CM(36),91.44CM (36),,0006822-91.44CM(36),7,0,0,0
REBEL MASS EXPORT PVT LTD,CRC25-0002-0007616 BEIGE,0007616-81.28CM(32),81.28CM (32),,0007616-81.28CM(32),7,0,0,0
REBEL MASS EXPORT PVT LTD,CRC25-0002-0007644 OLIVE,0007644-101.6CM(40),101.6CM (40),,0007644-101.6CM(40),7,0,0,0
REBEL MASS EXPORT PVT LTD,CRC25-0004 KHAKI,DA0014-76.20CM(30),76.20CM (30),,DA0014-76.20CM(30),7,0,0,0
REBEL MASS EXPORT PVT LTD,CRC25-0004 L.YELLOW,DA0058-86.36CM(34),86.36CM (34),,DA0058-86.36CM(34),7,0,0,0
REBEL MASS EXPORT PVT LTD,CRC25-0004A GREY,DA0469-91.44CM(36),91.44CM (36),,DA0469-91.44CM(36),7,0,0,0
REBEL MASS EXPORT PVT LTD,CRC25-0004A MUSTARD,DA0222-86.36CM(34),86.36CM (34),,DA0222-86.36CM(34),7,0,0,0
REBEL MASS EXPORT PVT LTD,CRC25-0005 L.GREY,DA0269-81.28CM(32),81.28CM (32),,DA0269-81.28CM(32),7,0,0,0
REBEL MASS EXPORT PVT LTD,CRC25-0005 PISTA,DA0239-81.28CM(32),81.28CM (32),,DA0239-81.28CM(32),7,0,0,0
REBEL MASS EXPORT PVT LTD,CRC25-0005 PISTA,DA0240-86.36CM(34),86.36CM (34),,DA0240-86.36CM(34),7,0,0,0
REBEL MASS EXPORT PVT LTD,CRC25-0006 CREAM,DA0307-91.44CM(36),91.44CM (36),,DA0307-91.44CM(36),7,0,0,0
REBEL MASS EXPORT PVT LTD,CRC25-0006 NAVY,DA0286-76.20CM(30),76.20CM (30),,DA0286-76.20CM(30),7,0,0,0
REBEL MASS EXPORT PVT LTD,CRC25-0006 OLIVE,DA0295-76.20CM(30),76.20CM (30),,DA0295-76.20CM(30),7,0,0,0
REBEL MASS EXPORT PVT LTD,CRC25-0006 SKY BLUE,DA0313-76.20CM(30),76.20CM (30),,DA0313-76.20CM(30),7,0,0,0
REBEL MASS EXPORT PVT LTD,CRC25-0007 BLACK,DA0369-86.36CM(34),86.36CM (34),,DA0369-86.36CM(34),7,0,0,0
REBEL MASS EXPORT PVT LTD,CRC25-0007 CREAM,DA0350-81.28CM(32),81.28CM (32),,DA0350-81.28CM(32),7,0,0,0
REBEL MASS EXPORT PVT LTD,CRC25-0007 CREAM,DA0351-86.36CM(34),86.36CM (34),,DA0351-86.36CM(34),7,0,0,0
REBEL MASS EXPORT PVT LTD,CRC25-0007 NAVY,DA0334-91.44CM(36),91.44CM (36),,DA0334-91.44CM(36),7,0,0,0
REBEL MASS EXPORT PVT LTD,CRC25-0008 D.GREY,DA0417-101.6CM(40),101.6CM (40),,DA0417-101.6CM(40),7,0,0,0
REBEL MASS EXPORT PVT LTD,CRC25-0008 D.GREY,DA0411-71.12CM(28),71.12CM (28),,DA0411-71.12CM(28),7,0,0,0
REBEL MASS EXPORT PVT LTD,CRC25-0008 D.GREY,DA0416-96.52CM(38),96.52CM (38),,DA0416-96.52CM(38),7,0,0,0
REBEL MASS EXPORT PVT LTD,CRC25-0008 GREEN,DA0405-86.36CM(34),86.36CM (34),,DA0405-86.36CM(34),7,0,0,0
REBEL MASS EXPORT PVT LTD,CRC25-0008 GREY,DA0393-71.12CM(28),71.12CM (28),,DA0393-71.12CM(28),7,0,0,0
REBEL MASS EXPORT PVT LTD,CRC25-0008 GREY,DA0398-96.52CM(38),96.52CM (38),,DA0398-96.52CM(38),7,0,0,0
REBEL MASS EXPORT PVT LTD,CRC25-0008 MUSTARD,DA0387-86.36CM(34),86.36CM (34),,DA0387-86.36CM(34),7,0,0,0
REBEL MASS EXPORT PVT LTD,CRC25-0008 MUSTARD,DA0388-91.44CM(36),91.44CM (36),,DA0388-91.44CM(36),7,0,0,0
REBEL MASS EXPORT PVT LTD,CRC25-0008 NAVY,DA0382-106.68CM(42),106.68CM (42),,DA0382-106.68CM(42),7,0,0,0
REBEL MASS EXPORT PVT LTD,CRC25-0008 NAVY,DA0375-71.12CM(28),71.12CM (28),,DA0375-71.12CM(28),7,0,0,0
REBEL MASS EXPORT PVT LTD,CRC25-0009 GREEN,DA0449-81.28CM(32),81.28CM (32),,DA0449-81.28CM(32),7,0,0,0
REBEL MASS EXPORT PVT LTD,CRC25-0009 GREEN,DA0450-86.36CM(34),86.36CM (34),,DA0450-86.36CM(34),7,0,0,0
REBEL MASS EXPORT PVT LTD,CRC25-0009 GREY,DA0440-81.28CM(32),81.28CM (32),,DA0440-81.28CM(32),7,0,0,0
REBEL MASS EXPORT PVT LTD,CRC25-0009 GREY,DA0441-86.36CM(34),86.36CM (34),,DA0441-86.36CM(34),7,0,0,0
REBEL MASS EXPORT PVT LTD,CRC25-0009 NAVY,DA0422-81.28CM(32),81.28CM (32),,DA0422-81.28CM(32),7,0,0,0
REBEL MASS EXPORT PVT LTD,CRC25-0010 KHAKI,DA3303-81.28CM(32),81.28CM (32),,DA3303-81.28CM(32),7,0,0,0
REBEL MASS EXPORT PVT LTD,CRC25-0010 STEEL GREY,DA2532-91.44CM(36),91.44CM (36),,DA2532-91.44CM(36),7,0,0,0
REBEL MASS EXPORT PVT LTD,CRC25-18-0003 FIROZI,DA0213-76.20CM(30),76.20CM (30),,DA0213-76.20CM(30),7,0,0,0
REBEL MASS EXPORT PVT LTD,CRC25-18-0003 FIROZI,DA0215-86.36CM(34),86.36CM (34),,DA0215-86.36CM(34),7,0,0,0
REBEL MASS EXPORT PVT LTD,CRC25-18-0003 NAVY/BLUE,DA0828-96.52CM(38),96.52CM (38),,DA0828-96.52CM(38),7,0,0,0
REBEL MASS EXPORT PVT LTD,CRC25-18-0003 TAN,DA0797-96.52CM(38),96.52CM (38),,DA0797-96.52CM(38),7,0,0,0
REBEL MASS EXPORT PVT LTD,CRC25-18-0003-0008164 OLIVE,0008164-86.36CM(34),86.36CM (34),,0008164-86.36CM(34),7,0,0,0
REBEL MASS EXPORT PVT LTD,CSH25-0001-0006639 WHT/PINK,0006639-XL,XL,,0006639-XL,7,0,0,0
REBEL MASS EXPORT PVT LTD,CSH25-0001-0006643 WHT/OLIVE,0006643-XL,XL,,0006643-XL,7,0,0,0
REBEL MASS EXPORT PVT LTD,CSH25-0002-0006669 GREY,0006669-M,M,,0006669-M,7,0,0,0
REBEL MASS EXPORT PVT LTD,CSH25-0003-0006683 WHT/OLIVE,0006683-XL,XL,,0006683-XL,7,0,0,0
REBEL MASS EXPORT PVT LTD,CSH25-0003-0006695 WHT/YELLOW,0006695-XL,XL,,0006695-XL,7,0,0,0
REBEL MASS EXPORT PVT LTD,CSH25-0004-0006719 OLIVE,0006719-XL,XL,,0006719-XL,7,0,0,0
REBEL MASS EXPORT PVT LTD,CSH25-0007-0006873 SEA GREEN,0006873-M,M,,0006873-M,7,0,0,0
REBEL MASS EXPORT PVT LTD,CSH25-0009-0006895 NAVY,0006895-XL,XL,,0006895-XL,7,0,0,0
REBEL MASS EXPORT PVT LTD,CSH25-0010-0006899 D.NAVY,0006899-XL,XL,,0006899-XL,7,0,0,0
REBEL MASS EXPORT PVT LTD,CSH25-0011-0006902 NAVY,0006902-L,L,,0006902-L,7,0,0,0
REBEL MASS EXPORT PVT LTD,CSH25-0038 CREAM,DA0511-M,M,,DA0511-M,7,0,0,0
REBEL MASS EXPORT PVT LTD,CSH25-0038 WHITE,DA0487-M,M,,DA0487-M,7,0,0,0
REBEL MASS EXPORT PVT LTD,CSH25-0039 ORANGE,DA0549-XL,XL,,DA0549-XL,7,0,0,0
REBEL MASS EXPORT PVT LTD,CSH25-0041 WHITE,DA0566-XXL,XXL,,DA0566-XXL,7,0,0,0
REBEL MASS EXPORT PVT LTD,CSH25-18-0037 GREEN,DA0160-XXL,XXL,,DA0160-XXL,7,0,0,0
REBEL MASS EXPORT PVT LTD,CSH25-20-0012-0007063 SKY BLUE,0007063-XL,XL,,0007063-XL,7,0,0,0
REBEL MASS EXPORT PVT LTD,CSH25-20-0012-0007070 PINK,0007070-L,L,,0007070-L,7,0,0,0
REBEL MASS EXPORT PVT LTD,CSH25-20-0012-0007079 GREY,0007079-XL,XL,,0007079-XL,7,0,0,0
REBEL MASS EXPORT PVT LTD,CSH25-39-0015-0007555 NAVY,0007555-L,L,,0007555-L,7,0,0,0
REBEL MASS EXPORT PVT LTD,CSH25-39-0015-0007556 NAVY,0007556-XL,XL,,0007556-XL,7,0,0,0
REBEL MASS EXPORT PVT LTD,CSH25-39-0016-0007564 GREY,0007564-XL,XL,,0007564-XL,7,0,0,0
REBEL MASS EXPORT PVT LTD,CSH25-39-0023-0008191 BEIGE,0008191-L,L,,0008191-L,7,0,0,0
REBEL MASS EXPORT PVT LTD,CSH25-39-0029-0008217 NAVY,0008217-XXL,XXL,,0008217-XXL,7,0,0,0
REBEL MASS EXPORT PVT LTD,CSH25-39-0031-0008224 GREEN,0008224-XL,XL,,0008224-XL,7,0,0,0
REBEL MASS EXPORT PVT LTD,CSH25-39-0035-0008243 L.BROWN,0008243-L,L,,0008243-L,7,0,0,0
REBEL MASS EXPORT PVT LTD,CSH25-39-0035-0008244 L.BROWN,0008244-XL,XL,,0008244-XL,7,0,0,0
REBEL MASS EXPORT PVT LTD,CSH25-39-0035-0008247 GREY,0008247-L,L,,0008247-L,7,0,0,0
REBEL MASS EXPORT PVT LTD,CSS25-15-0001-0007734 RED,0007734-L,L,,0007734-L,7,0,0,0
REBEL MASS EXPORT PVT LTD,CSS25-15-0002-0007180 GREY,0007180-XXL,XXL,,0007180-XXL,7,0,0,0
REBEL MASS EXPORT PVT LTD,CSS25-15-0005-0007190 MAHANDI,0007190-L,L,,0007190-L,7,0,0,0
REBEL MASS EXPORT PVT LTD,CSS25-15-0006-0007216 LEMON,0007216-XXL,XXL,,0007216-XXL,7,0,0,0
REBEL MASS EXPORT PVT LTD,CTK25-15-0002-0007209 NAVY,0007209-M,M,,0007209-M,7,0,0,0
REBEL MASS EXPORT PVT LTD,CTR25-0007 OLIVE,DA0119-96.52CM(38),96.52CM (38),,DA0119-96.52CM(38),7,0,0,0
REBEL MASS EXPORT PVT LTD,CTR25-0008 NAVY,DA1451-96.52CM(38),96.52CM (38),,DA1451-96.52CM(38),7,0,0,0
REBEL MASS EXPORT PVT LTD,CTR25-04-0005-0007673 BEIGE,0007673-76.20CM(30),76.20CM (30),,0007673-76.20CM(30),7,0,0,0
REBEL MASS EXPORT PVT LTD,CTR25-04-0005-0007679 STEAL GREY,0007679-76.20CM(30),76.20CM (30),,0007679-76.20CM(30),7,0,0,0
REBEL MASS EXPORT PVT LTD,CTR25-04-0005-0007686 L.BROWN,0007686-81.28CM(32),81.28CM (32),,0007686-81.28CM(32),7,0,0,0
REBEL MASS EXPORT PVT LTD,CTR25-04-0005-0007690 L.BROWN,0007690-101.6CM(40),101.6CM (40),,0007690-101.6CM(40),7,0,0,0
REBEL MASS EXPORT PVT LTD,CTR25-18-0006 NAVY,DA0197-86.36CM(34),86.36CM (34),,DA0197-86.36CM(34),7,0,0,0
REBEL MASS EXPORT PVT LTD,CTR25-18-0006-0008115 STEAL GREY,0008115-101.6CM(40),101.6CM (40),,0008115-101.6CM(40),7,0,0,0
REBEL MASS EXPORT PVT LTD,CTR25-18-0006-0008116 STEAL GREY,0008116-106.68CM(42),106.68CM (42),,0008116-106.68CM(42),7,0,0,0
REBEL MASS EXPORT PVT LTD,CTR25-18-0006-0008121 CREAM,0008121-96.52CM(38),96.52CM (38),,0008121-96.52CM(38),7,0,0,0
REBEL MASS EXPORT PVT LTD,CTR25-18-0006-0008129 D.GREY,0008129-101.6CM(40),101.6CM (40),,0008129-101.6CM(40),7,0,0,0
REBEL MASS EXPORT PVT LTD,CTR25-18-0006-0008286 TEAL,0008286-96.52CM(38),96.52CM (38),,0008286-96.52CM(38),7,0,0,0
REBEL MASS EXPORT PVT LTD,CTR25-36-0001-0007436 BEIGE,0007436-91.44CM(36),91.44CM (36),,0007436-91.44CM(36),7,0,0,0
REBEL MASS EXPORT PVT LTD,CTR25-36-0003-0007482 BLACK,0007482-96.52CM(38),96.52CM (38),,0007482-96.52CM(38),7,0,0,0
REBEL MASS EXPORT PVT LTD,CWC25-0004 CREAM,DA3345-96.52CM(38),96.52CM (38),,DA3345-96.52CM(38),7,0,0,0
REBEL MASS EXPORT PVT LTD,CWC25-15-0002 MAROON,DA0973-96.52CM(38),96.52CM (38),,DA0973-96.52CM(38),7,0,0,0
REBEL MASS EXPORT PVT LTD,CWC25-32-0004 WHITE,DA1573-111.76CM(44),111.76CM (44),,DA1573-111.76CM(44),7,0,0,0
REBEL MASS EXPORT PVT LTD,CWC25-32-0007 PISTA,DA1588-106.68CM(42),106.68CM (42),,DA1588-106.68CM(42),7,0,0,0
REBEL MASS EXPORT PVT LTD,CWL25-15-0001-0007149 BLACK,0007149-M,M,,0007149-M,7,0,0,0
REBEL MASS EXPORT PVT LTD,CWL25-15-0001-0007152 BLACK,0007152-XXL,XXL,,0007152-XXL,7,0,0,0
REBEL MASS EXPORT PVT LTD,CWL25-15-0001-0007158 GREY,0007158-L,L,,0007158-L,7,0,0,0
REBEL MASS EXPORT PVT LTD,CWL25-15-0002-0007737 NAVY,0007737-M,M,,0007737-M,7,0,0,0
REBEL MASS EXPORT PVT LTD,DCR25-0013 GREY/BLK,DA3167-91.44CM(36),91.44CM (36),,DA3167-91.44CM(36),7,0,0,0
REBEL MASS EXPORT PVT LTD,DCR25-34-0001-0007536 BLUE,0007536-91.44CM(36),91.44CM (36),,0007536-91.44CM(36),7,0,0,0
REBEL MASS EXPORT PVT LTD,DCR25-34-0003-0007545 GREY,0007545-76.20CM(30),76.20CM (30),,0007545-76.20CM(30),7,0,0,0
REBEL MASS EXPORT PVT LTD,DNM25-34-0001-0007518 BLUE,0007518-91.44CM(36),91.44CM (36),,0007518-91.44CM(36),7,0,0,0
REBEL MASS EXPORT PVT LTD,DNM25-34-0004-0007742 L.BLUE,0007742-76.20CM(30),76.20CM (30),,0007742-76.20CM(30),7,0,0,0
REBEL MASS EXPORT PVT LTD,DNM25-34-0004-0007747 D.BLUE,0007747-71.12CM(28),71.12CM (28),,0007747-71.12CM(28),7,0,0,0
REBEL MASS EXPORT PVT LTD,DNM25-34-0005-0007769 BLUE,0007769-91.44CM(36),91.44CM (36),,0007769-91.44CM(36),7,0,0,0
REBEL MASS EXPORT PVT LTD,DNM25-34-0009-0007811 L.OLIVE,0007811-91.44CM(36),91.44CM (36),,0007811-91.44CM(36),7,0,0,0
REBEL MASS EXPORT PVT LTD,DNM25-34-0013 D.BLUE,DA1293-96.52CM(38),96.52CM (38),,DA1293-96.52CM(38),7,0,0,0
REBEL MASS EXPORT PVT LTD,FSH25-0023 EQUA,DA0528-L,L,,DA0528-L,7,0,0,0
REBEL MASS EXPORT PVT LTD,FSH25-0023 EQUA,DA0527-M,M,,DA0527-M,7,0,0,0
REBEL MASS EXPORT PVT LTD,FSH25-0023 PINK,DA0540-L,L,,DA0540-L,7,0,0,0
REBEL MASS EXPORT PVT LTD,FSH25-0037 GREY,DA1745-XXL,XXL,,DA1745-XXL,7,0,0,0
REBEL MASS EXPORT PVT LTD,FSH25-0037 S.BLUE,DA1741-XXL,XXL,,DA1741-XXL,7,0,0,0
REBEL MASS EXPORT PVT LTD,FSH25-0038 L.MINT,DA1758-M,M,,DA1758-M,7,0,0,0
REBEL MASS EXPORT PVT LTD,FSH25-0040 L.BLUE,DA1778-M,M,,DA1778-M,7,0,0,0
REBEL MASS EXPORT PVT LTD,FSH25-0040 L.GREEN,DA1782-M,M,,DA1782-M,7,0,0,0
REBEL MASS EXPORT PVT LTD,FSH25-0043 MAROON,DA1829-XXL,XXL,,DA1829-XXL,7,0,0,0
REBEL MASS EXPORT PVT LTD,FSH25-0060 CREAM,DA2241-L,L,,DA2241-L,7,0,0,0
REBEL MASS EXPORT PVT LTD,FSH25-39-0007-0007894 MAHROON,0007894-L,L,,0007894-L,7,0,0,0
REBEL MASS EXPORT PVT LTD,FSH25-39-0012-0007933 NAVY,0007933-M,M,,0007933-M,7,0,0,0
REBEL MASS EXPORT PVT LTD,FSH25-39-0013-0007944 ROYAL BLUE,0007944-XXL,XXL,,0007944-XXL,7,0,0,0
REBEL MASS EXPORT PVT LTD,FSH25-39-0013-0007945 BROWN,0007945-M,M,,0007945-M,7,0,0,0
REBEL MASS EXPORT PVT LTD,FSH25-39-0021-0008008 STEAL GREY,0008008-XXL,XXL,,0008008-XXL,7,0,0,0
REBEL MASS EXPORT PVT LTD,FTR25-0001-0006743 CHARCOAL,0006743-91.44CM(36),91.44CM (36),,0006743-91.44CM(36),7,0,0,0
REBEL MASS EXPORT PVT LTD,FTR25-0005-0006762 GREY,0006762-81.28CM(32),81.28CM (32),,0006762-81.28CM(32),7,0,0,0
REBEL MASS EXPORT PVT LTD,FTR25-0008-0007034 CREAM,0007034-81.28CM(32),81.28CM (32),,0007034-81.28CM(32),7,0,0,0
REBEL MASS EXPORT PVT LTD,FTR25-0032-0007720 WINE,0007720-86.36CM(34),86.36CM (34),,0007720-86.36CM(34),7,0,0,0
REBEL MASS EXPORT PVT LTD,FTR25-0033-0007723 KHAKI,0007723-76.20CM(30),76.20CM (30),,0007723-76.20CM(30),7,0,0,0
REBEL MASS EXPORT PVT LTD,FTR25-0033-0007724 KHAKI,0007724-81.28CM(32),81.28CM (32),,0007724-81.28CM(32),7,0,0,0
REBEL MASS EXPORT PVT LTD,FTR25-0045 BLUE,DA0192-86.36CM(34),86.36CM (34),,DA0192-86.36CM(34),7,0,0,0
REBEL MASS EXPORT PVT LTD,FTR25-0059 BLACK,DA1103-91.44CM(36),91.44CM (36),,DA1103-91.44CM(36),7,0,0,0
REBEL MASS EXPORT PVT LTD,FTR25-0060 OFF WHITE,DA1108-86.36CM(34),86.36CM (34),,DA1108-86.36CM(34),7,0,0,0
REBEL MASS EXPORT PVT LTD,FTR25-18-0009-0007236 CHARCOAL,0007236-81.28CM(32),81.28CM (32),,0007236-81.28CM(32),7,0,0,0
REBEL MASS EXPORT PVT LTD,FTR25-18-0013-0007276 NAVY,0007276-101.6CM(40),101.6CM (40),,0007276-101.6CM(40),7,0,0,0
REBEL MASS EXPORT PVT LTD,FTR25-18-0013-0007284 OLIVE,0007284-81.28CM(32),81.28CM (32),,0007284-81.28CM(32),7,0,0,0
REBEL MASS EXPORT PVT LTD,FTR25-18-0013-0007289 BLUE,0007289-76.20CM(30),76.20CM (30),,0007289-76.20CM(30),7,0,0,0
REBEL MASS EXPORT PVT LTD,FTR25-18-0013-0007292 BLUE,0007292-91.44CM(36),91.44CM (36),,0007292-91.44CM(36),7,0,0,0
REBEL MASS EXPORT PVT LTD,FTR25-18-0013-0007294 BLUE,0007294-101.6CM(40),101.6CM (40),,0007294-101.6CM(40),7,0,0,0
REBEL MASS EXPORT PVT LTD,FTR25-18-0014-0007296 GREY,0007296-81.28CM(32),81.28CM (32),,0007296-81.28CM(32),7,0,0,0
REBEL MASS EXPORT PVT LTD,FTR25-18-0014-0007300 GREY,0007300-101.6CM(40),101.6CM (40),,0007300-101.6CM(40),7,0,0,0
REBEL MASS EXPORT PVT LTD,FTR25-18-0016-0007307 BLUE,0007307-76.20CM(30),76.20CM (30),,0007307-76.20CM(30),7,0,0,0
REBEL MASS EXPORT PVT LTD,FTR25-18-0017-0007314 GREY,0007314-81.28CM(32),81.28CM (32),,0007314-81.28CM(32),7,0,0,0
REBEL MASS EXPORT PVT LTD,FTR25-18-0021-0007337 GREY,0007337-76.20CM(30),76.20CM (30),,0007337-76.20CM(30),7,0,0,0
REBEL MASS EXPORT PVT LTD,FTR25-18-0027-0007425 BEIGE,0007425-96.52CM(38),96.52CM (38),,0007425-96.52CM(38),7,0,0,0
REBEL MASS EXPORT PVT LTD,FTR25-18-0027-0007431 GREY,0007431-96.52CM(38),96.52CM (38),,0007431-96.52CM(38),7,0,0,0
REBEL MASS EXPORT PVT LTD,FTR25-18-0036-0007869 BLACK,0007869-81.28CM(32),81.28CM (32),,0007869-81.28CM(32),7,0,0,0
REBEL MASS EXPORT PVT LTD,FTR25-18-0039-0007885 SKY BLUE,0007885-86.36CM(34),86.36CM (34),,0007885-86.36CM(34),7,0,0,0
REBEL MASS EXPORT PVT LTD,FTR25-18-0040-0008083 BLACK,0008083-81.28CM(32),81.28CM (32),,0008083-81.28CM(32),7,0,0,0
REBEL MASS EXPORT PVT LTD,FTR25-18-0043-0008273 L.GREY,0008273-81.28CM(32),81.28CM (32),,0008273-81.28CM(32),7,0,0,0
REBEL MASS EXPORT PVT LTD,FTR25-18-0057 GREY/BLUE,DA1532-86.36CM(34),86.36CM (34),,DA1532-86.36CM(34),7,0,0,0
REBEL MASS EXPORT PVT LTD,FTR25-18-0057 GREY/BLUE,DA1533-91.44CM(36),91.44CM (36),,DA1533-91.44CM(36),7,0,0,0
REBEL MASS EXPORT PVT LTD,MBDNM0002-0000483 MID  BLUE,0000483-32,32,,0000483-32,7,0,0,0
REBEL MASS EXPORT PVT LTD,MBDNM0006-0000506 CARBON BLUE,0000506-32,32,,0000506-32,7,0,0,0
REBEL MASS EXPORT PVT LTD,MBDNM0014-0000857 MID  BLUE,0000857-38,38,,0000857-38,7,0,0,0
REBEL MASS EXPORT PVT LTD,MBDNM0014-0000860 MID  BLUE,0000860-28,28,,0000860-28,7,0,0,0
REBEL MASS EXPORT PVT LTD,MBDNM0017-0000873 DIRTY EARTH,0000873-30,30,,0000873-30,7,0,0,0
REBEL MASS EXPORT PVT LTD,MBDNM0018-0000879 CARBON BLUE,0000879-28,28,,0000879-28,7,0,0,0
REBEL MASS EXPORT PVT LTD,MBDNM0025-0001752 DARK GREY,0001752-96.52CM(38INCH),96.52 CM (38 INCH),,0001752-96.52CM(38INCH),7,0,0,0
REBEL MASS EXPORT PVT LTD,MBDNM0030-0001782 MID BLUE,0001782-96.52CM(38INCH),96.52 CM (38 INCH),,0001782-96.52CM(38INCH),7,0,0,0
REBEL MASS EXPORT PVT LTD,MBDNM0034-0001815 DARK BLUE,0001815-91.44CM(36INCH),91.44 CM (36 INCH),,0001815-91.44CM(36INCH),7,0,0,0
REBEL MASS EXPORT PVT LTD,MCBLZ0002-0000666 L.SKY,0000666-40,40,,0000666-40,7,0,0,0
REBEL MASS EXPORT PVT LTD,MCBLZ0006-0000680 RED,0000680-40,40,,0000680-40,7,0,0,0
REBEL MASS EXPORT PVT LTD,MCBLZ0014-0000715 CHARCOAL,0000715-42,42,,0000715-42,7,0,0,0
REBEL MASS EXPORT PVT LTD,MCBLZ0016-0000722 BLUE,0000722-40,40,,0000722-40,7,0,0,0
REBEL MASS EXPORT PVT LTD,MCBLZ0018-0000729 BLACK,0000729-42,42,,0000729-42,7,0,0,0
REBEL MASS EXPORT PVT LTD,MCBLZ0019-0000735 BLUE,0000735-42,42,,0000735-42,7,0,0,0
REBEL MASS EXPORT PVT LTD,"MCBLZ0022-0000744 BLACK,BLUE",0000744-42,42,,0000744-42,7,0,0,0
REBEL MASS EXPORT PVT LTD,MCBLZ0026-0000763 GREEN,0000763-42,42,,0000763-42,7,0,0,0
REBEL MASS EXPORT PVT LTD,MCBLZ0032-0000786 BLUE,0000786-44,44,,0000786-44,7,0,0,0
REBEL MASS EXPORT PVT LTD,MCBLZ0038-0001155 GREY,0001155-40,40,,0001155-40,7,0,0,0
REBEL MASS EXPORT PVT LTD,MCBLZ0039-0001159 FAWN,0001159-40,40,,0001159-40,7,0,0,0
REBEL MASS EXPORT PVT LTD,MCBLZ0042-0001172 BEIJE,0001172-42,42,,0001172-42,7,0,0,0
REBEL MASS EXPORT PVT LTD,MCBLZ0046-0001188 DARK GREY,0001188-42,42,,0001188-42,7,0,0,0
REBEL MASS EXPORT PVT LTD,MCC2ST025-0001605 BLACK,0001605-40,40,,0001605-40,7,0,0,0
REBEL MASS EXPORT PVT LTD,MCC2ST028-0001617 KHAKI,0001617-40,40,,0001617-40,7,0,0,0
REBEL MASS EXPORT PVT LTD,MCSHT0008-0000411 RED,0000411-L,L,,0000411-L,7,0,0,0
REBEL MASS EXPORT PVT LTD,MCTRZ0001-0000985 OLIVE,0000985-34,34,,0000985-34,7,0,0,0
REBEL MASS EXPORT PVT LTD,MFSHT0003-0000541 BLACK,0000541-M,M,,0000541-M,7,0,0,0
REBEL MASS EXPORT PVT LTD,MFSHT0027-0000974 TURQUOISE,0000974-XXL,XXL,,0000974-XXL,7,0,0,0
REBEL MASS EXPORT PVT LTD,MFSHT0030-0001191 DARK GREY,0001191-XXL,XXL,,0001191-XXL,7,0,0,0
REBEL MASS EXPORT PVT LTD,MJKTS0001-0002407 SEA GREEN,0002407-XXL,XXL,,0002407-XXL,7,0,0,0
REBEL MASS EXPORT PVT LTD,MPSHT0004-0001650 WHITE,0001650-XL,XL,,0001650-XL,7,0,0,0
REBEL MASS EXPORT PVT LTD,MPSHT0004-0001651 WHITE,0001651-XXL,XXL,,0001651-XXL,7,0,0,0
REBEL MASS EXPORT PVT LTD,MTSFS0006-0000576 TEAL,0000576-M,M,,0000576-M,7,0,0,0
REBEL MASS EXPORT PVT LTD,MTSHS0002-0000563 NAVY,0000563-XL,XL,,0000563-XL,7,0,0,0
REBEL MASS EXPORT PVT LTD,MTSHS0020-0000634 WHITE,0000634-L,L,,0000634-L,7,0,0,0
REBEL MASS EXPORT PVT LTD,MWSST0002-0001726 NAVY,0001726-L,L,,0001726-L,7,0,0,0
REBEL MASS EXPORT PVT LTD,SHORT25-0001 CREAM,DA1297-XXL,XXL,,DA1297-XXL,7,0,0,0
REBEL MASS EXPORT PVT LTD,SHORT25-0002 CAMEL,DA1927-XL,XL,,DA1927-XL,7,0,0,0
REBEL MASS EXPORT PVT LTD,SS25-0007 DARK GREY,DA1256-M,M,,DA1256-M,7,0,0,0
REBEL MASS EXPORT PVT LTD,TRC25-0002 B.MELANGE,DA3282-L,L,,DA3282-L,7,0,0,2
REBEL MASS EXPORT PVT LTD,TS25-0001 BLK/WHT,DA0832-XL,XL,,DA0832-XL,7,0,0,0
REBEL MASS EXPORT PVT LTD,TS25-0003D WHITE,DA0852-XL,XL,,DA0852-XL,7,0,0,0
REBEL MASS EXPORT PVT LTD,TS25-0005 BROWN,DA0877-M,M,,DA0877-M,7,0,0,0
REBEL MASS EXPORT PVT LTD,TS25-0013A LEMON,DA1192-M,M,,DA1192-M,7,0,0,0
REBEL MASS EXPORT PVT LTD,TS25-0013A NAVY,DA1190-XL,XL,,DA1190-XL,7,0,0,0
REBEL MASS EXPORT PVT LTD,TS25-0013A YELLOW,DA1215-XXL,XXL,,DA1215-XXL,7,0,0,0
REBEL MASS EXPORT PVT LTD,TS25-0016 SKY,DA1638-M,M,,DA1638-M,7,0,0,0
REBEL MASS EXPORT PVT LTD,TS25-0019 KHAKI/BLK,DA1653-XXL,XXL,,DA1653-XXL,7,0,0,0
REBEL MASS EXPORT PVT LTD,TS25-0024 TEAL,DA1674-M,M,,DA1674-M,7,0,0,0
REBEL MASS EXPORT PVT LTD,TS25-0030 MAROON,DA1707-L,L,,DA1707-L,7,0,0,0
REBEL MASS EXPORT PVT LTD,TS25-0032 GREEN,DA1717-XXL,XXL,,DA1717-XXL,7,0,0,0
REBEL MASS EXPORT PVT LTD,TS25-0034 GREY,DA1910-XL,XL,,DA1910-XL,7,0,0,0
REBEL MASS EXPORT PVT LTD,TS25-0036 SKY,DA1955-XXL,XXL,,DA1955-XXL,7,0,0,0
REBEL MASS EXPORT PVT LTD,TS25-0055 OFF WHITE,DA2422-M,M,,DA2422-M,7,0,0,0
REBEL MASS EXPORT PVT LTD,2PC25-0028 BEIGE,DA2471-101.6CM(40),101.6CM (40),,DA2471-101.6CM(40),6,0,0,0
REBEL MASS EXPORT PVT LTD,2PC25-0031 GREY/BROWN,DA2802-111.76CM(44),111.76CM (44),,DA2802-111.76CM(44),6,0,0,0
REBEL MASS EXPORT PVT LTD,2PC25-0031 L.GREY,DA2784-101.6CM(40),101.6CM (40),,DA2784-101.6CM(40),6,0,0,0
REBEL MASS EXPORT PVT LTD,2PC25-0031 L.GREY,DA2783-96.52CM(38),96.52CM (38),,DA2783-96.52CM(38),6,0,0,0
REBEL MASS EXPORT PVT LTD,2PC25-0034 KHAKI,DA3404-106.68CM(42),106.68CM (42),,DA3404-106.68CM(42),6,0,0,0
REBEL MASS EXPORT PVT LTD,2PC25-0034 KHAKI,DA3405-111.76CM(44),111.76CM (44),,DA3405-111.76CM(44),6,0,0,0
REBEL MASS EXPORT PVT LTD,2PC25-0034 KHAKI,DA3402-96.52CM(38),96.52CM (38),,DA3402-96.52CM(38),6,0,0,0
REBEL MASS EXPORT PVT LTD,2PC25-0034 SEA GREEN,DA3410-96.52CM(38),96.52CM (38),,DA3410-96.52CM(38),6,0,0,0
REBEL MASS EXPORT PVT LTD,3PC25-0011 GREY/BLK,DA2494-96.52CM(38),96.52CM (38),,DA2494-96.52CM(38),6,0,0,0
REBEL MASS EXPORT PVT LTD,3PC25-0011 MEHANDI,DA2450-96.52CM(38),96.52CM (38),,DA2450-96.52CM(38),6,0,0,0
REBEL MASS EXPORT PVT LTD,BLZ25-0018 BOTTLE GREEN,DA2556-96.52CM(38),96.52CM (38),,DA2556-96.52CM(38),6,0,0,0
REBEL MASS EXPORT PVT LTD,CSH25-0078 MEHANDI,DA2608-M,M,,DA2608-M,6,0,0,0
REBEL MASS EXPORT PVT LTD,CSH25-0078 MEHANDI,DA2611-XXL,XXL,,DA2611-XXL,6,0,0,0
REBEL MASS EXPORT PVT LTD,CSH25-0088 NAVY,DA2662-XXXL,XXXL,,DA2662-XXXL,6,0,0,0
REBEL MASS EXPORT PVT LTD,CSH25-0094 RED,DA2689-L,L,,DA2689-L,6,0,0,0
REBEL MASS EXPORT PVT LTD,CSH25-0094 RED,DA2690-XL,XL,,DA2690-XL,6,0,0,0
REBEL MASS EXPORT PVT LTD,CSH25-0099 L.PURPLE,DA2717-XXXL,XXXL,,DA2717-XXXL,6,0,0,0
REBEL MASS EXPORT PVT LTD,CSH25-0104 MAROON,DA2741-XXL,XXL,,DA2741-XXL,6,0,0,0
REBEL MASS EXPORT PVT LTD,CSH25-0105 TEAL,DA2747-XXXL,XXXL,,DA2747-XXXL,6,0,0,0
REBEL MASS EXPORT PVT LTD,CSH25-0106 BLUE,DA2751-XXL,XXL,,DA2751-XXL,6,0,0,0
REBEL MASS EXPORT PVT LTD,CSH25-0107 BLACK,DA3246-XXXL,XXXL,,DA3246-XXXL,6,0,0,0
REBEL MASS EXPORT PVT LTD,CSH25-0107 BROWN,DA3181-S,S,,DA3181-S,6,0,0,0
REBEL MASS EXPORT PVT LTD,CSH25-0107 L.BROWN,DA3216-XXXL,XXXL,,DA3216-XXXL,6,0,0,0
REBEL MASS EXPORT PVT LTD,CSH25-0107 MAROON,DA3247-S,S,,DA3247-S,6,0,0,0
REBEL MASS EXPORT PVT LTD,CSH25-0107 P.GREEN,DA3239-XXL,XXL,,DA3239-XXL,6,0,0,0
REBEL MASS EXPORT PVT LTD,CSH25-0107 PISTA GREEN,DA3259-S,S,,DA3259-S,6,0,0,0
REBEL MASS EXPORT PVT LTD,CSH25-0107 PISTA GREEN,DA3263-XXL,XXL,,DA3263-XXL,6,0,0,0
REBEL MASS EXPORT PVT LTD,CSH25-0107 WHITE,DA3199-S,S,,DA3199-S,6,0,0,0
REBEL MASS EXPORT PVT LTD,CSH25-0107 WINE,DA3218-M,M,,DA3218-M,6,0,0,0
REBEL MASS EXPORT PVT LTD,DNM26-0003 ICE WASH,DA4212-81.28CM(32),81.28CM (32),,DA4212-81.28CM(32),6,0,0,0
REBEL MASS EXPORT PVT LTD,DNM26-0005 BLACK,DA4225-86.36CM(34),86.36CM (34),,DA4225-86.36CM(34),6,0,0,0
REBEL MASS EXPORT PVT LTD,DNM26-0007 L.BLUE,BM0124-86.36CM(34),86.36CM (34),,BM0124-86.36CM(34),6,0,0,0
REBEL MASS EXPORT PVT LTD,DNM26-0008 BLUE,BM0135-81.28CM(32),81.28CM (32),,BM0135-81.28CM(32),6,0,0,0
REBEL MASS EXPORT PVT LTD,FSH25-0062 BEIGE,DA2290-S,S,,DA2290-S,6,0,0,0
REBEL MASS EXPORT PVT LTD,FSH25-0062 BLUE MILANGE,DA2326-S,S,,DA2326-S,6,0,0,0
REBEL MASS EXPORT PVT LTD,FSH25-0062 BLUE MILANGE,DA2330-XXL,XXL,,DA2330-XXL,6,0,0,0
REBEL MASS EXPORT PVT LTD,FSH25-0062 BLUE MILANGE,DA2331-XXXL,XXXL,,DA2331-XXXL,6,0,0,0
REBEL MASS EXPORT PVT LTD,FSH25-0062 GREY,DA2312-XXL,XXL,,DA2312-XXL,6,0,0,0
REBEL MASS EXPORT PVT LTD,FSH25-0062 PINK,DA2266-S,S,,DA2266-S,6,0,0,0
REBEL MASS EXPORT PVT LTD,FSH25-0062 SKY,DA2261-M,M,,DA2261-M,6,0,0,0
REBEL MASS EXPORT PVT LTD,FSH25-0062 SKY BLUE,DA2332-S,S,,DA2332-S,6,0,0,0
REBEL MASS EXPORT PVT LTD,FSH25-0065 WHITE,DA2854-L,L,,DA2854-L,6,0,0,0
REBEL MASS EXPORT PVT LTD,FSH25-0069 BLACK,DA2922-L,L,,DA2922-L,6,0,0,0
REBEL MASS EXPORT PVT LTD,FSH25-0069 BLACK,DA2921-M,M,,DA2921-M,6,0,0,0
REBEL MASS EXPORT PVT LTD,FSH25-0069 KHAKI,DA2907-XL,XL,,DA2907-XL,6,0,0,0
REBEL MASS EXPORT PVT LTD,FSH25-0069 L.GREY,DA3015-S,S,,DA3015-S,6,0,0,0
REBEL MASS EXPORT PVT LTD,FSH25-0069 L.PURPLE,DA2935-XL,XL,,DA2935-XL,6,0,0,0
REBEL MASS EXPORT PVT LTD,FSH25-0069 MAROON,DA2952-XXL,XXL,,DA2952-XXL,6,0,0,0
REBEL MASS EXPORT PVT LTD,FSH25-0069 MEHANDI,DA2943-XL,XL,,DA2943-XL,6,0,0,0
REBEL MASS EXPORT PVT LTD,FSH25-0069 R.BLUE,DA3011-S,S,,DA3011-S,6,0,0,0
REBEL MASS EXPORT PVT LTD,FSH25-0069 SKY,DA2874-L,L,,DA2874-L,6,0,0,0
REBEL MASS EXPORT PVT LTD,FSH25-0069 SKY,DA3002-S,S,,DA3002-S,6,0,0,0
REBEL MASS EXPORT PVT LTD,FSH25-0072 L. SKY,DA3488-L,L,,DA3488-L,6,0,0,0
REBEL MASS EXPORT PVT LTD,FTR25-0077 BLACK,DA3080-81.28CM(32),81.28CM (32),,DA3080-81.28CM(32),6,0,0,0
REBEL MASS EXPORT PVT LTD,FTR25-0077 BLACK,DA3082-91.44CM(36),91.44CM (36),,DA3082-91.44CM(36),6,0,0,0
REBEL MASS EXPORT PVT LTD,FTR25-0077 BLUE,DA3090-81.28CM(32),81.28CM (32),,DA3090-81.28CM(32),6,0,0,0
REBEL MASS EXPORT PVT LTD,FTR25-0078 BLUE,DA3098-96.52CM(38),96.52CM (38),,DA3098-96.52CM(38),6,0,0,0
REBEL MASS EXPORT PVT LTD,FTR25-0082 CREAM,DA3115-91.44CM(36),91.44CM (36),,DA3115-91.44CM(36),6,0,0,0
REBEL MASS EXPORT PVT LTD,FTR25-0085 BLACK,DA3126-86.36CM(34),86.36CM (34),,DA3126-86.36CM(34),6,0,0,0
REBEL MASS EXPORT PVT LTD,FTR25-0085 BLACK,DA3128-96.52CM(38),96.52CM (38),,DA3128-96.52CM(38),6,0,0,0
REBEL MASS EXPORT PVT LTD,FTR25-0086 GREY/BLK,DA3133-81.28CM(32),81.28CM (32),,DA3133-81.28CM(32),6,0,0,0
REBEL MASS EXPORT PVT LTD,LW25-0001 BLUE,DA2018-M,M,,DA2018-M,6,0,0,0
REBEL MASS EXPORT PVT LTD,LW25-0001 MAROON,DA2034-M,M,,DA2034-M,6,0,0,0
REBEL MASS EXPORT PVT LTD,LW25-0001 PISTA,DA2026-M,M,,DA2026-M,6,0,0,0
REBEL MASS EXPORT PVT LTD,LW26-0001 AIR FORCE,DA3830-M,M,,DA3830-M,6,0,0,0
REBEL MASS EXPORT PVT LTD,LW26-0001 GREY,DA3810-M,M,,DA3810-M,6,0,0,0
REBEL MASS EXPORT PVT LTD,LW26-0001 MEHROON,DA3796-XL,XL,,DA3796-XL,6,0,0,0
REBEL MASS EXPORT PVT LTD,LW26-0001 SKY BLUE,DA3881-XXL,XXL,,DA3881-XXL,6,0,0,0
REBEL MASS EXPORT PVT LTD,LW26-0002 PEACH,DA3877-XXL,XXL,,DA3877-XXL,6,0,0,0
REBEL MASS EXPORT PVT LTD,SHORT-0003 BLACK PRINT,DA2351-M,M,,DA2351-M,6,0,0,0
REBEL MASS EXPORT PVT LTD,SHORT-0003 BLUE PRINT,DA2355-M,M,,DA2355-M,6,0,0,0
REBEL MASS EXPORT PVT LTD,SHORT-0003 S.BLUE PRINT,DA2367-M,M,,DA2367-M,6,0,0,0
REBEL MASS EXPORT PVT LTD,SHORT-0003 WHITE PRINT,DA2347-M,M,,DA2347-M,6,0,0,0
REBEL MASS EXPORT PVT LTD,TS25-0012 D.GREY,DA2129-XL,XL,,DA2129-XL,6,0,0,0
REBEL MASS EXPORT PVT LTD,TS25-0012 MAROON,DA2339-L,L,,DA2339-L,6,0,0,0
REBEL MASS EXPORT PVT LTD,TS25-0012 OLIVE,DA2124-L,L,,DA2124-L,6,0,0,0
REBEL MASS EXPORT PVT LTD,TS25-0038 OLIVE,DA1976-S,S,,DA1976-S,6,0,0,0
REBEL MASS EXPORT PVT LTD,TS25-0041 BLACK,DA2043-L,L,,DA2043-L,6,0,0,0
REBEL MASS EXPORT PVT LTD,TS25-0041 BLACK,DA2044-XL,XL,,DA2044-XL,6,0,0,0
REBEL MASS EXPORT PVT LTD,TS25-0054B NAVY,DA2377-M,M,,DA2377-M,6,0,0,0
REBEL MASS EXPORT PVT LTD,2PC25-0002 ROYAL BLUE,DA0708-101.6CM(40),101.6CM (40),,DA0708-101.6CM(40),6,0,0,0
REBEL MASS EXPORT PVT LTD,2PC25-0003 MAHROON,DA0713-106.68CM(42),106.68CM (42),,DA0713-106.68CM(42),6,0,0,0
REBEL MASS EXPORT PVT LTD,2PC25-0010 BLACK,DA0741-106.68CM(42),106.68CM (42),,DA0741-106.68CM(42),6,0,0,0
REBEL MASS EXPORT PVT LTD,2PC25-0011 CHARCOAL,DA0744-101.6CM(40),101.6CM (40),,DA0744-101.6CM(40),6,0,0,0
REBEL MASS EXPORT PVT LTD,2PC25-0013 BLUE,DA0753-106.68CM(42),106.68CM (42),,DA0753-106.68CM(42),6,0,0,0
REBEL MASS EXPORT PVT LTD,2PC25-0026 GREY,DA1879-101.6CM(40),101.6CM (40),,DA1879-101.6CM(40),6,0,0,0
REBEL MASS EXPORT PVT LTD,3PC25-0003 KHAKI,DA0932-101.6CM(40),101.6CM (40),,DA0932-101.6CM(40),6,0,0,0
REBEL MASS EXPORT PVT LTD,AW24BL0001-0002566 BROWN,0002566-101.6CM(40),101.6CM (40),,0002566-101.6CM(40),6,0,0,0
REBEL MASS EXPORT PVT LTD,AW24BL0001-0002567 BROWN,0002567-106.68CM(42),106.68CM (42),,0002567-106.68CM(42),6,0,0,0
REBEL MASS EXPORT PVT LTD,AW24BL0002-0002757 GREY,0002757-96.52CM(38),96.52CM (38),,0002757-96.52CM(38),6,0,0,0
REBEL MASS EXPORT PVT LTD,AW24BL0002-0002764 L.GREEN,0002764-101.6CM(40),101.6CM (40),,0002764-101.6CM(40),6,0,0,0
REBEL MASS EXPORT PVT LTD,AW24BL0002-0002774 NAVY,0002774-91.44CM(36),91.44CM (36),,0002774-91.44CM(36),6,0,0,0
REBEL MASS EXPORT PVT LTD,AW24BL0003-0003206 BROWN,0003206-106.68CM(42),106.68CM (42),,0003206-106.68CM(42),6,0,0,0
REBEL MASS EXPORT PVT LTD,AW24BL0004-0008068 BEIGE,0008068-111.76CM(44),111.76CM (44),,0008068-111.76CM(44),6,0,0,0
REBEL MASS EXPORT PVT LTD,AW24BL0004-0008069 L.GREY,0008069-96.52CM(38),96.52CM (38),,0008069-96.52CM(38),6,0,0,0
REBEL MASS EXPORT PVT LTD,AW24BL0008-0003710 BR/GREY,0003710-101.6CM(40),101.6CM (40),,0003710-101.6CM(40),6,0,0,0
REBEL MASS EXPORT PVT LTD,AW24BL0011-0004422 BLUE,0004422-96.52CM(38),96.52CM (38),,0004422-96.52CM(38),6,0,0,0
REBEL MASS EXPORT PVT LTD,AW24BL0011-0004425 BLUE,0004425-111.76CM(44),111.76CM (44),,0004425-111.76CM(44),6,0,0,0
REBEL MASS EXPORT PVT LTD,AW24BL0013-0004413 GREEN,0004413-111.76CM(44),111.76CM (44),,0004413-111.76CM(44),6,0,0,0
REBEL MASS EXPORT PVT LTD,AW24BL0013-0004414 WINE,0004414-96.52CM(38),96.52CM (38),,0004414-96.52CM(38),6,0,0,0
REBEL MASS EXPORT PVT LTD,AW24BL0014-0004443 ICE/BLUE,0004443-101.6CM(40),101.6CM (40),,0004443-101.6CM(40),6,0,0,0
REBEL MASS EXPORT PVT LTD,AW24BL0015-0005197 GREY,0005197-101.6CM(40),101.6CM (40),,0005197-101.6CM(40),6,0,0,0
REBEL MASS EXPORT PVT LTD,AW24CR0005-0005391 BLACK,0005391-91.44CM(36),91.44CM (36),,0005391-91.44CM(36),6,0,0,0
REBEL MASS EXPORT PVT LTD,AW24CR0005-0005396 BLUE,0005396-91.44CM(36),91.44CM (36),,0005396-91.44CM(36),6,0,0,0
REBEL MASS EXPORT PVT LTD,AW24CT0001-0004986 BLACK,0004986-96.52CM(38),96.52CM (38),,0004986-96.52CM(38),6,0,0,0
REBEL MASS EXPORT PVT LTD,AW24CT0001-0004993 NAVY,0004993-111.76CM(44),111.76CM (44),,0004993-111.76CM(44),6,0,0,0
REBEL MASS EXPORT PVT LTD,AW24CT0002-0005002 NAVY,0005002-96.52CM(38),96.52CM (38),,0005002-96.52CM(38),6,0,0,0
REBEL MASS EXPORT PVT LTD,AW24CT0002-0005005 NAVY,0005005-111.76CM(44),111.76CM (44),,0005005-111.76CM(44),6,0,0,0
REBEL MASS EXPORT PVT LTD,AW24CTR0003-0004822 D.GREY,0004822-76.20CM(30),76.20CM (30),,0004822-76.20CM(30),6,0,0,0
REBEL MASS EXPORT PVT LTD,AW24CTR0003-0004828 TEAL,0004828-76.20CM(30),76.20CM (30),,0004828-76.20CM(30),6,0,0,0
REBEL MASS EXPORT PVT LTD,AW24CTR0003-0004831 TEAL,0004831-91.44CM(36),91.44CM (36),,0004831-91.44CM(36),6,0,0,0
REBEL MASS EXPORT PVT LTD,AW24CTR0003-0004864 STEAL GREY,0004864-76.20CM(30),76.20CM (30),,0004864-76.20CM(30),6,0,0,0
REBEL MASS EXPORT PVT LTD,AW24CTR0003-0004869 STEAL GREY,0004869-101.6CM(40),101.6CM (40),,0004869-101.6CM(40),6,0,0,0
REBEL MASS EXPORT PVT LTD,AW24CTR0004-0005736 PISTA,0005736-96.52CM(38),96.52CM (38),,0005736-96.52CM(38),6,0,0,0
REBEL MASS EXPORT PVT LTD,AW24CTR0004-0005745 B.GREEN,0005745-91.44CM(36),91.44CM (36),,0005745-91.44CM(36),6,0,0,0
REBEL MASS EXPORT PVT LTD,AW24CTR0005-0005754 COFFEE,0005754-86.36CM(34),86.36CM (34),,0005754-86.36CM(34),6,0,0,0
REBEL MASS EXPORT PVT LTD,AW24CTR0005-0005762 OLIVE,0005762-76.20CM(30),76.20CM (30),,0005762-76.20CM(30),6,0,0,0
REBEL MASS EXPORT PVT LTD,AW24CTR0005-0005777 GREY,0005777-76.20CM(30),76.20CM (30),,0005777-76.20CM(30),6,0,0,0
REBEL MASS EXPORT PVT LTD,AW24CTR0006-0006540 PISTA,0006540-96.52CM(38),96.52CM (38),,0006540-96.52CM(38),6,0,0,0
REBEL MASS EXPORT PVT LTD,AW24CTR0007-0006584 MUSTARD,0006584-91.44CM(36),91.44CM (36),,0006584-91.44CM(36),6,0,0,0
REBEL MASS EXPORT PVT LTD,AW24D0002-0002546 BLACK,0002546-96.52CM(38),96.52CM (38),,0002546-96.52CM(38),6,0,0,0
REBEL MASS EXPORT PVT LTD,AW24D0005-0003511 ICE BLUE,0003511-71.12CM(28),71.12CM (28),,0003511-71.12CM(28),6,0,0,0
REBEL MASS EXPORT PVT LTD,AW24D0009A-0004256 DARK BLUE,0004256-96.52CM(38),96.52CM (38),,0004256-96.52CM(38),6,0,0,0
REBEL MASS EXPORT PVT LTD,AW24D0011-0003890 BLUE TOWEL,0003890-91.44CM(36),91.44CM(36),,0003890-91.44CM(36),6,0,0,0
REBEL MASS EXPORT PVT LTD,AW24D0011-0004348 BLUE,0004348-91.44CM(36),91.44CM(36),,0004348-91.44CM(36),6,0,0,0
REBEL MASS EXPORT PVT LTD,AW24D0013-0004362 GREY,0004362-71.12CM(28),71.12CM (28),,0004362-71.12CM(28),6,0,0,0
REBEL MASS EXPORT PVT LTD,AW24D0020-0004358 L.BLUE,0004358-81.28CM(32),81.28CM (32),,0004358-81.28CM(32),6,0,0,0
REBEL MASS EXPORT PVT LTD,AW24D0021-0006478 BLUE.A,0006478-91.44CM(36),91.44CM (36),,0006478-91.44CM(36),6,0,0,0
REBEL MASS EXPORT PVT LTD,AW24D0024-0005415 L.BLUE,0005415-96.52CM(38),96.52CM (38),,0005415-96.52CM(38),6,0,0,0
REBEL MASS EXPORT PVT LTD,AW24D0027-0005448 BLACK,0005448-81.28CM(32),81.28CM (32),,0005448-81.28CM(32),6,0,0,0
REBEL MASS EXPORT PVT LTD,AW24D0028-0006454 L.BLUE,0006454-91.44CM(36),91.44CM (36),,0006454-91.44CM(36),6,0,0,0
REBEL MASS EXPORT PVT LTD,AW24D0029-0006468 BLACK,0006468-71.12CM(28),71.12CM (28),,0006468-71.12CM(28),6,0,0,0
REBEL MASS EXPORT PVT LTD,AW24D0029-0006470 BLACK,0006470-81.28CM(32),81.28CM (32),,0006470-81.28CM(32),6,0,0,0
REBEL MASS EXPORT PVT LTD,AW24D0029-0006472 BLACK,0006472-91.44CM(36),91.44CM (36),,0006472-91.44CM(36),6,0,0,0
REBEL MASS EXPORT PVT LTD,AW24FTR0001-0002518 GREY,0002518-76.20CM(30),76.20CM (30),,0002518-76.20CM(30),6,0,0,0
REBEL MASS EXPORT PVT LTD,AW24FTR0001-0002583 BLUE,0002583-71.12CM(28),71.12CM (28),,0002583-71.12CM(28),6,0,0,0
REBEL MASS EXPORT PVT LTD,AW24FTR0001-0002585 BLUE,0002585-81.28CM(32),81.28CM (32),,0002585-81.28CM(32),6,0,0,0
REBEL MASS EXPORT PVT LTD,AW24FTR0001-0005160 CHARCOAL,0005160-71.12CM(28),71.12CM (28),,0005160-71.12CM(28),6,0,0,0
REBEL MASS EXPORT PVT LTD,AW24FTR0001-0005161 CHARCOAL,0005161-76.20CM(30),76.20CM (30),,0005161-76.20CM(30),6,0,0,0
REBEL MASS EXPORT PVT LTD,AW24FTR0003-0002593 BEIGE,0002593-86.36CM(34),86.36CM (34),,0002593-86.36CM(34),6,0,0,0
REBEL MASS EXPORT PVT LTD,AW24FTR0005-0003028 GREEN,0003028-81.28CM(32),81.28CM (32),,0003028-81.28CM(32),6,0,0,0
REBEL MASS EXPORT PVT LTD,AW24FTR0005-0003082 MID GREEN,0003082-81.28CM(32),81.28CM (32),,0003082-81.28CM(32),6,0,0,0
REBEL MASS EXPORT PVT LTD,AW24FTR0005-0003095 B.GREEN,0003095-86.36CM(34),86.36CM (34),,0003095-86.36CM(34),6,0,0,0
REBEL MASS EXPORT PVT LTD,AW24FTR0005-0003148 PEACH,0003148-81.28CM(32),81.28CM (32),,0003148-81.28CM(32),6,0,0,0
REBEL MASS EXPORT PVT LTD,AW24FTR0005-0003149 PEACH,0003149-86.36CM(34),86.36CM (34),,0003149-86.36CM(34),6,0,0,0
REBEL MASS EXPORT PVT LTD,AW24FTR0005-0003154 VAILET,0003154-81.28CM(32),81.28CM (32),,0003154-81.28CM(32),6,0,0,0
REBEL MASS EXPORT PVT LTD,AW24FTR0005-0003184 D.KHAKI,0003184-81.28CM(32),81.28CM (32),,0003184-81.28CM(32),6,0,0,0
REBEL MASS EXPORT PVT LTD,AW24FTR0005-0003185 D.KHAKI,0003185-86.36CM(34),86.36CM (34),,0003185-86.36CM(34),6,0,0,0
REBEL MASS EXPORT PVT LTD,AW24FTR0005-0003190 D.GREY,0003190-81.28CM(32),81.28CM (32),,0003190-81.28CM(32),6,0,0,0
REBEL MASS EXPORT PVT LTD,AW24FTR0007-0003376 D.BROWN,0003376-71.12CM(28),71.12CM (28),,0003376-71.12CM(28),6,0,0,0
REBEL MASS EXPORT PVT LTD,AW24FTR0009-0003398 MEHANDI,0003398-76.2CM(30),76.2CM (30),,0003398-76.2CM(30),6,0,0,0
REBEL MASS EXPORT PVT LTD,AW24FTR0009-0003402 MEHANDI,0003402-96.52CM(38),96.52CM (38),,0003402-96.52CM(38),6,0,0,0
REBEL MASS EXPORT PVT LTD,AW24FTR0010-0003419 KHAKI,0003419-76.2CM(30),76.2CM (30),,0003419-76.2CM(30),6,0,0,0
REBEL MASS EXPORT PVT LTD,AW24FTR0010-0003484 MAHANDI,0003484-86.36CM(34),86.36CM (34),,0003484-86.36CM(34),6,0,0,0
REBEL MASS EXPORT PVT LTD,AW24FTR0010-0003491 D.BROWN,0003491-86.36CM(34),86.36CM (34),,0003491-86.36CM(34),6,0,0,0
REBEL MASS EXPORT PVT LTD,AW24FTR0010-0004028 L.GREY,0004028-81.28CM(32),81.28CM (32),,0004028-81.28CM(32),6,0,0,0
REBEL MASS EXPORT PVT LTD,AW24FTR0018-0004963 SKY BLUE,0004963-76.20CM(30),76.20CM (30),,0004963-76.20CM(30),6,0,0,0
REBEL MASS EXPORT PVT LTD,AW24FTR0018-0004966 SKY BLUE,0004966-91.44CM(36),91.44CM(36),,0004966-91.44CM(36),6,0,0,0
REBEL MASS EXPORT PVT LTD,AW24FTR0025-0005077 NAVY,0005077-86.36CM(34),86.36CM (34),,0005077-86.36CM(34),6,0,0,0
REBEL MASS EXPORT PVT LTD,AW24FTR0028-0005093 NAVY,0005093-76.20CM(30),76.20CM (30),,0005093-76.20CM(30),6,0,0,0
REBEL MASS EXPORT PVT LTD,AW24FTR0030-0006423 D.BLUE,0006423-81.28CM(32),81.28CM (32),,0006423-81.28CM(32),6,0,0,0
REBEL MASS EXPORT PVT LTD,AW24FTR0036-0005174 GREY,0005174-71.12CM(28),71.12CM (28),,0005174-71.12CM(28),6,0,0,0
REBEL MASS EXPORT PVT LTD,AW24FTR0039-0005809 NAVY,0005809-86.36CM(34),86.36CM (34),,0005809-86.36CM(34),6,0,0,0
REBEL MASS EXPORT PVT LTD,AW24-JKT0002-0002038 BLACK,0002038-3XL,3XL,,0002038-3XL,6,0,0,0
REBEL MASS EXPORT PVT LTD,AW24JKT0003-0002624 BEIGE,0002624-XXL,XXL,,0002624-XXL,6,0,0,0
REBEL MASS EXPORT PVT LTD,AW24JKT0003-0002625 BEIGE,0002625-3XL,3XL,,0002625-3XL,6,0,0,0
REBEL MASS EXPORT PVT LTD,AW24JKT0003-0002630 CREAM,0002630-3XL,3XL,,0002630-3XL,6,0,0,0
REBEL MASS EXPORT PVT LTD,AW24JKT0003-0005216 OLIVE,0005216-3XL,3XL,,0005216-3XL,6,0,0,0
REBEL MASS EXPORT PVT LTD,AW24JKT0004-0002279 BLACK,0002279-XL,XL,,0002279-XL,6,0,0,0
REBEL MASS EXPORT PVT LTD,AW24JKT0006-0002478 KHAKI,0002478-XL,XL,,0002478-XL,6,0,0,0
REBEL MASS EXPORT PVT LTD,AW24JKT0006-0002652 CREAM,0002652-L,L,,0002652-L,6,0,0,0
REBEL MASS EXPORT PVT LTD,AW24JKT0006-0002654 CREAM,0002654-XXL,XXL,,0002654-XXL,6,0,0,0
REBEL MASS EXPORT PVT LTD,AW24JKT0006-0002655 CREAM,0002655-3XL,3XL,,0002655-3XL,6,0,0,0
REBEL MASS EXPORT PVT LTD,AW24JKT0008-0002493 GREY,0002493-XL,XL,,0002493-XL,6,0,0,0
REBEL MASS EXPORT PVT LTD,AW24JKT0008-0002496 D.GREY,0002496-M,M,,0002496-M,6,0,0,0
REBEL MASS EXPORT PVT LTD,AW24JKT0008-0002665 BEIGE,0002665-3XL,3XL,,0002665-3XL,6,0,0,0
REBEL MASS EXPORT PVT LTD,AW24JKT0008-0004278 NAVY,0004278-XXL,XXL,,0004278-XXL,6,0,0,1
REBEL MASS EXPORT PVT LTD,AW24JKT0012-0004490 BOTLE GREEN,0004490-XL,XL,,0004490-XL,6,0,0,0
REBEL MASS EXPORT PVT LTD,AW24JKT0016-0006623 BLACK,0006623-4XL,4XL,,0006623-4XL,6,0,0,0
REBEL MASS EXPORT PVT LTD,AW24JKT0016-0007128 BEIGE,0007128-XXL,XXL,,0007128-XXL,6,0,0,0
REBEL MASS EXPORT PVT LTD,AW24JKT0016-0007130 BLK/BEIGE,0007130-L,L,,0007130-L,6,0,0,0
REBEL MASS EXPORT PVT LTD,AW24LC0002-0002805 D.GREY,0002805-96.52CM(38),96.52CM (38),,0002805-96.52CM(38),6,0,0,0
REBEL MASS EXPORT PVT LTD,AW24PO0001-0003562 MAROON,0003562-XL,XL,,0003562-XL,6,0,0,0
REBEL MASS EXPORT PVT LTD,AW24PO0001-0003568 BLUE,0003568-XL,XL,,0003568-XL,6,0,0,0
REBEL MASS EXPORT PVT LTD,AW24PO0002-0003574 MAROON,0003574-XL,XL,,0003574-XL,6,0,0,0
REBEL MASS EXPORT PVT LTD,AW24PO0002-0003579 BLUE,0003579-L,L,,0003579-L,6,0,0,0
REBEL MASS EXPORT PVT LTD,AW24PO0005-0005251 CREAM,0005251-M,M,,0005251-M,6,0,0,0
REBEL MASS EXPORT PVT LTD,AW24PO0005-0005253 CREAM,0005253-XL,XL,,0005253-XL,6,0,0,0
REBEL MASS EXPORT PVT LTD,AW24PO0006-0004732 MUSTARD,0004732-M,M,,0004732-M,6,0,0,0
REBEL MASS EXPORT PVT LTD,AW24PO0006-0004734 MUSTARD,0004734-XL,XL,,0004734-XL,6,0,0,0
REBEL MASS EXPORT PVT LTD,AW24PO0007-0005598 PEACH,0005598-XL,XL,,0005598-XL,6,0,0,0
REBEL MASS EXPORT PVT LTD,AW24PO0008-0005614 PINK,0005614-M,M,,0005614-M,6,0,0,0
REBEL MASS EXPORT PVT LTD,AW24S20002-0004886 GREY,0004886-106.68CM(42),106.68CM (42),,0004886-106.68CM(42),6,0,0,0
REBEL MASS EXPORT PVT LTD,AW24S20002-0004890 WINE,0004890-106.68CM(42),106.68CM (42),,0004890-106.68CM(42),6,0,0,0
REBEL MASS EXPORT PVT LTD,AW24S30001-0003822 D.GREY,0003822-106.68CM(42),106.68CM (42),,0003822-106.68CM(42),6,0,0,0
REBEL MASS EXPORT PVT LTD,AW24S30001-0003826 GREY,0003826-106.68CM(42),106.68CM (42),,0003826-106.68CM(42),6,0,0,0
REBEL MASS EXPORT PVT LTD,AW24S30005-0004116 BLACK,0004116-106.68CM(42),106.68CM (42),,0004116-106.68CM(42),6,0,0,0
REBEL MASS EXPORT PVT LTD,AW24SH0004-0002092 PINK,0002092-XXL,XXL,,0002092-XXL,6,0,0,0
REBEL MASS EXPORT PVT LTD,AW24SH0007-0002139 WHITE,0002139-M,M,,0002139-M,6,0,0,0
REBEL MASS EXPORT PVT LTD,AW24SH0007-0002505 BEIGE,0002505-3XL,3XL,,0002505-3XL,6,0,0,0
REBEL MASS EXPORT PVT LTD,AW24SH0008-0002153 TEAL,0002153-3XL,3XL,,0002153-3XL,6,0,0,0
REBEL MASS EXPORT PVT LTD,AW24SH0008-0002154 WHITE,0002154-M,M,,0002154-M,6,0,0,0
REBEL MASS EXPORT PVT LTD,AW24SH0008-0002155 WHITE,0002155-L,L,,0002155-L,6,0,0,0
REBEL MASS EXPORT PVT LTD,AW24SH0013-0002206 WHITE,0002206-L,L,,0002206-L,6,0,0,0
REBEL MASS EXPORT PVT LTD,AW24SH0016-0002229 INDIGO.,0002229-M,M,,0002229-M,6,0,0,0
REBEL MASS EXPORT PVT LTD,AW24SH0018-0002243 CREAM,0002243-XL,XL,,0002243-XL,6,0,0,0
REBEL MASS EXPORT PVT LTD,AW24SH0020-0002259 LEMON,0002259-XL,XL,,0002259-XL,6,0,0,0
REBEL MASS EXPORT PVT LTD,AW24SH0020-0002262 SEA GREEN,0002262-L,L,,0002262-L,6,0,0,0
REBEL MASS EXPORT PVT LTD,AW24SH0020-0002264 SEA GREEN,0002264-XXL,XXL,,0002264-XXL,6,0,0,0
REBEL MASS EXPORT PVT LTD,AW24SH0021-0002287 CREAM,0002287-XL,XL,,0002287-XL,6,0,0,0
REBEL MASS EXPORT PVT LTD,AW24SH0021-0002315 L.GREY,0002315-XL,XL,,0002315-XL,6,0,0,0
REBEL MASS EXPORT PVT LTD,AW24SH0021-0002355 GREY,0002355-XL,XL,,0002355-XL,6,0,0,0
REBEL MASS EXPORT PVT LTD,AW24SH0022-0002327 GREEN,0002327-XL,XL,,0002327-XL,6,0,0,0
REBEL MASS EXPORT PVT LTD,AW24SH0022-0002331 GREY,0002331-XL,XL,,0002331-XL,6,0,0,0
REBEL MASS EXPORT PVT LTD,AW24SH0024-0002340 BLUE,0002340-XXL,XXL,,0002340-XXL,6,0,0,0
REBEL MASS EXPORT PVT LTD,AW24SH0027-0002350 L.BLUE,0002350-L,L,,0002350-L,6,0,0,0
REBEL MASS EXPORT PVT LTD,AW24SH0027-0002351 L.BLUE,0002351-XL,XL,,0002351-XL,6,0,0,0
REBEL MASS EXPORT PVT LTD,AW24SH0029-0002967 GREEN,0002967-L,L,,0002967-L,6,0,0,0
REBEL MASS EXPORT PVT LTD,AW24SH0030-0002379 PINK,0002379-XL,XL,,0002379-XL,6,0,0,0
REBEL MASS EXPORT PVT LTD,AW24SH0031-0002017 PEACH,0002017-L,L,,0002017-L,6,0,0,0
REBEL MASS EXPORT PVT LTD,AW24SH0031-0002676 FAWN,0002676-L,L,,0002676-L,6,0,0,0
REBEL MASS EXPORT PVT LTD,AW24SH0031-0002689 GREY,0002689-XL,XL,,0002689-XL,6,0,0,0
REBEL MASS EXPORT PVT LTD,AW24SH0035-0002728 WHITE,0002728-L,L,,0002728-L,6,0,0,0
REBEL MASS EXPORT PVT LTD,AW24SH0035-0002735 GREEN,0002735-M,M,,0002735-M,6,0,0,0
REBEL MASS EXPORT PVT LTD,AW24SH0035-0002737 GREEN,0002737-XL,XL,,0002737-XL,6,0,0,0
REBEL MASS EXPORT PVT LTD,AW24SH0037-0002874 ROYAL.GREEN,0002874-M,M,,0002874-M,6,0,0,0
REBEL MASS EXPORT PVT LTD,AW24SH0037-0002881 SKY BLUE,0002881-XXL,XXL,,0002881-XXL,6,0,0,0
REBEL MASS EXPORT PVT LTD,AW24SH0037-0002887 BLUE,0002887-L,L,,0002887-L,6,0,0,0
REBEL MASS EXPORT PVT LTD,AW24SH0037-0002911 GOLDEN,0002911-L,L,,0002911-L,6,0,0,0
REBEL MASS EXPORT PVT LTD,AW24SH0038-0002928 SKY BLUE,0002928-XL,XL,,0002928-XL,6,0,0,0
REBEL MASS EXPORT PVT LTD,AW24SH0039-0002932 LEMON,0002932-XL,XL,,0002932-XL,6,0,0,0
REBEL MASS EXPORT PVT LTD,AW24SH0040-0002940 WHITE,0002940-XL,XL,,0002940-XL,6,0,0,0
REBEL MASS EXPORT PVT LTD,AW24SH0043-0002981 SKY BLUE,0002981-XXL,XXL,,0002981-XXL,6,0,0,0
REBEL MASS EXPORT PVT LTD,AW24SH0046-0003218 PEACH,0003218-XL,XL,,0003218-XL,6,0,0,0
REBEL MASS EXPORT PVT LTD,AW24SH0046-0003220 BLUE,0003220-M,M,,0003220-M,6,0,0,0
REBEL MASS EXPORT PVT LTD,AW24SH0046-0003232 MULTI,0003232-M,M,,0003232-M,6,0,0,0
REBEL MASS EXPORT PVT LTD,AW24SH0047-0003248 BEIGE,0003248-M,M,,0003248-M,6,0,0,0
REBEL MASS EXPORT PVT LTD,AW24SH0049-0003268 BLUE,0003268-M,M,,0003268-M,6,0,0,0
REBEL MASS EXPORT PVT LTD,AW24SH0049-0003270 BLUE,0003270-XL,XL,,0003270-XL,6,0,0,0
REBEL MASS EXPORT PVT LTD,AW24SH0049-0003276 WHT/BEIGE,0003276-M,M,,0003276-M,6,0,0,0
REBEL MASS EXPORT PVT LTD,AW24SH0050-0003631 CREAM,0003631-XL,XL,,0003631-XL,6,0,0,0
REBEL MASS EXPORT PVT LTD,AW24SH0051-0003286 BLUE,0003286-XL,XL,,0003286-XL,6,0,0,0
REBEL MASS EXPORT PVT LTD,AW24SH0054-0003310 WHITE,0003310-XL,XL,,0003310-XL,6,0,0,0
REBEL MASS EXPORT PVT LTD,AW24SH0056-0003328 MULTI/WHT,0003328-M,M,,0003328-M,6,0,0,0
REBEL MASS EXPORT PVT LTD,AW24SH0056-0003331 MULTI/WHT,0003331-XXL,XXL,,0003331-XXL,6,0,0,0
REBEL MASS EXPORT PVT LTD,AW24SH0058-0003341 WHT/BLACK,0003341-L,L,,0003341-L,6,0,0,0
REBEL MASS EXPORT PVT LTD,AW24SH0058-0003346 WHT/YELLOW,0003346-XL,XL,,0003346-XL,6,0,0,0
REBEL MASS EXPORT PVT LTD,AW24SH0058-0003347 WHT/YELLOW,0003347-XXL,XXL,,0003347-XXL,6,0,0,0
REBEL MASS EXPORT PVT LTD,AW24SH0059-0003349 WHITE,0003349-L,L,,0003349-L,6,0,0,0
REBEL MASS EXPORT PVT LTD,AW24SH0060-0003359 WHT/PINK,0003359-XXL,XXL,,0003359-XXL,6,0,0,0
REBEL MASS EXPORT PVT LTD,AW24SH0060-0003360 WHT/YELLOW,0003360-M,M,,0003360-M,6,0,0,0
REBEL MASS EXPORT PVT LTD,AW24SH0061-0003367 WHITE,0003367-XL,XL,,0003367-XL,6,0,0,0
REBEL MASS EXPORT PVT LTD,AW24SH0075-0004053 WHITE,0004053-XXL,XXL,,0004053-XXL,6,0,0,0
REBEL MASS EXPORT PVT LTD,AW24SH0077-0004061 WHITE,0004061-XXL,XXL,,0004061-XXL,6,0,0,0
REBEL MASS EXPORT PVT LTD,AW24SH0079-0004076 BLACK,0004076-XL,XL,,0004076-XL,6,0,0,0
REBEL MASS EXPORT PVT LTD,AW24SH0083-0004170 BLUE,0004170-XXL,XXL,,0004170-XXL,6,0,0,0
REBEL MASS EXPORT PVT LTD,AW24SH0083-0004179 BEIGE,0004179-M,M,,0004179-M,6,0,0,0
REBEL MASS EXPORT PVT LTD,AW24SH0083-0004190 SEA GREEN,0004190-XXL,XXL,,0004190-XXL,6,0,0,0
REBEL MASS EXPORT PVT LTD,AW24SH0085-0004223 GREY,0004223-M,M,,0004223-M,6,0,0,0
REBEL MASS EXPORT PVT LTD,AW24SH0085-0004226 GREY,0004226-XXL,XXL,,0004226-XXL,6,0,0,0
REBEL MASS EXPORT PVT LTD,AW24SH0086-0004500 GREY,0004500-M,M,,0004500-M,6,0,0,0
REBEL MASS EXPORT PVT LTD,AW24SH0088-0004543 P.GREEN,0004543-XXL,XXL,,0004543-XXL,6,0,0,0
REBEL MASS EXPORT PVT LTD,AW24SH0089-0004569 GREY,0004569-L,L,,0004569-L,6,0,0,0
REBEL MASS EXPORT PVT LTD,AW24SH0089-0004575 WINE,0004575-XXL,XXL,,0004575-XXL,6,0,0,0
REBEL MASS EXPORT PVT LTD,AW24SH0089-0004578 BLUE,0004578-XL,XL,,0004578-XL,6,0,0,0
REBEL MASS EXPORT PVT LTD,AW24SH0090-0004600 SEA GREEN,0004600-M,M,,0004600-M,6,0,0,0
REBEL MASS EXPORT PVT LTD,AW24SH0090-0004603 SEA GREEN,0004603-XXL,XXL,,0004603-XXL,6,0,0,0
REBEL MASS EXPORT PVT LTD,AW24SH0092-0004629 WHITE,0004629-L,L,,0004629-L,6,0,0,0
REBEL MASS EXPORT PVT LTD,AW24SH0093-0004646 NAVY,0004646-XL,XL,,0004646-XL,6,0,0,0
REBEL MASS EXPORT PVT LTD,AW24SH0093-0004649 BLACK,0004649-L,L,,0004649-L,6,0,0,0
REBEL MASS EXPORT PVT LTD,AW24SH0094-0004667 YELLOW,0004667-XXL,XXL,,0004667-XXL,6,0,0,0
REBEL MASS EXPORT PVT LTD,AW24SH0094-0004674 BLUE,0004674-XL,XL,,0004674-XL,6,0,0,0
REBEL MASS EXPORT PVT LTD,AW24SH0094-0004698 L.GREY,0004698-XL,XL,,0004698-XL,6,0,0,0
REBEL MASS EXPORT PVT LTD,AW24SH0094-0004699 L.GREY,0004699-XXL,XXL,,0004699-XXL,6,0,0,0
REBEL MASS EXPORT PVT LTD,AW24SH0094-0004704 CREAM,0004704-M,M,,0004704-M,6,0,0,0
REBEL MASS EXPORT PVT LTD,AW24SH0094-0004707 CREAM,0004707-XXL,XXL,,0004707-XXL,6,0,0,0
REBEL MASS EXPORT PVT LTD,AW24SH0096-0004789 OLIVE,0004789-L,L,,0004789-L,6,0,0,0
REBEL MASS EXPORT PVT LTD,AW24SH0096-0004791 OLIVE,0004791-XXL,XXL,,0004791-XXL,6,0,0,0
REBEL MASS EXPORT PVT LTD,AW24SH0097-0004797 GREY,0004797-L,L,,0004797-L,6,0,0,0
REBEL MASS EXPORT PVT LTD,AW24SH0097-0004811 WINE,0004811-XXL,XXL,,0004811-XXL,6,0,0,0
REBEL MASS EXPORT PVT LTD,AW24SH0103-0005285 WHT/RED,0005285-XL,XL,,0005285-XL,6,0,0,0
REBEL MASS EXPORT PVT LTD,AW24SH0108-0005340 BEIGE,0005340-XL,XL,,0005340-XL,6,0,0,0
REBEL MASS EXPORT PVT LTD,AW24SH0108-0005361 SEA GREEN,0005361-XXL,XXL,,0005361-XXL,6,0,0,0
REBEL MASS EXPORT PVT LTD,AW24SH0108-0008022 BLACK,0008022-L,L,,0008022-L,6,0,0,0
REBEL MASS EXPORT PVT LTD,AW24SH0109-0005343 BROWN,0005343-L,L,,0005343-L,6,0,0,0
REBEL MASS EXPORT PVT LTD,AW24SH0110-0005460 GREY,0005460-M,M,,0005460-M,6,0,0,0
REBEL MASS EXPORT PVT LTD,AW24SH0110-0005467 SKY BLUE,0005467-XXL,XXL,,0005467-XXL,6,0,0,0
REBEL MASS EXPORT PVT LTD,AW24SH0110-0005483 YELLOW,0005483-XXL,XXL,,0005483-XXL,6,0,0,0
REBEL MASS EXPORT PVT LTD,AW24SH0115-0005507 YELLOW,0005507-XXL,XXL,,0005507-XXL,6,0,0,0
REBEL MASS EXPORT PVT LTD,AW24SH0119-0005539 GREY,0005539-XXL,XXL,,0005539-XXL,6,0,0,0
REBEL MASS EXPORT PVT LTD,AW24SH0119-0005540 GREEN,0005540-M,M,,0005540-M,6,0,0,0
REBEL MASS EXPORT PVT LTD,AW24SH0122-0005623 SKY BLUE,0005623-M,M,,0005623-M,6,0,0,0
REBEL MASS EXPORT PVT LTD,AW24SH0122-0005626 SKY BLUE,0005626-XXL,XXL,,0005626-XXL,6,0,0,0
REBEL MASS EXPORT PVT LTD,AW24SH0125-0005635 SKY BLUE,0005635-M,M,,0005635-M,6,0,0,0
REBEL MASS EXPORT PVT LTD,AW24SH0129-0005652 SKY BLUE,0005652-L,L,,0005652-L,6,0,0,0
REBEL MASS EXPORT PVT LTD,AW24SH0139-0005693 WHITE,0005693-XL,XL,,0005693-XL,6,0,0,0
REBEL MASS EXPORT PVT LTD,AW24SH0146-0005726 SKY BLUE,0005726-XXL,XXL,,0005726-XXL,6,0,0,0
REBEL MASS EXPORT PVT LTD,AW24SH0147-0005836 NAVY,0005836-XXL,XXL,,0005836-XXL,6,0,0,0
REBEL MASS EXPORT PVT LTD,AW24SH0147-0005840 BLACK,0005840-XXL,XXL,,0005840-XXL,6,0,0,0
REBEL MASS EXPORT PVT LTD,AW24SH0148-0005845 BLACK,0005845-M,M,,0005845-M,6,0,0,0
REBEL MASS EXPORT PVT LTD,AW24SH0151-0005864 RED,0005864-XXL,XXL,,0005864-XXL,6,0,0,0
REBEL MASS EXPORT PVT LTD,AW24SH0154-0005897 NAVY,0005897-M,M,,0005897-M,6,0,0,0
REBEL MASS EXPORT PVT LTD,AW24SH0156-0005944 GREEN,0005944-XXL,XXL,,0005944-XXL,6,0,0,0
REBEL MASS EXPORT PVT LTD,AW24SH0158-0005954 GREY,0005954-L,L,,0005954-L,6,0,0,0
REBEL MASS EXPORT PVT LTD,AW24SH0159-0005961 TURQ,0005961-M,M,,0005961-M,6,0,0,0
REBEL MASS EXPORT PVT LTD,AW24SH0161-0005985 PEACH,0005985-M,M,,0005985-M,6,0,0,0
REBEL MASS EXPORT PVT LTD,AW24SH0161-0006000 T.BLUE,0006000-XXL,XXL,,0006000-XXL,6,0,0,0
REBEL MASS EXPORT PVT LTD,AW24SH0162-0006003 LEMON,0006003-XL,XL,,0006003-XL,6,0,0,0
REBEL MASS EXPORT PVT LTD,AW24SH0162-0006010 PINK,0006010-L,L,,0006010-L,6,0,0,0
REBEL MASS EXPORT PVT LTD,AW24SH0162-0006020 PURPLE,0006020-XXL,XXL,,0006020-XXL,6,0,0,0
REBEL MASS EXPORT PVT LTD,AW24SH0163-0006022 TURQ,0006022-L,L,,0006022-L,6,0,0,0
REBEL MASS EXPORT PVT LTD,AW24SH0170-0006069 WHITE,0006069-M,M,,0006069-M,6,0,0,0
REBEL MASS EXPORT PVT LTD,AW24SH0175-0006122 L.GREY,0006122-L,L,,0006122-L,6,0,0,0
REBEL MASS EXPORT PVT LTD,AW24SH0176-0006128 PINK,0006128-XXL,XXL,,0006128-XXL,6,0,0,0
REBEL MASS EXPORT PVT LTD,AW24SH0177-0006140 P.GREEN,0006140-XXL,XXL,,0006140-XXL,6,0,0,0
REBEL MASS EXPORT PVT LTD,AW24SH0178-0006153 SKY BLUE,0006153-M,M,,0006153-M,6,0,0,0
REBEL MASS EXPORT PVT LTD,AW24SH0179-0006181 MAHROON,0006181-M,M,,0006181-M,6,0,0,0
REBEL MASS EXPORT PVT LTD,AW24SH0179-0006188 NAVY,0006188-XXL,XXL,,0006188-XXL,6,0,0,0
REBEL MASS EXPORT PVT LTD,AW24SH0179-0006192 WINE,0006192-XXL,XXL,,0006192-XXL,6,0,0,0
REBEL MASS EXPORT PVT LTD,AW24SH0180-0006193 WHITE,0006193-M,M,,0006193-M,6,0,0,0
REBEL MASS EXPORT PVT LTD,AW24SH0180-0006197 NAVY,0006197-M,M,,0006197-M,6,0,0,0
REBEL MASS EXPORT PVT LTD,AW24SH0182-0006222 PINK,0006222-L,L,,0006222-L,6,0,0,0
REBEL MASS EXPORT PVT LTD,AW24SH0183-0006226 GREY,0006226-L,L,,0006226-L,6,0,0,0
REBEL MASS EXPORT PVT LTD,AW24SH0185-0006247 BEIGE,0006247-XL,XL,,0006247-XL,6,0,0,0
REBEL MASS EXPORT PVT LTD,AW24SH0186-0006250 D.GREY,0006250-L,L,,0006250-L,6,0,0,0
REBEL MASS EXPORT PVT LTD,AW24SH0186-0006254 MAHROON,0006254-L,L,,0006254-L,6,0,0,0
REBEL MASS EXPORT PVT LTD,AW24SH0187-0006259 BLACK,0006259-XL,XL,,0006259-XL,6,0,0,0
REBEL MASS EXPORT PVT LTD,AW24SH0188-0006270 PINK,0006270-L,L,,0006270-L,6,0,0,0
REBEL MASS EXPORT PVT LTD,AW24SH0188-0006271 PINK,0006271-XL,XL,,0006271-XL,6,0,0,0
REBEL MASS EXPORT PVT LTD,AW24SH0191-0006302 BLACK,0006302-L,L,,0006302-L,6,0,0,0
REBEL MASS EXPORT PVT LTD,AW24SK0001-0002446 CREAM,0002446-XL,XL,,0002446-XL,6,0,0,0
REBEL MASS EXPORT PVT LTD,AW24SK0001-0002453 GREEN,0002453-L,L,,0002453-L,6,0,0,0
REBEL MASS EXPORT PVT LTD,AW24SK0001-0002464 BROWN,0002464-M,M,,0002464-M,6,0,0,0
REBEL MASS EXPORT PVT LTD,AW24SK0001-0002472 GREY,0002472-M,M,,0002472-M,6,0,0,0
REBEL MASS EXPORT PVT LTD,AW24SK0001-0002473 GREY,0002473-L,L,,0002473-L,6,0,0,0
REBEL MASS EXPORT PVT LTD,AW24SS0018-0005316 ANTRA,0005316-4XL,4XL,,0005316-4XL,6,0,0,0
REBEL MASS EXPORT PVT LTD,AW24SS0021-0006337 CREAM,0006337-M,M,,0006337-M,6,0,0,0
REBEL MASS EXPORT PVT LTD,AW24SS0021-0006341 WHITE,0006341-M,M,,0006341-M,6,0,0,0
REBEL MASS EXPORT PVT LTD,AW24SS0022-0006409 RED,0006409-XXL,XXL,,0006409-XXL,6,0,0,0
REBEL MASS EXPORT PVT LTD,AW24SS0023-0006367 OLIVE,0006367-XL,XL,,0006367-XL,6,0,0,0
REBEL MASS EXPORT PVT LTD,AW24SS0023-0006370 OLIVE,0006370-L,L,,0006370-L,6,0,0,0
REBEL MASS EXPORT PVT LTD,AW24SS0024-0006510 D.NAVY,0006510-XL,XL,,0006510-XL,6,0,0,0
REBEL MASS EXPORT PVT LTD,AW24TK0003-0006358 BROWN,0006358-L,L,,0006358-L,6,0,0,2
REBEL MASS EXPORT PVT LTD,AW24TK0005-0007092 GREY,0007092-XXL,XXL,,0007092-XXL,6,0,0,0
REBEL MASS EXPORT PVT LTD,AW24TS0002-0006385 MAHROON,0006385-M,M,,0006385-M,6,0,0,0
REBEL MASS EXPORT PVT LTD,AW24TS0002-0006388 MAHROON,0006388-XXL,XXL,,0006388-XXL,6,0,0,0
REBEL MASS EXPORT PVT LTD,AW24TS0003-0006400 GREY,0006400-XXL,XXL,,0006400-XXL,6,0,0,0
REBEL MASS EXPORT PVT LTD,AW24TS0003-0006401 YELLOW,0006401-M,M,,0006401-M,6,0,0,0
REBEL MASS EXPORT PVT LTD,AW24TX0001-0004322 CHARCOAL,0004322-96.52CM(38),96.52CM (38),,0004322-96.52CM(38),6,0,0,0
REBEL MASS EXPORT PVT LTD,AW24WL0001-0003779 D.GREY,0003779-XXL,XXL,,0003779-XXL,6,0,0,0
REBEL MASS EXPORT PVT LTD,AW24WL0002-0003785 MAROON,0003785-L,L,,0003785-L,6,0,0,0
REBEL MASS EXPORT PVT LTD,AW24WL0002-0003786 MAROON,0003786-XL,XL,,0003786-XL,6,0,0,0
REBEL MASS EXPORT PVT LTD,AW24WL0002-0003791 MUSTARD,0003791-XXL,XXL,,0003791-XXL,6,0,0,0
REBEL MASS EXPORT PVT LTD,BELT0002-0001799 BAIGE,0001799-120CM,120 CM,,0001799-120CM,6,0,0,0
REBEL MASS EXPORT PVT LTD,BELT0002-0001827 BLACK,0001827-120CM,120 CM,,0001827-120CM,6,0,0,0
REBEL MASS EXPORT PVT LTD,BELT0004-0001840 BLACK,0001840-120CM,120 CM,,0001840-120CM,6,0,0,0
REBEL MASS EXPORT PVT LTD,BELT0007-0001863 BLACK,0001863-115CM,115 CM,,0001863-115CM,6,0,0,0
REBEL MASS EXPORT PVT LTD,BELT0008-0001865 BLACK,0001865-104CM,104 CM,,0001865-104CM,6,0,0,0
REBEL MASS EXPORT PVT LTD,BELT0008-0001867 BLACK,0001867-115CM,115 CM,,0001867-115CM,6,0,0,0
REBEL MASS EXPORT PVT LTD,BELT0008-0001872 ALL BROWN,0001872-120CM,120 CM,,0001872-120CM,6,0,0,0
REBEL MASS EXPORT PVT LTD,BELT25-18-0002-0008044 BLACK,0008044-125CM,125CM,,0008044-125CM,6,0,0,0
REBEL MASS EXPORT PVT LTD,BELT25-18-0004-0008063 BROWN,0008063-120CM,120 CM,BROWN,0008063-120CM,6,0,0,0
REBEL MASS EXPORT PVT LTD,BELT25-18-0004-0008064 BROWN,0008064-125CM,125CM,BROWN,0008064-125CM,6,0,0,0
REBEL MASS EXPORT PVT LTD,BELT25-18-0005 BLACK,DA0570-125CM,125 CM,BLACK,DA0570-125CM,6,0,0,0
REBEL MASS EXPORT PVT LTD,BLZ25-0007 BEIGE/MARON,DA0628-111.76CM(44),111.76CM (44),,DA0628-111.76CM(44),6,0,0,0
REBEL MASS EXPORT PVT LTD,BLZ25-0007 BEIGE/MARON,DA0625-96.52CM(38),96.52CM (38),,DA0625-96.52CM(38),6,0,0,0
REBEL MASS EXPORT PVT LTD,BLZ25-0008 WHT/BLUE,DA0630-101.6CM(40),101.6CM (40),,DA0630-101.6CM(40),6,0,0,0
REBEL MASS EXPORT PVT LTD,BLZ25-0009 BLACK,DA0807-96.52CM(38),96.52CM (38),,DA0807-96.52CM(38),6,0,0,0
REBEL MASS EXPORT PVT LTD,BLZ25-0013 BEIGE,DA1383-96.52CM(38),96.52CM (38),,DA1383-96.52CM(38),6,0,0,0
REBEL MASS EXPORT PVT LTD,BLZ25-0013 L.BLUE,DA1398-111.76CM(44),111.76CM (44),,DA1398-111.76CM(44),6,0,0,0
REBEL MASS EXPORT PVT LTD,BLZ25-0013 OFF WHITE,DA1394-111.76CM(44),111.76CM (44),,DA1394-111.76CM(44),6,0,0,0
REBEL MASS EXPORT PVT LTD,BLZ25-0015 M.GREY,DA1410-111.76CM(44),111.76CM (44),,DA1410-111.76CM(44),6,0,0,0
REBEL MASS EXPORT PVT LTD,BLZ25-0016 NAVY,DA1413-106.68CM(42),106.68CM (42),,DA1413-106.68CM(42),6,0,0,0
REBEL MASS EXPORT PVT LTD,BLZ25-40-0001-0008137 NAVY,0008137-101.6CM(40),101.6CM (40),,0008137-101.6CM(40),6,0,0,0
REBEL MASS EXPORT PVT LTD,BLZ25-40-0004-0008152 GREY,0008152-101.6CM(40),101.6CM (40),,0008152-101.6CM(40),6,0,0,0
REBEL MASS EXPORT PVT LTD,BLZ25-40-0005-0008156 BROWN,0008156-96.52CM(38),96.52CM (38),,0008156-96.52CM(38),6,0,0,0
REBEL MASS EXPORT PVT LTD,CJKT25-15-0001-0007120 NAVY,0007120-XXL,XXL,,0007120-XXL,6,0,0,0
REBEL MASS EXPORT PVT LTD,CPO25-44-0001-0007568 BLACK,0007568-XL,XL,,0007568-XL,6,0,0,0
REBEL MASS EXPORT PVT LTD,CPO25-44-0001-0007569 BROWN,0007569-M,M,,0007569-M,6,0,0,0
REBEL MASS EXPORT PVT LTD,CPO25-44-0002-0007585 BLACK,0007585-L,L,,0007585-L,6,0,0,0
REBEL MASS EXPORT PVT LTD,CRC25-0002-0006808 CREAM,0006808-81.28CM(32),81.28CM (32),,0006808-81.28CM(32),6,0,0,0
REBEL MASS EXPORT PVT LTD,CRC25-0002-0006810 CREAM,0006810-91.44CM(36),91.44CM (36),,0006810-91.44CM(36),6,0,0,0
REBEL MASS EXPORT PVT LTD,CRC25-0002-0006819 NAVY,0006819-76.20CM(30),76.20CM (30),,0006819-76.20CM(30),6,0,0,0
REBEL MASS EXPORT PVT LTD,CRC25-0002-0007624 GREY,0007624-91.44CM(36),91.44CM (36),,0007624-91.44CM(36),6,0,0,0
REBEL MASS EXPORT PVT LTD,CRC25-0002-0007625 GREY,0007625-96.52CM(38),96.52CM (38),,0007625-96.52CM(38),6,0,0,0
REBEL MASS EXPORT PVT LTD,CRC25-0002-0007640 OLIVE,0007640-81.28CM(32),81.28CM (32),,0007640-81.28CM(32),6,0,0,0
REBEL MASS EXPORT PVT LTD,CRC25-0004 GREEN,DA0010-86.36CM(34),86.36CM (34),,DA0010-86.36CM(34),6,0,0,0
REBEL MASS EXPORT PVT LTD,CRC25-0004 L.GREEN,DA0473-81.28CM(32),81.28CM (32),,DA0473-81.28CM(32),6,0,0,0
REBEL MASS EXPORT PVT LTD,CRC25-0004 L.YELLOW,DA0056-76.20CM(30),76.20CM (30),,DA0056-76.20CM(30),6,0,0,0
REBEL MASS EXPORT PVT LTD,CRC25-0004 L.YELLOW,DA0057-81.28CM(32),81.28CM (32),,DA0057-81.28CM(32),6,0,0,0
REBEL MASS EXPORT PVT LTD,CRC25-0004A NAVY,DA0225-71.12CM(28),71.12CM (28),,DA0225-71.12CM(28),6,0,0,0
REBEL MASS EXPORT PVT LTD,CRC25-0005 BLACK,DA0246-86.36CM(34),86.36CM (34),,DA0246-86.36CM(34),6,0,0,0
REBEL MASS EXPORT PVT LTD,CRC25-0005 GREEN,DA0480-86.36CM(34),86.36CM (34),,DA0480-86.36CM(34),6,0,0,0
REBEL MASS EXPORT PVT LTD,CRC25-0005 GREY,DA0263-81.28CM(32),81.28CM (32),,DA0263-81.28CM(32),6,0,0,0
REBEL MASS EXPORT PVT LTD,CRC25-0005 KHAKI,DA0276-86.36CM(34),86.36CM (34),,DA0276-86.36CM(34),6,0,0,0
REBEL MASS EXPORT PVT LTD,CRC25-0005 L.GREY,DA0270-86.36CM(34),86.36CM (34),,DA0270-86.36CM(34),6,0,0,0
REBEL MASS EXPORT PVT LTD,CRC25-0005 NAVY,DA0252-86.36CM(34),86.36CM (34),,DA0252-86.36CM(34),6,0,0,0
REBEL MASS EXPORT PVT LTD,CRC25-0005 PISTA,DA0242-96.52CM(38),96.52CM (38),,DA0242-96.52CM(38),6,0,0,0
REBEL MASS EXPORT PVT LTD,CRC25-0006 BLACK,DA0323-81.28CM(32),81.28CM (32),,DA0323-81.28CM(32),6,0,0,0
REBEL MASS EXPORT PVT LTD,CRC25-0006 NAVY,DA0290-96.52CM(38),96.52CM (38),,DA0290-96.52CM(38),6,0,0,0
REBEL MASS EXPORT PVT LTD,CRC25-0006 OLIVE,DA0297-86.36CM(34),86.36CM (34),,DA0297-86.36CM(34),6,0,0,0
REBEL MASS EXPORT PVT LTD,CRC25-0006 SKY BLUE,DA0317-96.52CM(38),96.52CM (38),,DA0317-96.52CM(38),6,0,0,0
REBEL MASS EXPORT PVT LTD,CRC25-0007 NAVY,DA0336-101.6CM(40),101.6CM (40),,DA0336-101.6CM(40),6,0,0,0
REBEL MASS EXPORT PVT LTD,CRC25-0007 NAVY,DA0333-86.36CM(34),86.36CM (34),,DA0333-86.36CM(34),6,0,0,0
REBEL MASS EXPORT PVT LTD,CRC25-0007 NAVY,DA0335-96.52CM(38),96.52CM (38),,DA0335-96.52CM(38),6,0,0,0
REBEL MASS EXPORT PVT LTD,CRC25-0007 OLIVE,DA0342-86.36CM(34),86.36CM (34),,DA0342-86.36CM(34),6,0,0,0
REBEL MASS EXPORT PVT LTD,CRC25-0008 GREEN,DA0406-91.44CM(36),91.44CM (36),,DA0406-91.44CM(36),6,0,0,0
REBEL MASS EXPORT PVT LTD,CRC25-0008 GREY,DA0399-101.6CM(40),101.6CM (40),,DA0399-101.6CM(40),6,0,0,0
REBEL MASS EXPORT PVT LTD,CRC25-0008 GREY,DA0400-106.68CM(42),106.68CM (42),,DA0400-106.68CM(42),6,0,0,0
REBEL MASS EXPORT PVT LTD,CRC25-0008 MUSTARD,DA0391-106.68CM(42),106.68CM (42),,DA0391-106.68CM(42),6,0,0,0
REBEL MASS EXPORT PVT LTD,CRC25-0008 NAVY,DA0376-76.20CM(30),76.20CM (30),,DA0376-76.20CM(30),6,0,0,0
REBEL MASS EXPORT PVT LTD,CRC25-0008 NAVY,DA0380-96.52CM(38),96.52CM (38),,DA0380-96.52CM(38),6,0,0,0
REBEL MASS EXPORT PVT LTD,CRC25-0009 MUSTARD,DA0431-81.28CM(32),81.28CM (32),,DA0431-81.28CM(32),6,0,0,0
REBEL MASS EXPORT PVT LTD,CRC25-0009 NAVY,DA0423-86.36CM(34),86.36CM (34),,DA0423-86.36CM(34),6,0,0,0
REBEL MASS EXPORT PVT LTD,CRC25-0010 CREAM,DA3293-91.44CM(36),91.44CM (36),,DA3293-91.44CM(36),6,0,0,0
REBEL MASS EXPORT PVT LTD,CRC25-0010 CREAM,DA3294-96.52CM(38),96.52CM (38),,DA3294-96.52CM(38),6,0,0,0
REBEL MASS EXPORT PVT LTD,CRC25-0010 GREY,DA2517-76.20CM(30),76.20CM (30),,DA2517-76.20CM(30),6,0,0,0
REBEL MASS EXPORT PVT LTD,CRC25-0010 GREY,DA2520-91.44CM(36),91.44CM (36),,DA2520-91.44CM(36),6,0,0,0
REBEL MASS EXPORT PVT LTD,CRC25-0010 L.GREY,DA2523-76.20CM(30),76.20CM (30),,DA2523-76.20CM(30),6,0,0,0
REBEL MASS EXPORT PVT LTD,CRC25-18-0003 D.OLIVE,DA0206-101.6CM(40),101.6CM (40),,DA0206-101.6CM(40),6,0,0,0
REBEL MASS EXPORT PVT LTD,CRC25-18-0003 FIROZI,DA0218-101.6CM(40),101.6CM (40),,DA0218-101.6CM(40),6,0,0,0
REBEL MASS EXPORT PVT LTD,CRC25-18-0003 FIROZI,DA0217-96.52CM(38),96.52CM (38),,DA0217-96.52CM(38),6,0,0,0
REBEL MASS EXPORT PVT LTD,CRC25-18-0003 KHAKI,DA0790-96.52CM(38),96.52CM (38),,DA0790-96.52CM(38),6,0,0,0
REBEL MASS EXPORT PVT LTD,CRC25-18-0003 PISTA,DA0638-101.6CM(40),101.6CM (40),,DA0638-101.6CM(40),6,0,0,0
REBEL MASS EXPORT PVT LTD,CRC25-18-0003 TAN,DA0798-101.6CM(40),101.6CM (40),,DA0798-101.6CM(40),6,0,0,0
REBEL MASS EXPORT PVT LTD,CRC25-18-0003 TAN,DA0793-76.20CM(30),76.20CM (30),,DA0793-76.20CM(30),6,0,0,0
REBEL MASS EXPORT PVT LTD,CSH25-0002-0006651 WHT/BLUE,0006651-XL,XL,,0006651-XL,6,0,0,0
REBEL MASS EXPORT PVT LTD,CSH25-0005-0006852 WHITE,0006852-XXL,XXL,,0006852-XXL,6,0,0,0
REBEL MASS EXPORT PVT LTD,CSH25-0038 BEIGE,DA0491-M,M,,DA0491-M,6,0,0,0
REBEL MASS EXPORT PVT LTD,CSH25-0038 BEIGE,DA0494-XXL,XXL,,DA0494-XXL,6,0,0,0
REBEL MASS EXPORT PVT LTD,CSH25-0038 BLACK,DA0483-M,M,,DA0483-M,6,0,0,0
REBEL MASS EXPORT PVT LTD,CSH25-0039 ORANGE,DA0550-XXL,XXL,,DA0550-XXL,6,0,0,0
REBEL MASS EXPORT PVT LTD,CSH25-0040 GREEN,DA0558-XXL,XXL,,DA0558-XXL,6,0,0,0
REBEL MASS EXPORT PVT LTD,CSH25-0066 YELLOW,DA2402-M,M,,DA2402-M,6,0,0,0
REBEL MASS EXPORT PVT LTD,CSH25-18-0018-0008025 GREY,0008025-M,M,,0008025-M,6,0,0,0
REBEL MASS EXPORT PVT LTD,CSH25-39-0016-0007561 SEA GREEN,0007561-XXL,XXL,,0007561-XXL,6,0,0,0
REBEL MASS EXPORT PVT LTD,CSH25-39-0022-0008186 GREY,0008186-M,M,,0008186-M,6,0,0,0
REBEL MASS EXPORT PVT LTD,CSH25-39-0031-0008222 GREEN,0008222-M,M,,0008222-M,6,0,0,0
REBEL MASS EXPORT PVT LTD,CSH25-39-0032-0008226 D.GREEN,0008226-M,M,,0008226-M,6,0,0,0
REBEL MASS EXPORT PVT LTD,CSH25-39-0032-0008229 D.GREEN,0008229-XXL,XXL,,0008229-XXL,6,0,0,0
REBEL MASS EXPORT PVT LTD,CSH25-39-0035-0008245 L.BROWN,0008245-XXL,XXL,,0008245-XXL,6,0,0,0
REBEL MASS EXPORT PVT LTD,CSS25-15-0003-0007181 MUSTARD,0007181-M,M,,0007181-M,6,0,0,0
REBEL MASS EXPORT PVT LTD,CSS25-15-0003-0007182 MUSTARD,0007182-L,L,,0007182-L,6,0,0,0
REBEL MASS EXPORT PVT LTD,CSS25-15-0003-0007184 MUSTARD,0007184-XXL,XXL,,0007184-XXL,6,0,0,0
REBEL MASS EXPORT PVT LTD,CSS25-15-0005-0007189 MAHANDI,0007189-M,M,,0007189-M,6,0,0,0
REBEL MASS EXPORT PVT LTD,CSS25-15-0006-0007215 LEMON,0007215-XL,XL,,0007215-XL,6,0,0,0
REBEL MASS EXPORT PVT LTD,CTK25-15-0001-0007205 MUSTARD,0007205-M,M,,0007205-M,6,0,0,0
REBEL MASS EXPORT PVT LTD,CTK25-15-0002-0007212 NAVY,0007212-XXL,XXL,,0007212-XXL,6,0,0,0
REBEL MASS EXPORT PVT LTD,CTR25-0007 OLIVE,DA0121-106.68CM(42),106.68CM (42),,DA0121-106.68CM(42),6,0,0,0
REBEL MASS EXPORT PVT LTD,CTR25-0008 NAVY,DA1447-76.20CM(30),76.20CM (30),,DA1447-76.20CM(30),6,0,0,0
REBEL MASS EXPORT PVT LTD,CTR25-0008 OLIVE,DA1427-76.20CM(30),76.20CM (30),,DA1427-76.20CM(30),6,0,0,0
REBEL MASS EXPORT PVT LTD,CTR25-04-0005-0007685 L.BROWN,0007685-76.20CM(30),76.20CM (30),,0007685-76.20CM(30),6,0,0,0
REBEL MASS EXPORT PVT LTD,CTR25-04-0005-0007688 L.BROWN,0007688-91.44CM(36),91.44CM (36),,0007688-91.44CM(36),6,0,0,0
REBEL MASS EXPORT PVT LTD,CTR25-18-0006-0008117 CREAM,0008117-76.20CM(30),76.20CM (30),,0008117-76.20CM(30),6,0,0,0
REBEL MASS EXPORT PVT LTD,CTR25-18-0006-0008122 CREAM,0008122-101.6CM(40),101.6CM (40),,0008122-101.6CM(40),6,0,0,0
REBEL MASS EXPORT PVT LTD,CTR25-18-0006-0008125 D.GREY,0008125-81.28CM(32),81.28CM (32),,0008125-81.28CM(32),6,0,0,0
REBEL MASS EXPORT PVT LTD,CTR25-18-0006-0008127 D.GREY,0008127-91.44CM(36),91.44CM(36),,0008127-91.44CM(36),6,0,0,0
REBEL MASS EXPORT PVT LTD,CTR25-18-0006-0008130 D.GREY,0008130-106.68CM(42),106.68CM (42),,0008130-106.68CM(42),6,0,0,0
REBEL MASS EXPORT PVT LTD,CTR25-18-0006-0008287 TEAL,0008287-101.6CM(40),101.6CM (40),,0008287-101.6CM(40),6,0,0,0
REBEL MASS EXPORT PVT LTD,CTR25-36-0001-0007442 OLIVE,0007442-96.52CM(38),96.52CM (38),,0007442-96.52CM(38),6,0,0,0
REBEL MASS EXPORT PVT LTD,CTR25-36-0002-0007451 GREY,0007451-91.44CM(36),91.44CM (36),,0007451-91.44CM(36),6,0,0,0
REBEL MASS EXPORT PVT LTD,CTR25-36-0003 BEIGE,DA0517-101.6CM(40),101.6CM (40),,DA0517-101.6CM(40),6,0,0,0
REBEL MASS EXPORT PVT LTD,CTR25-36-0003 OLIVE,DA0518-101.6CM(40),101.6CM (40),,DA0518-101.6CM(40),6,0,0,0
REBEL MASS EXPORT PVT LTD,CTR25-36-0003-0007464 BEIGE,0007464-81.28CM(32),81.28CM (32),,0007464-81.28CM(32),6,0,0,0
REBEL MASS EXPORT PVT LTD,CTR25-36-0003-0007466 BEIGE,0007466-91.44CM(36),91.44CM (36),,0007466-91.44CM(36),6,0,0,0
REBEL MASS EXPORT PVT LTD,CTR25-36-0003-0007469 L.BROWN,0007469-81.28CM(32),81.28CM (32),,0007469-81.28CM(32),6,0,0,0
REBEL MASS EXPORT PVT LTD,CTR25-36-0003-0007474 OLIVE,0007474-81.28CM(32),81.28CM (32),,0007474-81.28CM(32),6,0,0,0
REBEL MASS EXPORT PVT LTD,CTR25-36-0003-0007480 BLACK,0007480-86.36CM(34),86.36CM (34),,0007480-86.36CM(34),6,0,0,0
REBEL MASS EXPORT PVT LTD,CTR25-36-0004 NAVY,DA1949-101.6(40),101.6 (40),,DA1949-101.6(40),6,0,0,0
REBEL MASS EXPORT PVT LTD,CTR25-36-0004-0007491 KHAKI,0007491-91.44CM(36),91.44CM (36),,0007491-91.44CM(36),6,0,0,0
REBEL MASS EXPORT PVT LTD,CTR25-36-0004-0007492 KHAKI,0007492-96.52CM(38),96.52CM (38),,0007492-96.52CM(38),6,0,0,0
REBEL MASS EXPORT PVT LTD,CWC25-0004 CREAM,DA3348-111.76CM(44),111.76CM (44),,DA3348-111.76CM(44),6,0,0,0
REBEL MASS EXPORT PVT LTD,CWC25-15-0001 PEACH,DA0972-111.76CM(44),111.76CM (44),,DA0972-111.76CM(44),6,0,0,0
REBEL MASS EXPORT PVT LTD,CWC25-15-0001 WHITE,DA0968-111.76CM(44),111.76CM (44),,DA0968-111.76CM(44),6,0,0,0
REBEL MASS EXPORT PVT LTD,CWC25-15-0001-0007653 GREEN,0007653-96.52CM(38),96.52CM (38),,0007653-96.52CM(38),6,0,0,0
REBEL MASS EXPORT PVT LTD,CWC25-15-0001-0007660 NAVY,0007660-111.76CM(44),111.76CM (44),,0007660-111.76CM(44),6,0,0,0
REBEL MASS EXPORT PVT LTD,CWL25-15-0001-0007159 GREY,0007159-XL,XL,,0007159-XL,6,0,0,0
REBEL MASS EXPORT PVT LTD,CWL25-15-0001-0007160 GREY,0007160-XXL,XXL,,0007160-XXL,6,0,0,0
REBEL MASS EXPORT PVT LTD,DNM25-0017 WHITE,DA1831-76.20CM(30),76.20CM (30),,DA1831-76.20CM(30),6,0,0,0
REBEL MASS EXPORT PVT LTD,DNM25-0017 WHITE,DA1834-91.44CM(36),91.44CM (36),,DA1834-91.44CM(36),6,0,0,0
REBEL MASS EXPORT PVT LTD,DNM25-0020 L.BLUE,DA3155-91.44CM(36),91.44CM (36),,DA3155-91.44CM(36),6,0,0,0
REBEL MASS EXPORT PVT LTD,DNM25-34-0001-0007509 L.BLUE,0007509-76.20CM(30),76.20CM (30),,0007509-76.20CM(30),6,0,0,0
REBEL MASS EXPORT PVT LTD,DNM25-34-0004-0007848 BLUE,0007848-91.44CM(36),91.44CM(36),,0007848-91.44CM(36),6,0,0,0
REBEL MASS EXPORT PVT LTD,DNM25-34-0006-0007772 BLUE,0007772-76.20CM(30),76.20CM (30),,0007772-76.20CM(30),6,0,0,0
REBEL MASS EXPORT PVT LTD,DNM25-34-0012 D.BLUE,DA1280-91.44CM(36),91.44CM (36),,DA1280-91.44CM(36),6,0,0,0
REBEL MASS EXPORT PVT LTD,DNM25-34-0016 GREY,DA1353-91.44CM(36),91.44CM (36),,DA1353-91.44CM(36),6,0,0,0
REBEL MASS EXPORT PVT LTD,FSH25-0001-0006833 BEIGE,0006833-M,M,,0006833-M,6,0,0,0
REBEL MASS EXPORT PVT LTD,FSH25-0002-0006929 STEAL GREY,0006929-M,M,,0006929-M,6,0,0,0
REBEL MASS EXPORT PVT LTD,FSH25-0023 EQUA,DA0529-XL,XL,,DA0529-XL,6,0,0,0
REBEL MASS EXPORT PVT LTD,FSH25-0023 GREEN,DA0538-XXL,XXL,,DA0538-XXL,6,0,0,0
REBEL MASS EXPORT PVT LTD,FSH25-0036 L.MINT,DA1734-M,M,,DA1734-M,6,0,0,0
REBEL MASS EXPORT PVT LTD,FSH25-0037 BEIGE,DA1749-XXL,XXL,,DA1749-XXL,6,0,0,0
REBEL MASS EXPORT PVT LTD,FSH25-0038 L.YELLOW,DA1750-M,M,,DA1750-M,6,0,0,0
REBEL MASS EXPORT PVT LTD,FSH25-0040 L.BROWN,DA1792-XL,XL,,DA1792-XL,6,0,0,0
REBEL MASS EXPORT PVT LTD,FSH25-0040 SKY,DA1775-L,L,,DA1775-L,6,0,0,0
REBEL MASS EXPORT PVT LTD,FSH25-0041 BLACK,DA1804-XL,XL,,DA1804-XL,6,0,0,0
REBEL MASS EXPORT PVT LTD,FSH25-0041 WHITE,DA1813-XXL,XXL,,DA1813-XXL,6,0,0,0
REBEL MASS EXPORT PVT LTD,FSH25-0043 NAVY,DA1822-M,M,,DA1822-M,6,0,0,0
REBEL MASS EXPORT PVT LTD,FSH25-0043 NAVY,DA1825-XXL,XXL,,DA1825-XXL,6,0,0,0
REBEL MASS EXPORT PVT LTD,FSH25-39-0007-0007893 MAHROON,0007893-M,M,,0007893-M,6,0,0,0
REBEL MASS EXPORT PVT LTD,FSH25-39-0010-0007917 GREEN,0007917-M,M,,0007917-M,6,0,0,0
REBEL MASS EXPORT PVT LTD,FSH25-39-0012-0007940 OFF WHITE,0007940-XXL,XXL,,0007940-XXL,6,0,0,0
REBEL MASS EXPORT PVT LTD,FSH25-39-0014-0007952 MUSTARD,0007952-XXL,XXL,,0007952-XXL,6,0,0,0
REBEL MASS EXPORT PVT LTD,FSH25-39-0015-0007957 SEA GREEN,0007957-M,M,,0007957-M,6,0,0,0
REBEL MASS EXPORT PVT LTD,FSH25-39-0021-0008005 STEAL GREY,0008005-M,M,,0008005-M,6,0,0,0
REBEL MASS EXPORT PVT LTD,FTR25-0003-0006751 CHARCOAL,0006751-81.28CM(32),81.28CM (32),,0006751-81.28CM(32),6,0,0,0
REBEL MASS EXPORT PVT LTD,FTR25-0004-0006759 SKY BLUE,0006759-96.52CM(38),96.52CM (38),,0006759-96.52CM(38),6,0,0,0
REBEL MASS EXPORT PVT LTD,FTR25-0007-0006772 BLUE,0006772-76.20CM(30),76.20CM (30),,0006772-76.20CM(30),6,0,0,0
REBEL MASS EXPORT PVT LTD,FTR25-0032-0007721 WINE,0007721-91.44CM(36),91.44CM(36),,0007721-91.44CM(36),6,0,0,0
REBEL MASS EXPORT PVT LTD,FTR25-0033-0007727 KHAKI,0007727-96.52CM(38),96.52CM (38),,0007727-96.52CM(38),6,0,0,0
REBEL MASS EXPORT PVT LTD,FTR25-0044 CREAM,DA0181-81.28CM(32),81.28CM (32),,DA0181-81.28CM(32),6,0,0,0
REBEL MASS EXPORT PVT LTD,FTR25-0047 BLACK,DA1028-76.20CM(30),76.20CM (30),,DA1028-76.20CM(30),6,0,0,0
REBEL MASS EXPORT PVT LTD,FTR25-0051 LT. GREY,DA1053-81.28CM(32),81.28CM (32),,DA1053-81.28CM(32),6,0,0,0
REBEL MASS EXPORT PVT LTD,FTR25-0053 BLACK,DA1065-81.28CM(32),81.28CM (32),,DA1065-81.28CM(32),6,0,0,0
REBEL MASS EXPORT PVT LTD,FTR25-0060 OFF WHITE,DA1107-81.28CM(32),81.28CM (32),,DA1107-81.28CM(32),6,0,0,0
REBEL MASS EXPORT PVT LTD,FTR25-0066 LT.BEIGE,DA1142-76.20CM(30),76.20CM (30),,DA1142-76.20CM(30),6,0,0,0
REBEL MASS EXPORT PVT LTD,FTR25-0067 DK. GREY,DA1151-91.44CM(36),91.44CM (36),,DA1151-91.44CM(36),6,0,0,0
REBEL MASS EXPORT PVT LTD,FTR25-18-0013-0007290 BLUE,0007290-81.28CM(32),81.28CM (32),,0007290-81.28CM(32),6,0,0,0
REBEL MASS EXPORT PVT LTD,FTR25-18-0014-0007295 GREY,0007295-76.20CM(30),76.20CM (30),,0007295-76.20CM(30),6,0,0,0
REBEL MASS EXPORT PVT LTD,FTR25-18-0016-0007310 BLUE,0007310-91.44CM(36),91.44CM (36),,0007310-91.44CM(36),6,0,0,0
REBEL MASS EXPORT PVT LTD,FTR25-18-0017-0007316 GREY,0007316-91.44CM(36),91.44CM (36),,0007316-91.44CM(36),6,0,0,0
REBEL MASS EXPORT PVT LTD,FTR25-18-0018-0007323 NAVY,0007323-96.52CM(38),96.52CM (38),,0007323-96.52CM(38),6,0,0,0
REBEL MASS EXPORT PVT LTD,FTR25-18-0018-0007324 NAVY,0007324-101.6CM(40),101.6CM (40),,0007324-101.6CM(40),6,0,0,0
REBEL MASS EXPORT PVT LTD,FTR25-18-0020-0007331 BLACK,0007331-76.20CM(30),76.20CM (30),,0007331-76.20CM(30),6,0,0,0
REBEL MASS EXPORT PVT LTD,FTR25-18-0022-0007345 BLACK,0007345-86.36CM(34),86.36CM (34),,0007345-86.36CM(34),6,0,0,0
REBEL MASS EXPORT PVT LTD,FTR25-18-0024-0007369 CREAM,0007369-86.36CM(34),86.36CM (34),,0007369-86.36CM(34),6,0,0,0
REBEL MASS EXPORT PVT LTD,FTR25-18-0024-0007371 CREAM,0007371-96.52CM(38),96.52CM (38),,0007371-96.52CM(38),6,0,0,0
REBEL MASS EXPORT PVT LTD,FTR25-18-0025-0007378 NAVY,0007378-101.6CM(40),101.6CM (40),,0007378-101.6CM(40),6,0,0,0
REBEL MASS EXPORT PVT LTD,FTR25-18-0025-0007384 D.NAVY,0007384-101.6CM(40),101.6CM (40),,0007384-101.6CM(40),6,0,0,0
REBEL MASS EXPORT PVT LTD,FTR25-18-0025-0007389 BLUE,0007389-96.52CM(38),96.52CM (38),,0007389-96.52CM(38),6,0,0,0
REBEL MASS EXPORT PVT LTD,FTR25-18-0025-0007392 BLACK,0007392-81.28CM(32),81.28CM (32),,0007392-81.28CM(32),6,0,0,0
REBEL MASS EXPORT PVT LTD,FTR25-18-0026-0007413 D.NAVY,0007413-96.52CM(38),96.52CM (38),,0007413-96.52CM(38),6,0,0,0
REBEL MASS EXPORT PVT LTD,FTR25-18-0027-0007424 BEIGE,0007424-91.44CM(36),91.44CM (36),,0007424-91.44CM(36),6,0,0,0
REBEL MASS EXPORT PVT LTD,FTR25-18-0040-0008085 BLACK,0008085-96.52CM(38),96.52CM (38),,0008085-96.52CM(38),6,0,0,0
REBEL MASS EXPORT PVT LTD,FTR25-18-0041-0008101 ANTRA,0008101-86.36CM(34),86.36CM (34),,0008101-86.36CM(34),6,0,0,0
REBEL MASS EXPORT PVT LTD,FTR25-18-0042-0008106 L.GREY,0008106-81.28CM(32),81.28CM (32),,0008106-81.28CM(32),6,0,0,0
REBEL MASS EXPORT PVT LTD,FTR25-18-0046 BLACK,DA1466-86.36CM(34),86.36CM (34),,DA1466-86.36CM(34),6,0,0,0
REBEL MASS EXPORT PVT LTD,FTR25-18-0048 ANTHRA,DA1478-86.36CM(34),86.36CM (34),,DA1478-86.36CM(34),6,0,0,0
REBEL MASS EXPORT PVT LTD,FTR25-18-0051 BROWN,DA1496-86.36CM(34),86.36CM (34),,DA1496-86.36CM(34),6,0,0,0
REBEL MASS EXPORT PVT LTD,FTR25-18-0051 BROWN,DA1498-96.52CM(38),96.52CM (38),,DA1498-96.52CM(38),6,0,0,0
REBEL MASS EXPORT PVT LTD,FTR25-18-0056 BLACK,DA1525-81.28CM(32),81.28CM (32),,DA1525-81.28CM(32),6,0,0,0
REBEL MASS EXPORT PVT LTD,FTR25-18-0059 G.BLUE,DA1545-91.44CM(36),91.44CM (36),,DA1545-91.44CM(36),6,0,0,0
REBEL MASS EXPORT PVT LTD,FTR25-18-0060 G.BLUE,DA1548-76.20CM(30),76.20CM (30),,DA1548-76.20CM(30),6,0,0,0
REBEL MASS EXPORT PVT LTD,FTR25-18-0060 G.BLUE,DA1551-91.44CM(36),91.44CM (36),,DA1551-91.44CM(36),6,0,0,0
REBEL MASS EXPORT PVT LTD,FTR25-36-0044 GREY,DA1967-81.28CM(32),81.28CM (32),,DA1967-81.28CM(32),6,0,0,0
REBEL MASS EXPORT PVT LTD,JKT25-0002 BLACK,DA3662-M,M,,DA3662-M,6,0,0,0
REBEL MASS EXPORT PVT LTD,JKT25-0002 BLACK,DA3664-XL,XL,,DA3664-XL,6,0,0,0
REBEL MASS EXPORT PVT LTD,MBDNM0004-0000491 MERCRIZE BLUE,0000491-28,28,,0000491-28,6,0,0,0
REBEL MASS EXPORT PVT LTD,MBDNM0004-0000492 MERCRIZE BLUE,0000492-36,36,,0000492-36,6,0,0,0
REBEL MASS EXPORT PVT LTD,MBDNM0004-0000494 MERCRIZE BLUE,0000494-30,30,,0000494-30,6,0,0,0
REBEL MASS EXPORT PVT LTD,MBDNM0006-0000504 CARBON BLUE,0000504-38,38,,0000504-38,6,0,0,0
REBEL MASS EXPORT PVT LTD,MBDNM0006-0000505 CARBON BLUE,0000505-34,34,,0000505-34,6,0,0,0
REBEL MASS EXPORT PVT LTD,MBDNM0008-0000518 DARK BLUE,0000518-34,34,,0000518-34,6,0,0,0
REBEL MASS EXPORT PVT LTD,MBDNM0010-0000528 MERCRIZE BLUE,0000528-32,32,,0000528-32,6,0,0,0
REBEL MASS EXPORT PVT LTD,MBDNM0014-0000856 MID  BLUE,0000856-30,30,,0000856-30,6,0,0,0
REBEL MASS EXPORT PVT LTD,MBDNM0025-0001747 DARK GREY,0001747-76.2CM(30INCH),76.2 CM (30 INCH),,0001747-76.2CM(30INCH),6,0,0,0
REBEL MASS EXPORT PVT LTD,MBDNM0025-0001750 DARK GREY,0001750-86.36CM(34INCH),86.36 CM (34 INCH),,0001750-86.36CM(34INCH),6,0,0,0
REBEL MASS EXPORT PVT LTD,MBDNM0029-0001776 MERCRIZED BLUE,0001776-96.52CM(38INCH),96.52 CM (38 INCH),,0001776-96.52CM(38INCH),6,0,0,0
REBEL MASS EXPORT PVT LTD,MBDNM0030-0001780 MID BLUE,0001780-86.36CM(34INCH),86.36 CM (34 INCH),,0001780-86.36CM(34INCH),6,0,0,0
REBEL MASS EXPORT PVT LTD,MBDNM0030-0001781 MID BLUE,0001781-91.44CM(36INCH),91.44 CM (36 INCH),,0001781-91.44CM(36INCH),6,0,0,0
REBEL MASS EXPORT PVT LTD,MCBLZ0014-0000712 CHARCOAL,0000712-40,40,,0000712-40,6,0,0,0
REBEL MASS EXPORT PVT LTD,MCBLZ0017-0000726 BLUE,0000726-42,42,,0000726-42,6,0,0,0
REBEL MASS EXPORT PVT LTD,MCBLZ0021-0000742 TAN,0000742-42,42,,0000742-42,6,0,0,0
REBEL MASS EXPORT PVT LTD,"MCBLZ0022-0000745 BLACK,BLUE",0000745-40,40,,0000745-40,6,0,0,0
REBEL MASS EXPORT PVT LTD,MCBLZ0023-0000751 BLUE,0000751-40,40,,0000751-40,6,0,0,0
REBEL MASS EXPORT PVT LTD,MCBLZ0024-0000755 L.GREEN,0000755-42,42,,0000755-42,6,0,0,0
REBEL MASS EXPORT PVT LTD,MCBLZ0029-0000773 BROWN,0000773-44,44,,0000773-44,6,0,0,0
REBEL MASS EXPORT PVT LTD,MCBLZ0035-0001144 GREY,0001144-42,42,,0001144-42,6,0,0,0
REBEL MASS EXPORT PVT LTD,MCC2ST003-0001517 KHAKI,0001517-40,40,,0001517-40,6,0,0,0
REBEL MASS EXPORT PVT LTD,MCC2ST018-0001577 D.GREY,0001577-40,40,,0001577-40,6,0,0,0
REBEL MASS EXPORT PVT LTD,MCKRT0001-0001909 LEMON,0001909-L,L,,0001909-L,6,0,0,0
REBEL MASS EXPORT PVT LTD,MCSHT0005-0000396 ROYAL BLUE,0000396-L,L,,0000396-L,6,0,0,0
REBEL MASS EXPORT PVT LTD,MCSHT0005-0000398 ROYAL BLUE,0000398-XL,XL,,0000398-XL,6,0,0,0
REBEL MASS EXPORT PVT LTD,MCTRZ0002-0000988 TEAL,0000988-30,30,,0000988-30,6,0,0,0
REBEL MASS EXPORT PVT LTD,MCWCT0008-0000824 BROWN,0000824-44,44,,0000824-44,6,0,0,0
REBEL MASS EXPORT PVT LTD,MFSHT0002-0000536 LIGHT GREY,0000536-XXL,XXL,,0000536-XXL,6,0,0,0
REBEL MASS EXPORT PVT LTD,MFSHT0004-0000545 DARK GREY,0000545-L,L,,0000545-L,6,0,0,0
REBEL MASS EXPORT PVT LTD,MFSHT0004-0000546 DARK GREY,0000546-XL,XL,,0000546-XL,6,0,0,0
REBEL MASS EXPORT PVT LTD,MFSHT0007-0000893 ORANGE,0000893-XL,XL,,0000893-XL,6,0,0,0
REBEL MASS EXPORT PVT LTD,MFSHT0008-0000897 PINK,0000897-XL,XL,,0000897-XL,6,0,0,0
REBEL MASS EXPORT PVT LTD,MFSHT0013-0000916 YELLOW,0000916-L,L,,0000916-L,6,0,0,0
REBEL MASS EXPORT PVT LTD,MFSHT0023-0000956 SKY BLUE,0000956-L,L,,0000956-L,6,0,0,0
REBEL MASS EXPORT PVT LTD,MFSHT0026-0000967 DARK BLUE,0000967-M,M,,0000967-M,6,0,0,0
REBEL MASS EXPORT PVT LTD,MFSHT0026-0000968 DARK BLUE,0000968-L,L,,0000968-L,6,0,0,0
REBEL MASS EXPORT PVT LTD,MFSHT0026-0000969 DARK BLUE,0000969-XL,XL,,0000969-XL,6,0,0,0
REBEL MASS EXPORT PVT LTD,MFSHT0026-0000970 DARK BLUE,0000970-XXL,XXL,,0000970-XXL,6,0,0,0
REBEL MASS EXPORT PVT LTD,MFSHT0027-0000972 TURQUOISE,0000972-L,L,,0000972-L,6,0,0,0
REBEL MASS EXPORT PVT LTD,MFSHT0031-0001197 WHITE,0001197-XXL,XXL,,0001197-XXL,6,0,0,0
REBEL MASS EXPORT PVT LTD,MFTRZ0002-0000434 NAVY,0000434-28,28,,0000434-28,6,0,0,0
REBEL MASS EXPORT PVT LTD,MFTRZ0003-0000440 DUSTY BLUE,0000440-32,32,,0000440-32,6,0,0,0
REBEL MASS EXPORT PVT LTD,MFTRZ0004-0000446 NAVY,0000446-32,32,,0000446-32,6,0,0,0
REBEL MASS EXPORT PVT LTD,MFTRZ0011-0001024 GREY,0001024-34,34,,0001024-34,6,0,0,0
REBEL MASS EXPORT PVT LTD,MFTRZ0015-0001058 BLUE,0001058-34,34,,0001058-34,6,0,0,0
REBEL MASS EXPORT PVT LTD,MJKTF0008-0006778 GREEN,0006778-L,L,,0006778-L,6,0,0,0
REBEL MASS EXPORT PVT LTD,MJKTF0008-0006785 NAVY,0006785-M,M,,0006785-M,6,0,0,0
REBEL MASS EXPORT PVT LTD,MJKTF0008-0006786 NAVY,0006786-L,L,,0006786-L,6,0,0,0
REBEL MASS EXPORT PVT LTD,MJKTF0008-0006787 NAVY,0006787-XL,XL,,0006787-XL,6,0,0,0
REBEL MASS EXPORT PVT LTD,MJKTS0001-0001452 BLACK,0001452-XL,XL,,0001452-XL,6,0,0,0
REBEL MASS EXPORT PVT LTD,MJKTS0001-0001453 BLACK,0001453-XXL,XXL,,0001453-XXL,6,0,0,0
REBEL MASS EXPORT PVT LTD,MPSHT0002-0001626 MEHANDI GREEN,0001626-XL,XL,,0001626-XL,6,0,0,0
REBEL MASS EXPORT PVT LTD,MPSHT0004-0001649 WHITE,0001649-L,L,,0001649-L,6,0,0,0
REBEL MASS EXPORT PVT LTD,MSWTF0003-0004248 GREEN,0004248-L,L,,0004248-L,6,0,0,0
REBEL MASS EXPORT PVT LTD,MTSFS0005-0000572 NAVY,0000572-L,L,,0000572-L,6,0,0,0
REBEL MASS EXPORT PVT LTD,MTSFS0007-0000582 WHITE,0000582-M,M,,0000582-M,6,0,0,0
REBEL MASS EXPORT PVT LTD,MTSHS0016-0000617 NAVY,0000617-L,L,,0000617-L,6,0,0,0
REBEL MASS EXPORT PVT LTD,MTSHS0017-0000621 WHITE,0000621-XL,XL,,0000621-XL,6,0,0,0
REBEL MASS EXPORT PVT LTD,MTSHS0018-0000626 WHITE,0000626-L,L,,0000626-L,6,0,0,0
REBEL MASS EXPORT PVT LTD,MTSHS0018-0000627 WHITE,0000627-M,M,,0000627-M,6,0,0,0
REBEL MASS EXPORT PVT LTD,MTSHS0023-0000647 NAVY,0000647-L,L,,0000647-L,6,0,0,0
REBEL MASS EXPORT PVT LTD,MTSHS0024-0000648 BLACK,0000648-L,L,,0000648-L,6,0,0,0
REBEL MASS EXPORT PVT LTD,SHORT25-0001 CREAM,DA1294-M,M,,DA1294-M,6,0,0,0
REBEL MASS EXPORT PVT LTD,SHORT25-0001 CREAM,DA1296-XL,XL,,DA1296-XL,6,0,0,0
REBEL MASS EXPORT PVT LTD,SS25-0003 DUSTY PINK,DA1241-L,L,,DA1241-L,6,0,0,0
REBEL MASS EXPORT PVT LTD,SS25-0004 CHARCOAL,DA1246-XL,XL,,DA1246-XL,6,0,0,0
REBEL MASS EXPORT PVT LTD,TRC25-0001 NAVY,DA1382-XXL,XXL,,DA1382-XXL,6,0,0,1
REBEL MASS EXPORT PVT LTD,TS25-0001 BLK/WHT,DA0831-L,L,,DA0831-L,6,0,0,0
REBEL MASS EXPORT PVT LTD,TS25-0003D WHITE,DA0851-L,L,,DA0851-L,6,0,0,0
REBEL MASS EXPORT PVT LTD,TS25-0003E NAVY,DA0855-L,L,,DA0855-L,6,0,0,0
REBEL MASS EXPORT PVT LTD,TS25-0004 BLACK,DA0889-M,M,,DA0889-M,6,0,0,0
REBEL MASS EXPORT PVT LTD,TS25-0005 MAROON,DA0990-M,M,,DA0990-M,6,0,0,0
REBEL MASS EXPORT PVT LTD,TS25-0012 PISTA,DA1013-XXL,XXL,,DA1013-XXL,6,0,0,0
REBEL MASS EXPORT PVT LTD,TS25-0013A BLUE,DA1216-M,M,,DA1216-M,6,0,0,0
REBEL MASS EXPORT PVT LTD,TS25-0013A NAVY,DA1189-L,L,,DA1189-L,6,0,0,0
REBEL MASS EXPORT PVT LTD,TS25-0015C GREY,DA1632-XL,XL,,DA1632-XL,6,0,0,0
REBEL MASS EXPORT PVT LTD,TS25-0022 MAROON,DA1665-XXL,XXL,,DA1665-XXL,6,0,0,0
REBEL MASS EXPORT PVT LTD,TS25-0033 B.GREEN,DA1721-XXL,XXL,,DA1721-XXL,6,0,0,0
REBEL MASS EXPORT PVT LTD,TS25-0034 PISTA,DA1915-XL,XL,,DA1915-XL,6,0,0,0
REBEL MASS EXPORT PVT LTD,TS25-0036 SKY,DA1952-M,M,,DA1952-M,6,0,0,0
REBEL MASS EXPORT PVT LTD,TS25-0043 TURMERIC,DA2132-L,L,,DA2132-L,6,0,0,0
REBEL MASS EXPORT PVT LTD,TS25-0043 TURMERIC,DA2131-M,M,,DA2131-M,6,0,0,0
REBEL MASS EXPORT PVT LTD,TS25-0058 WHT/OLIVE,DA2442-M,M,,DA2442-M,6,0,0,0
REBEL MASS EXPORT PVT LTD,2PC25-0031 GREY/BROWN,DA2799-96.52CM(38),96.52CM (38),,DA2799-96.52CM(38),5,0,0,0
REBEL MASS EXPORT PVT LTD,2PC25-0034 SEA GREEN,DA3413-111.76CM(44),111.76CM (44),,DA3413-111.76CM(44),5,0,0,0
REBEL MASS EXPORT PVT LTD,3PC25-0011 BLACK,DA2485-111.76CM(44),111.76CM (44),,DA2485-111.76CM(44),5,0,0,0
REBEL MASS EXPORT PVT LTD,3PC25-0011 BLACK,DA2482-96.52CM(38),96.52CM (38),,DA2482-96.52CM(38),5,0,0,0
REBEL MASS EXPORT PVT LTD,3PC25-0011 BLUE,DA2461-111.76CM(44),111.76CM (44),,DA2461-111.76CM(44),5,0,0,0
REBEL MASS EXPORT PVT LTD,3PC25-0011 BOTTLE GREEN,DA2489-111.76CM(44),111.76CM (44),,DA2489-111.76CM(44),5,0,0,0
REBEL MASS EXPORT PVT LTD,3PC25-0011 CHARCOLE,DA2457-111.76CM(44),111.76CM (44),,DA2457-111.76CM(44),5,0,0,0
REBEL MASS EXPORT PVT LTD,BLZ25-0018 BLUE,DA2548-96.52CM(38),96.52CM (38),,DA2548-96.52CM(38),5,0,0,0
REBEL MASS EXPORT PVT LTD,BLZ25-0018 NAVY,DA2540-96.52CM(38),96.52CM (38),,DA2540-96.52CM(38),5,0,0,0
REBEL MASS EXPORT PVT LTD,BLZ25-0018 TEAL,DA2544-96.52CM(38),96.52CM (38),,DA2544-96.52CM(38),5,0,0,0
REBEL MASS EXPORT PVT LTD,CSH25-0075 MAROON,DA2593-M,M,,DA2593-M,5,0,0,0
REBEL MASS EXPORT PVT LTD,CSH25-0075 MAROON,DA2596-XXL,XXL,,DA2596-XXL,5,0,0,0
REBEL MASS EXPORT PVT LTD,CSH25-0107 BLACK,DA3242-M,M,,DA3242-M,5,0,0,0
REBEL MASS EXPORT PVT LTD,CSH25-0107 BLACK,DA3241-S,S,,DA3241-S,5,0,0,0
REBEL MASS EXPORT PVT LTD,CSH25-0107 NAVY,DA3269-XXL,XXL,,DA3269-XXL,5,0,0,0
REBEL MASS EXPORT PVT LTD,CSH25-0107 NAVY,DA3270-XXXL,XXXL,,DA3270-XXXL,5,0,0,0
REBEL MASS EXPORT PVT LTD,CSH25-0107 SLATE GREY,DA3233-XXL,XXL,,DA3233-XXL,5,0,0,0
REBEL MASS EXPORT PVT LTD,CSH25-0107 TURQ,DA3227-XXL,XXL,,DA3227-XXL,5,0,0,0
REBEL MASS EXPORT PVT LTD,CSS26-0001 PINK,DA3924-XL,XL,,DA3924-XL,5,0,0,0
REBEL MASS EXPORT PVT LTD,FSH25-0062 GREY,DA2309-M,M,,DA2309-M,5,0,0,0
REBEL MASS EXPORT PVT LTD,FSH25-0062 L.GREY,DA2297-M,M,,DA2297-M,5,0,0,0
REBEL MASS EXPORT PVT LTD,FSH25-0062 L.GREY,DA2301-XXXL,XXXL,,DA2301-XXXL,5,0,0,0
REBEL MASS EXPORT PVT LTD,FSH25-0062 TURQ,DA2273-M,M,,DA2273-M,5,0,0,0
REBEL MASS EXPORT PVT LTD,FSH25-0064 WHITE,DA2851-XL,XL,,DA2851-XL,5,0,0,0
REBEL MASS EXPORT PVT LTD,FSH25-0064 WHITE,DA2852-XXL,XXL,,DA2852-XXL,5,0,0,0
REBEL MASS EXPORT PVT LTD,FSH25-0067 WHITE,DA2861-M,M,,DA2861-M,5,0,0,0
REBEL MASS EXPORT PVT LTD,FSH25-0068A BLACK,DA2865-M,M,,DA2865-M,5,0,0,0
REBEL MASS EXPORT PVT LTD,FSH25-0068B BLACK,DA2871-XL,XL,,DA2871-XL,5,0,0,0
REBEL MASS EXPORT PVT LTD,FSH25-0069 L.GREEN,DA3026-S,S,,DA3026-S,5,0,0,0
REBEL MASS EXPORT PVT LTD,FSH25-0069 L.PURPLE,DA3017-S,S,,DA3017-S,5,0,0,0
REBEL MASS EXPORT PVT LTD,FSH25-0069 MAROON,DA2949-M,M,,DA2949-M,5,0,0,0
REBEL MASS EXPORT PVT LTD,FSH25-0069 MAROON,DA2951-XL,XL,,DA2951-XL,5,0,0,0
REBEL MASS EXPORT PVT LTD,FSH25-0069 MEHANDI,DA3019-S,S,,DA3019-S,5,0,0,0
REBEL MASS EXPORT PVT LTD,FSH25-0069 PIURPLE,DA3006-S,S,,DA3006-S,5,0,0,0
REBEL MASS EXPORT PVT LTD,FSH25-0069 RED/BLUE,DA3023-S,S,,DA3023-S,5,0,0,0
REBEL MASS EXPORT PVT LTD,FSH25-0069 SEA GREEN,DA3009-S,S,,DA3009-S,5,0,0,0
REBEL MASS EXPORT PVT LTD,FSH25-0069 WHITE,DA3024-S,S,,DA3024-S,5,0,0,0
REBEL MASS EXPORT PVT LTD,FSH25-0069 WHT/BLUE,DA3020-S,S,,DA3020-S,5,0,0,0
REBEL MASS EXPORT PVT LTD,FSH25-0071 NAVY,DA3466-XXL,XXL,,DA3466-XXL,5,0,0,0
REBEL MASS EXPORT PVT LTD,FSH25-0071 OLIVE,DA3468-L,L,,DA3468-L,5,0,0,0
REBEL MASS EXPORT PVT LTD,FSH25-0072 SKY BLUE,DA3486-XXL,XXL,,DA3486-XXL,5,0,0,0
REBEL MASS EXPORT PVT LTD,FTR25-0078 BLUE,DA3095-81.28CM(32),81.28CM (32),,DA3095-81.28CM(32),5,0,0,0
REBEL MASS EXPORT PVT LTD,FTR25-0082 CREAM,DA3113-81.28CM(32),81.28CM (32),,DA3113-81.28CM(32),5,0,0,0
REBEL MASS EXPORT PVT LTD,FTR25-0082 CREAM,DA3116-96.52CM(38),96.52CM (38),,DA3116-96.52CM(38),5,0,0,0
REBEL MASS EXPORT PVT LTD,FTR25-0083 KHAKI,DA3117-81.28CM(32),81.28CM (32),,DA3117-81.28CM(32),5,0,0,0
REBEL MASS EXPORT PVT LTD,FTR25-0085 BLACK,DA3125-81.28CM(32),81.28CM (32),,DA3125-81.28CM(32),5,0,0,0
REBEL MASS EXPORT PVT LTD,JKT26-0001 BLACK,DA3892-XL,XL,,DA3892-XL,5,0,0,0
REBEL MASS EXPORT PVT LTD,LW25-0001 MAROON,DA2035-L,L,,DA2035-L,5,0,0,0
REBEL MASS EXPORT PVT LTD,LW25-0001 OLIVE,DA2099-L,L,,DA2099-L,5,0,0,0
REBEL MASS EXPORT PVT LTD,LW26-0001 GREY,DA3813-XXL,XXL,,DA3813-XXL,5,0,0,0
REBEL MASS EXPORT PVT LTD,LW26-0001 MEHROON,DA3795-L,L,,DA3795-L,5,0,0,0
REBEL MASS EXPORT PVT LTD,LW26-0001 MEHROON,DA3797-XXL,XXL,,DA3797-XXL,5,0,0,0
REBEL MASS EXPORT PVT LTD,LW26-0001 OLIVE,DA3802-M,M,,DA3802-M,5,0,0,0
REBEL MASS EXPORT PVT LTD,LW26-0001 OLIVE,DA3804-XL,XL,,DA3804-XL,5,0,0,0
REBEL MASS EXPORT PVT LTD,LW26-0001 OLIVE,DA3805-XXL,XXL,,DA3805-XXL,5,0,0,0
REBEL MASS EXPORT PVT LTD,LW26-0001 PINK,DA3791-L,L,,DA3791-L,5,0,0,0
REBEL MASS EXPORT PVT LTD,LW26-0001 PINK,DA3793-XXL,XXL,,DA3793-XXL,5,0,0,0
REBEL MASS EXPORT PVT LTD,LW26-0001 SKY BLUE,DA3879-L,L,,DA3879-L,5,0,0,0
REBEL MASS EXPORT PVT LTD,LW26-0001 SKY BLUE,DA3878-M,M,,DA3878-M,5,0,0,0
REBEL MASS EXPORT PVT LTD,LW26-0001 SKY BLUE,DA3880-XL,XL,,DA3880-XL,5,0,0,0
REBEL MASS EXPORT PVT LTD,SHORT-0003 BEIGE PRINT,DA2363-M,M,,DA2363-M,5,0,0,0
REBEL MASS EXPORT PVT LTD,SHORT25-0004 CREAM,DA3028-76.20CM(30),76.20CM (30),,DA3028-76.20CM(30),5,0,0,0
REBEL MASS EXPORT PVT LTD,SHORT25-0004 T BLUE,DA3033-71.12CM(28),71.12CM (28),,DA3033-71.12CM(28),5,0,0,0
REBEL MASS EXPORT PVT LTD,SHORT25-0004 T BLUE,DA3034-76.20CM(30),76.20CM (30),,DA3034-76.20CM(30),5,0,0,0
REBEL MASS EXPORT PVT LTD,TS25-0042 PISTA,DA2103-L,L,,DA2103-L,5,0,0,0
REBEL MASS EXPORT PVT LTD,TS25-0051 SKY BLUE,DA2218-XXL,XXL,,DA2218-XXL,5,0,0,0
REBEL MASS EXPORT PVT LTD,TS25-0054A NAVY,DA2373-L,L,,DA2373-L,5,0,0,0
REBEL MASS EXPORT PVT LTD,TS25-0054A NAVY,DA2372-M,M,,DA2372-M,5,0,0,0
REBEL MASS EXPORT PVT LTD,TS25-0059 NAVY,DA2808-4XL,4XL,,DA2808-4XL,5,0,0,0
REBEL MASS EXPORT PVT LTD,2PC25-0002 ROYAL BLUE,DA0709-106.68CM(42),106.68CM (42),,DA0709-106.68CM(42),5,0,0,0
REBEL MASS EXPORT PVT LTD,2PC25-0004 GREY,DA0716-101.6CM(40),101.6CM (40),,DA0716-101.6CM(40),5,0,0,0
REBEL MASS EXPORT PVT LTD,2PC25-0004 GREY,DA0717-106.68CM(42),106.68CM (42),,DA0717-106.68CM(42),5,0,0,0
REBEL MASS EXPORT PVT LTD,2PC25-0010 BLACK,DA0740-101.6CM(40),101.6CM (40),,DA0740-101.6CM(40),5,0,0,0
REBEL MASS EXPORT PVT LTD,2PC25-0017 NAVY/BLU,DA1843-101.6CM(40),101.6CM (40),,DA1843-101.6CM(40),5,0,0,0
REBEL MASS EXPORT PVT LTD,2PC25-0019 WINE,DA1853-111.76CM(44),111.76CM (44),,DA1853-111.76CM(44),5,0,0,0
REBEL MASS EXPORT PVT LTD,2PC25-0019 WINE,DA1943-116.84(46),116.84 (46),,DA1943-116.84(46),5,0,0,0
REBEL MASS EXPORT PVT LTD,2PC25-0023 KHAKI,DA1866-96.52CM(38),96.52CM (38),,DA1866-96.52CM(38),5,0,0,0
REBEL MASS EXPORT PVT LTD,2PC25-0026 GREY,DA1881-111.76CM(44),111.76CM (44),,DA1881-111.76CM(44),5,0,0,0
REBEL MASS EXPORT PVT LTD,3PC25-0003 CHARCOLE,DA0937-106.68CM(42),106.68CM (42),,DA0937-106.68CM(42),5,0,0,0
REBEL MASS EXPORT PVT LTD,3PC25-0004 BLACK,DA0945-106.68CM(42),106.68CM (42),,DA0945-106.68CM(42),5,0,0,0
REBEL MASS EXPORT PVT LTD,3PC25-0004 NAVY,DA0950-106.68CM(42),106.68CM (42),,DA0950-106.68CM(42),5,0,0,0
REBEL MASS EXPORT PVT LTD,3PC25-0007 BLUE,DA1888-106.68CM(42),106.68CM (42),,DA1888-106.68CM(42),5,0,0,0
REBEL MASS EXPORT PVT LTD,3PC25-0008 GREY/BLK,DA1893-111.76CM(44),111.76CM (44),,DA1893-111.76CM(44),5,0,0,0
REBEL MASS EXPORT PVT LTD,3PC25-0008 GREY/BLK,DA1890-96.52CM(38),96.52CM (38),,DA1890-96.52CM(38),5,0,0,0
REBEL MASS EXPORT PVT LTD,3PC25-0009 GREY,DA1897-111.76CM(44),111.76CM (44),,DA1897-111.76CM(44),5,0,0,0
REBEL MASS EXPORT PVT LTD,3PC25-0010 NAVY/BLU,DA1901-111.76CM(44),111.76CM (44),,DA1901-111.76CM(44),5,0,0,0
REBEL MASS EXPORT PVT LTD,ASRFTR-001 N/A,DA3053-86.36CM(34),86.36CM (34),,DA3053-86.36CM(34),5,0,0,0
REBEL MASS EXPORT PVT LTD,AW24BL0001-0002561 BEIGE,0002561-101.6CM(40),101.6CM (40),,0002561-101.6CM(40),5,0,0,0
REBEL MASS EXPORT PVT LTD,AW24BL0001-0002565 BROWN,0002565-96.52CM(38),96.52CM (38),,0002565-96.52CM(38),5,0,0,0
REBEL MASS EXPORT PVT LTD,AW24BL0002-0002756 GREY,0002756-91.44CM(36),91.44CM (36),,0002756-91.44CM(36),5,0,0,0
REBEL MASS EXPORT PVT LTD,AW24BL0004-0008072 L.GREY,0008072-111.76CM(44),111.76CM (44),,0008072-111.76CM(44),5,0,0,0
REBEL MASS EXPORT PVT LTD,AW24BL0008-0003709 BR/GREY,0003709-96.52CM(38),96.52CM (38),,0003709-96.52CM(38),5,0,0,0
REBEL MASS EXPORT PVT LTD,AW24BL0011-0004429 MAHROON,0004429-111.76CM(44),111.76CM (44),,0004429-111.76CM(44),5,0,0,0
REBEL MASS EXPORT PVT LTD,AW24BL0012-0004438 BLUE,0004438-96.52CM(38),96.52CM (38),,0004438-96.52CM(38),5,0,0,0
REBEL MASS EXPORT PVT LTD,AW24BL0014-0004447 BOTLE GREEN,0004447-101.6CM(40),101.6CM (40),,0004447-101.6CM(40),5,0,0,0
REBEL MASS EXPORT PVT LTD,AW24BL0014-0004448 BOTLE GREEN,0004448-106.68CM(42),106.68CM (42),,0004448-106.68CM(42),5,0,0,0
REBEL MASS EXPORT PVT LTD,AW24BL0016-0005204 GREY,0005204-96.52CM(38),96.52CM (38),,0005204-96.52CM(38),5,0,0,0
REBEL MASS EXPORT PVT LTD,AW24CR0002A-0004309 L.BLUE,0004309-76.20CM(30),76.20CM (30),,0004309-76.20CM(30),5,0,0,0
REBEL MASS EXPORT PVT LTD,AW24CT0001-0004990 NAVY,0004990-96.52CM(38),96.52CM (38),,0004990-96.52CM(38),5,0,0,0
REBEL MASS EXPORT PVT LTD,AW24CT0001-0004997 GREEN,0004997-111.76CM(44),111.76CM (44),,0004997-111.76CM(44),5,0,0,0
REBEL MASS EXPORT PVT LTD,AW24CT0002-0005009 GREEN,0005009-111.76CM(44),111.76CM (44),,0005009-111.76CM(44),5,0,0,0
REBEL MASS EXPORT PVT LTD,AW24CTR0001-0002835 NAVY,0002835-81.28CM(32),81.28CM (32),,0002835-81.28CM(32),5,0,0,0
REBEL MASS EXPORT PVT LTD,AW24CTR0002-0002851 TEAL,0002851-86.36CM(34),86.36CM (34),,0002851-86.36CM(34),5,0,0,0
REBEL MASS EXPORT PVT LTD,AW24CTR0002-0002853 TEAL,0002853-96.52CM(38),96.52CM (38),,0002853-96.52CM(38),5,0,0,0
REBEL MASS EXPORT PVT LTD,AW24CTR0002-0002860 GREY,0002860-81.28CM(32),81.28CM (32),,0002860-81.28CM(32),5,0,0,0
REBEL MASS EXPORT PVT LTD,AW24CTR0002-0002869 MOUSE,0002869-76.20CM(30),76.20CM (30),,0002869-76.20CM(30),5,0,0,0
REBEL MASS EXPORT PVT LTD,AW24CTR0003-0004819 KHAKI,0004819-91.44CM(36),91.44CM (36),,0004819-91.44CM(36),5,0,0,0
REBEL MASS EXPORT PVT LTD,AW24CTR0003-0004820 KHAKI,0004820-96.52CM(38),96.52CM (38),,0004820-96.52CM(38),5,0,0,0
REBEL MASS EXPORT PVT LTD,AW24CTR0003-0004825 D.GREY,0004825-91.44CM(36),91.44CM (36),,0004825-91.44CM(36),5,0,0,0
REBEL MASS EXPORT PVT LTD,AW24CTR0003-0004826 D.GREY,0004826-96.52CM(38),96.52CM (38),,0004826-96.52CM(38),5,0,0,0
REBEL MASS EXPORT PVT LTD,AW24CTR0003-0004827 D.GREY,0004827-101.6CM(40),101.6CM (40),,0004827-101.6CM(40),5,0,0,0
REBEL MASS EXPORT PVT LTD,AW24CTR0003-0004858 L.GREY,0004858-76.20CM(30),76.20CM (30),,0004858-76.20CM(30),5,0,0,0
REBEL MASS EXPORT PVT LTD,AW24CTR0003-0004862 L.GREY,0004862-96.52CM(38),96.52CM (38),,0004862-96.52CM(38),5,0,0,0
REBEL MASS EXPORT PVT LTD,AW24CTR0004-0005731 GREEN,0005731-96.52CM(38),96.52CM (38),,0005731-96.52CM(38),5,0,0,0
REBEL MASS EXPORT PVT LTD,AW24CTR0004-0005732 PISTA,0005732-76.20CM(30),76.20CM (30),,0005732-76.20CM(30),5,0,0,0
REBEL MASS EXPORT PVT LTD,AW24CTR0004-0005735 PISTA,0005735-91.44CM(36),91.44CM (36),,0005735-91.44CM(36),5,0,0,0
REBEL MASS EXPORT PVT LTD,AW24CTR0004-0005740 BROWN,0005740-91.44CM(36),91.44CM (36),,0005740-91.44CM(36),5,0,0,0
REBEL MASS EXPORT PVT LTD,AW24CTR0004-0005786 MAHANDI,0005786-96.52CM(38),96.52CM (38),,0005786-96.52CM(38),5,0,0,0
REBEL MASS EXPORT PVT LTD,AW24CTR0005-0005760 STEAL GREY,0005760-91.44CM(36),91.44CM (36),,0005760-91.44CM(36),5,0,0,0
REBEL MASS EXPORT PVT LTD,AW24CTR0005-0005776 KHAKI,0005776-96.52CM(38),96.52CM (38),,0005776-96.52CM(38),5,0,0,0
REBEL MASS EXPORT PVT LTD,AW24CTR0005-0005781 GREY,0005781-96.52CM(38),96.52CM (38),,0005781-96.52CM(38),5,0,0,0
REBEL MASS EXPORT PVT LTD,AW24CTR0006-0006536 PISTA,0006536-76.20CM(30),76.20CM (30),,0006536-76.20CM(30),5,0,0,0
REBEL MASS EXPORT PVT LTD,AW24CTR0006-0006551 BEIGE,0006551-76.20CM(30),76.20CM (30),,0006551-76.20CM(30),5,0,0,0
REBEL MASS EXPORT PVT LTD,AW24CTR0006-0006555 BEIGE,0006555-96.52CM(38),96.52CM (38),,0006555-96.52CM(38),5,0,0,0
REBEL MASS EXPORT PVT LTD,AW24CTR0007-0006585 MUSTARD,0006585-96.52CM(38),96.52CM (38),,0006585-96.52CM(38),5,0,0,0
REBEL MASS EXPORT PVT LTD,AW24D0002-0002549 CARBON BLUE,0002549-81.28CM(32),81.28CM (32),,0002549-81.28CM(32),5,0,0,0
REBEL MASS EXPORT PVT LTD,AW24D0009A-0004261 DIRTY EARTH,0004261-91.44CM(36),91.44CM(36),,0004261-91.44CM(36),5,0,0,0
REBEL MASS EXPORT PVT LTD,AW24D0009A-0004273 ICE BLUE,0004273-91.44CM(36),91.44CM(36),,0004273-91.44CM(36),5,0,0,0
REBEL MASS EXPORT PVT LTD,AW24D0013-0004363 GREY,0004363-76.2CM(30),76.2CM (30),,0004363-76.2CM(30),5,0,0,0
REBEL MASS EXPORT PVT LTD,AW24D0013-0004364 GREY,0004364-81.28CM(32),81.28CM (32),,0004364-81.28CM(32),5,0,0,0
REBEL MASS EXPORT PVT LTD,AW24D0013-0004366 GREY,0004366-91.44CM(36),91.44CM(36),,0004366-91.44CM(36),5,0,0,0
REBEL MASS EXPORT PVT LTD,AW24D0014-0004372 BLUE,0004372-91.44CM(36),91.44CM(36),,0004372-91.44CM(36),5,0,0,0
REBEL MASS EXPORT PVT LTD,AW24D0014-0004373 BLUE,0004373-96.52CM(38),96.52CM (38),,0004373-96.52CM(38),5,0,0,0
REBEL MASS EXPORT PVT LTD,AW24D0020-0004359 L.BLUE,0004359-86.36CM(34),86.36CM (34),,0004359-86.36CM(34),5,0,0,0
REBEL MASS EXPORT PVT LTD,AW24D0024-0005412 L.BLUE,0005412-81.28CM(32),81.28CM (32),,0005412-81.28CM(32),5,0,0,0
REBEL MASS EXPORT PVT LTD,AW24D0028-0006447 BLACK,0006447-86.36CM(34),86.36CM (34),,0006447-86.36CM(34),5,0,0,0
REBEL MASS EXPORT PVT LTD,AW24D0029-0006466 DARK BLUE,0006466-91.44CM(36),91.44CM (36),,0006466-91.44CM(36),5,0,0,0
REBEL MASS EXPORT PVT LTD,AW24D0029-0006471 BLACK,0006471-86.36CM(34),86.36CM (34),,0006471-86.36CM(34),5,0,0,0
REBEL MASS EXPORT PVT LTD,AW24FTR0001-0002587 BLUE,0002587-91.44CM(36),91.44CM (36),,0002587-91.44CM(36),5,0,0,0
REBEL MASS EXPORT PVT LTD,AW24FTR0003-0002597 DARK GREY,0002597-71.12CM(28),71.12CM (28),,0002597-71.12CM(28),5,0,0,0
REBEL MASS EXPORT PVT LTD,AW24FTR0005-0003029 GREEN,0003029-86.36CM(34),86.36CM (34),,0003029-86.36CM(34),5,0,0,0
REBEL MASS EXPORT PVT LTD,AW24FTR0005-0003050 CHARCOAL,0003050-71.12CM(28),71.12CM (28),,0003050-71.12CM(28),5,0,0,0
REBEL MASS EXPORT PVT LTD,AW24FTR0005-0003064 GREEN,0003064-81.28CM(32),81.28CM (32),,0003064-81.28CM(32),5,0,0,0
REBEL MASS EXPORT PVT LTD,AW24FTR0005-0003075 KHAKI,0003075-76.2CM(30),76.2CM (30),,0003075-76.2CM(30),5,0,0,0
REBEL MASS EXPORT PVT LTD,AW24FTR0005-0003094 B.GREEN,0003094-81.28CM(32),81.28CM (32),,0003094-81.28CM(32),5,0,0,0
REBEL MASS EXPORT PVT LTD,AW24FTR0005-0003118 L.GREEN,0003118-81.28CM(32),81.28CM (32),,0003118-81.28CM(32),5,0,0,0
REBEL MASS EXPORT PVT LTD,AW24FTR0005-0003124 BLUE,0003124-81.28CM(32),81.28CM (32),,0003124-81.28CM(32),5,0,0,0
REBEL MASS EXPORT PVT LTD,AW24FTR0005-0003143 L.BROWN,0003143-86.36CM(34),86.36CM (34),,0003143-86.36CM(34),5,0,0,0
REBEL MASS EXPORT PVT LTD,AW24FTR0005-0003153 VAILET,0003153-76.2CM(30),76.2CM (30),,0003153-76.2CM(30),5,0,0,0
REBEL MASS EXPORT PVT LTD,AW24FTR0005-0003194 BEIGE,0003194-71.12CM(28),71.12CM (28),,0003194-71.12CM(28),5,0,0,0
REBEL MASS EXPORT PVT LTD,AW24FTR0006-0003971 BLACK,0003971-76.20CM(30),76.20CM (30),,0003971-76.20CM(30),5,0,0,0
REBEL MASS EXPORT PVT LTD,AW24FTR0007-0003377 D.BROWN,0003377-76.2CM(30),76.2CM (30),,0003377-76.2CM(30),5,0,0,0
REBEL MASS EXPORT PVT LTD,AW24FTR0007-0003379 D.BROWN,0003379-86.36CM(34),86.36CM (34),,0003379-86.36CM(34),5,0,0,0
REBEL MASS EXPORT PVT LTD,AW24FTR0007-0003384 D.GREY,0003384-76.2CM(30),76.2CM (30),,0003384-76.2CM(30),5,0,0,0
REBEL MASS EXPORT PVT LTD,AW24FTR0010-0003440 BLUE,0003440-76.2CM(30),76.2CM (30),,0003440-76.2CM(30),5,0,0,0
REBEL MASS EXPORT PVT LTD,AW24FTR0010-0003447 D.GREY,0003447-76.2CM(30),76.2CM (30),,0003447-76.2CM(30),5,0,0,0
REBEL MASS EXPORT PVT LTD,AW24FTR0010-0003462 L.KHAKI,0003462-81.28CM(32),81.28CM (32),,0003462-81.28CM(32),5,0,0,0
REBEL MASS EXPORT PVT LTD,AW24FTR0010-0003475 BEIGE,0003475-76.2CM(30),76.2CM (30),,0003475-76.2CM(30),5,0,0,0
REBEL MASS EXPORT PVT LTD,AW24FTR0010-0003489 D.BROWN,0003489-76.2CM(30),76.2CM (30),,0003489-76.2CM(30),5,0,0,0
REBEL MASS EXPORT PVT LTD,AW24FTR0010-0003978 OLIVE,0003978-76.2CM(30),76.2CM (30),,0003978-76.2CM(30),5,0,0,0
REBEL MASS EXPORT PVT LTD,AW24FTR0010-0003986 L.BLUE,0003986-81.28CM(32),81.28CM (32),,0003986-81.28CM(32),5,0,0,0
REBEL MASS EXPORT PVT LTD,AW24FTR0010-0003992 GREY,0003992-76.2CM(30),76.2CM (30),,0003992-76.2CM(30),5,0,0,0
REBEL MASS EXPORT PVT LTD,AW24FTR0015-0004940 GREY,0004940-81.28CM(32),81.28CM (32),,0004940-81.28CM(32),5,0,0,0
REBEL MASS EXPORT PVT LTD,AW24FTR0019-0004970 NAVY,0004970-81.28CM(32),81.28CM (32),,0004970-81.28CM(32),5,0,0,0
REBEL MASS EXPORT PVT LTD,AW24FTR0019-0004971 NAVY,0004971-86.36CM(34),86.36CM (34),,0004971-86.36CM(34),5,0,0,0
REBEL MASS EXPORT PVT LTD,AW24FTR0024-0005071 BLUE,0005071-86.36CM(34),86.36CM (34),,0005071-86.36CM(34),5,0,0,0
REBEL MASS EXPORT PVT LTD,AW24FTR0024-0006415 D.BLUE,0006415-76.20CM(30),76.20CM (30),,0006415-76.20CM(30),5,0,0,0
REBEL MASS EXPORT PVT LTD,AW24FTR0028-0005096 NAVY,0005096-91.44CM(36),91.44CM(36),,0005096-91.44CM(36),5,0,0,0
REBEL MASS EXPORT PVT LTD,AW24FTR0033-0005145 MOUSE,0005145-101.6CM(40),101.6CM (40),,0005145-101.6CM(40),5,0,0,0
REBEL MASS EXPORT PVT LTD,AW24FTR0034-0005153 BLUE,0005153-71.12CM(28),71.12CM (28),,0005153-71.12CM(28),5,0,0,0
REBEL MASS EXPORT PVT LTD,AW24FTR0034-0005156 BLUE,0005156-86.36CM(34),86.36CM (34),,0005156-86.36CM(34),5,0,0,0
REBEL MASS EXPORT PVT LTD,AW24FTR0036-0005180 GREY,0005180-101.6CM(40),101.6CM (40),,0005180-101.6CM(40),5,0,0,0
REBEL MASS EXPORT PVT LTD,AW24FTR0036-0005181 BLUE,0005181-71.12CM(28),71.12CM (28),,0005181-71.12CM(28),5,0,0,0
REBEL MASS EXPORT PVT LTD,AW24FTR0036-0005184 BLUE,0005184-86.36CM(34),86.36CM (34),,0005184-86.36CM(34),5,0,0,0
REBEL MASS EXPORT PVT LTD,AW24FTR0037-0005792 GREY,0005792-71.12CM(28),71.12CM (28),,0005792-71.12CM(28),5,0,0,0
REBEL MASS EXPORT PVT LTD,AW24FTR0039-0005806 NAVY,0005806-71.12CM(28),71.12CM (28),,0005806-71.12CM(28),5,0,0,0
REBEL MASS EXPORT PVT LTD,AW24FTR0039-0005807 NAVY,0005807-76.20CM(30),76.20CM (30),,0005807-76.20CM(30),5,0,0,0
REBEL MASS EXPORT PVT LTD,AW24FTR0039-0005811 NAVY,0005811-96.52CM(38),96.52CM (38),,0005811-96.52CM(38),5,0,0,0
REBEL MASS EXPORT PVT LTD,AW24-JKT0001-0002000 MOUSE,0002000-XL,XL,,0002000-XL,5,0,0,1
REBEL MASS EXPORT PVT LTD,AW24-JKT0002-0002024 OLIVE,0002024-M,M,,0002024-M,5,0,0,0
REBEL MASS EXPORT PVT LTD,AW24-JKT0003-0002045 BLACK/BEIGE,0002045-L,L,,0002045-L,5,0,0,0
REBEL MASS EXPORT PVT LTD,AW24JKT0003-0002623 BEIGE,0002623-XL,XL,,0002623-XL,5,0,0,0
REBEL MASS EXPORT PVT LTD,AW24JKT0003-0002626 CREAM,0002626-M,M,,0002626-M,5,0,0,0
REBEL MASS EXPORT PVT LTD,AW24JKT0003-0002628 CREAM,0002628-XL,XL,,0002628-XL,5,0,0,0
REBEL MASS EXPORT PVT LTD,AW24JKT0003-0002637 NAVY,0002637-L,L,,0002637-L,5,0,0,0
REBEL MASS EXPORT PVT LTD,AW24JKT0004-0002284 SKY BLUE,0002284-XXL,XXL,,0002284-XXL,5,0,0,0
REBEL MASS EXPORT PVT LTD,AW24JKT0005-2435 NAVY,2435-XXL,XXL,,2435-XXL,5,0,0,0
REBEL MASS EXPORT PVT LTD,AW24JKT0005-2436 GREEN,2436-M,M,,2436-M,5,0,0,0
REBEL MASS EXPORT PVT LTD,AW24JKT0007-0002489 SKY BLUE,0002489-XXL,XXL,,0002489-XXL,5,0,0,0
REBEL MASS EXPORT PVT LTD,AW24JKT0008-0002492 GREY,0002492-L,L,,0002492-L,5,0,0,0
REBEL MASS EXPORT PVT LTD,AW24JKT0016-0007126 BEIGE,0007126-L,L,,0007126-L,5,0,0,0
REBEL MASS EXPORT PVT LTD,AW24LC0001-0002783 OLIVE,0002783-106.68CM(42),106.68CM (42),,0002783-106.68CM(42),5,0,0,0
REBEL MASS EXPORT PVT LTD,AW24LC0002-0002799 RUST,0002799-96.52CM(38),96.52CM (38),,0002799-96.52CM(38),5,0,0,0
REBEL MASS EXPORT PVT LTD,AW24PO0001-0003565 BLACK,0003565-XL,XL,,0003565-XL,5,0,0,0
REBEL MASS EXPORT PVT LTD,AW24PO0001-0003567 BLUE,0003567-L,L,,0003567-L,5,0,0,0
REBEL MASS EXPORT PVT LTD,AW24PO0002-0003576 BLACK,0003576-L,L,,0003576-L,5,0,0,0
REBEL MASS EXPORT PVT LTD,AW24PO0002-0003578 BLUE,0003578-M,M,,0003578-M,5,0,0,0
REBEL MASS EXPORT PVT LTD,AW24PO0002-0003582 KHAKI,0003582-L,L,,0003582-L,5,0,0,0
REBEL MASS EXPORT PVT LTD,AW24PO0002-0003583 KHAKI,0003583-XL,XL,,0003583-XL,5,0,0,0
REBEL MASS EXPORT PVT LTD,AW24S20001-0004286 GREY,0004286-106.68CM(42),106.68CM (42),,0004286-106.68CM(42),5,0,0,0
REBEL MASS EXPORT PVT LTD,AW24S20002-0004889 WINE,0004889-101.6CM(40),101.6CM (40),,0004889-101.6CM(40),5,0,0,0
REBEL MASS EXPORT PVT LTD,AW24S30002-0003842 SEA BLUE,0003842-106.68CM(42),106.68CM (42),,0003842-106.68CM(42),5,0,0,0
REBEL MASS EXPORT PVT LTD,AW24S30005-0004104 SKY BLUE,0004104-106.68CM(42),106.68CM (42),,0004104-106.68CM(42),5,0,0,0
REBEL MASS EXPORT PVT LTD,AW24S30005-0004107 FAWN,0004107-101.6CM(40),101.6CM (40),,0004107-101.6CM(40),5,0,0,0
REBEL MASS EXPORT PVT LTD,AW24SH0001-0002049 MUSTARD,0002049-M,M,,0002049-M,5,0,0,0
REBEL MASS EXPORT PVT LTD,AW24SH0001-0002051 MUSTARD,0002051-XL,XL,,0002051-XL,5,0,0,0
REBEL MASS EXPORT PVT LTD,AW24SH0001-0002061 TURQ.,0002061-M,M,,0002061-M,5,0,0,0
REBEL MASS EXPORT PVT LTD,AW24SH0001-0002062 TURQ,0002062-L,L,,0002062-L,5,0,0,0
REBEL MASS EXPORT PVT LTD,AW24SH0001-0002063 TURQ,0002063-XL,XL,,0002063-XL,5,0,0,0
REBEL MASS EXPORT PVT LTD,AW24SH0001-0002065 SEA GREEN,0002065-M,M,,0002065-M,5,0,0,0
REBEL MASS EXPORT PVT LTD,AW24SH0001-0002068 SEA GREEN,0002068-XXL,XXL,,0002068-XXL,5,0,0,0
REBEL MASS EXPORT PVT LTD,AW24SH0003-0002083 SEA GREEN,0002083-XL,XL,,0002083-XL,5,0,0,0
REBEL MASS EXPORT PVT LTD,AW24SH0006-0002103 SEA BLUE,0002103-XL,XL,,0002103-XL,5,0,0,0
REBEL MASS EXPORT PVT LTD,AW24SH0006-0002104 SEA BLUE,0002104-XXL,XXL,,0002104-XXL,5,0,0,0
REBEL MASS EXPORT PVT LTD,AW24SH0007-0002114 TURQ,0002114-M,M,,0002114-M,5,0,0,0
REBEL MASS EXPORT PVT LTD,AW24SH0007-0002115 TURQ,0002115-L,L,,0002115-L,5,0,0,0
REBEL MASS EXPORT PVT LTD,AW24SH0007-0002117 TURQ,0002117-XXL,XXL,,0002117-XXL,5,0,0,0
REBEL MASS EXPORT PVT LTD,AW24SH0007-0002143 WHITE,0002143-3XL,3XL,,0002143-3XL,5,0,0,0
REBEL MASS EXPORT PVT LTD,AW24SH0008-0002150 TEAL,0002150-L,L,,0002150-L,5,0,0,0
REBEL MASS EXPORT PVT LTD,AW24SH0008-0002158 WHITE,0002158-3XL,3XL,,0002158-3XL,5,0,0,0
REBEL MASS EXPORT PVT LTD,AW24SH0009-0002192 NAVY,0002192-XXL,XXL,,0002192-XXL,5,0,0,0
REBEL MASS EXPORT PVT LTD,AW24SH0011-0002200 BLACK,0002200-XXL,XXL,,0002200-XXL,5,0,0,0
REBEL MASS EXPORT PVT LTD,AW24SH0012-0002203 WHITE,0002203-XL,XL,,0002203-XL,5,0,0,0
REBEL MASS EXPORT PVT LTD,AW24SH0014-0002212 WHT/BLUE,0002212-XXL,XXL,,0002212-XXL,5,0,0,0
REBEL MASS EXPORT PVT LTD,AW24SH0015-0002215 WHITE,0002215-XL,XL,,0002215-XL,5,0,0,0
REBEL MASS EXPORT PVT LTD,AW24SH0015-0002216 WHITE,0002216-XXL,XXL,,0002216-XXL,5,0,0,0
REBEL MASS EXPORT PVT LTD,AW24SH0019-0002256 BLUE,0002256-XXL,XXL,,0002256-XXL,5,0,0,0
REBEL MASS EXPORT PVT LTD,AW24SH0021-0002303 ONION,0002303-XL,XL,,0002303-XL,5,0,0,0
REBEL MASS EXPORT PVT LTD,AW24SH0027-0002352 L.BLUE,0002352-XXL,XXL,,0002352-XXL,5,0,0,0
REBEL MASS EXPORT PVT LTD,AW24SH0028-0002363 GREEN,0002363-XL,XL,,0002363-XL,5,0,0,0
REBEL MASS EXPORT PVT LTD,AW24SH0028-0002367 ONION,0002367-XL,XL,,0002367-XL,5,0,0,0
REBEL MASS EXPORT PVT LTD,AW24SH0029-0002370 BLUE,0002370-L,L,,0002370-L,5,0,0,0
REBEL MASS EXPORT PVT LTD,AW24SH0029-0002376 BROWN,0002376-XXL,XXL,,0002376-XXL,5,0,0,0
REBEL MASS EXPORT PVT LTD,AW24SH0030-0002388 AQUA,0002388-XXL,XXL,,0002388-XXL,5,0,0,0
REBEL MASS EXPORT PVT LTD,AW24SH0031-0002696 GREEN,0002696-L,L,,0002696-L,5,0,0,0
REBEL MASS EXPORT PVT LTD,AW24SH0032-0002705 ONION,0002705-XL,XL,,0002705-XL,5,0,0,0
REBEL MASS EXPORT PVT LTD,AW24SH0035-0002724 BLUE,0002724-L,L,,0002724-L,5,0,0,0
REBEL MASS EXPORT PVT LTD,AW24SH0035-0002725 BLUE,0002725-XL,XL,,0002725-XL,5,0,0,0
REBEL MASS EXPORT PVT LTD,AW24SH0035-0002730 WHITE,0002730-XXL,XXL,,0002730-XXL,5,0,0,0
REBEL MASS EXPORT PVT LTD,AW24SH0037-0002884 RUST,0002884-XL,XL,,0002884-XL,5,0,0,0
REBEL MASS EXPORT PVT LTD,AW24SH0037-0002885 RUST,0002885-XXL,XXL,,0002885-XXL,5,0,0,0
REBEL MASS EXPORT PVT LTD,AW24SH0037-0002890 D.GREY,0002890-M,M,,0002890-M,5,0,0,0
REBEL MASS EXPORT PVT LTD,AW24SH0037-0002913 GOLDEN,0002913-XXL,XXL,,0002913-XXL,5,0,0,0
REBEL MASS EXPORT PVT LTD,AW24SH0038-0002923 BEIGE,0002923-L,L,,0002923-L,5,0,0,0
REBEL MASS EXPORT PVT LTD,AW24SH0039-0002931 LEMON,0002931-L,L,,0002931-L,5,0,0,0
REBEL MASS EXPORT PVT LTD,AW24SH0039-0002949 SEA GREEN,0002949-XXL,XXL,,0002949-XXL,5,0,0,0
REBEL MASS EXPORT PVT LTD,AW24SH0041-0002953 BLUE,0002953-XXL,XXL,,0002953-XXL,5,0,0,0
REBEL MASS EXPORT PVT LTD,AW24SH0042-0002974 GREEN,0002974-M,M,,0002974-M,5,0,0,0
REBEL MASS EXPORT PVT LTD,AW24SH0044-0002985 MULTI,0002985-XXL,XXL,,0002985-XXL,5,0,0,0
REBEL MASS EXPORT PVT LTD,AW24SH0045-0002988 GREY,0002988-XL,XL,,0002988-XL,5,0,0,0
REBEL MASS EXPORT PVT LTD,AW24SH0046-0003227 BEIGE,0003227-XXL,XXL,,0003227-XXL,5,0,0,0
REBEL MASS EXPORT PVT LTD,AW24SH0046-0003234 MULTI,0003234-XL,XL,,0003234-XL,5,0,0,0
REBEL MASS EXPORT PVT LTD,AW24SH0046-0003235 MULTI,0003235-XXL,XXL,,0003235-XXL,5,0,0,0
REBEL MASS EXPORT PVT LTD,AW24SH0047-0003252 BLUE,0003252-M,M,,0003252-M,5,0,0,0
REBEL MASS EXPORT PVT LTD,AW24SH0047-0003255 BLUE,0003255-XXL,XXL,,0003255-XXL,5,0,0,0
REBEL MASS EXPORT PVT LTD,AW24SH0048-0003257 L.GREY,0003257-L,L,,0003257-L,5,0,0,0
REBEL MASS EXPORT PVT LTD,AW24SH0048-0003258 L.GREY,0003258-XL,XL,,0003258-XL,5,0,0,0
REBEL MASS EXPORT PVT LTD,AW24SH0048-0003261 BEIGE,0003261-L,L,,0003261-L,5,0,0,0
REBEL MASS EXPORT PVT LTD,AW24SH0049-0003275 MULTI,0003275-XXL,XXL,,0003275-XXL,5,0,0,0
REBEL MASS EXPORT PVT LTD,AW24SH0050-0003630 CREAM,0003630-L,L,,0003630-L,5,0,0,0
REBEL MASS EXPORT PVT LTD,AW24SH0051-0003287 BLUE,0003287-XXL,XXL,,0003287-XXL,5,0,0,0
REBEL MASS EXPORT PVT LTD,AW24SH0053-0003300 WHT/BLUE,0003300-M,M,,0003300-M,5,0,0,0
REBEL MASS EXPORT PVT LTD,AW24SH0053-0003301 WHT/BLUE,0003301-L,L,,0003301-L,5,0,0,0
REBEL MASS EXPORT PVT LTD,AW24SH0053-0003305 WHT/GREY,0003305-L,L,,0003305-L,5,0,0,0
REBEL MASS EXPORT PVT LTD,AW24SH0054-0003312 WHT/BEIGE,0003312-M,M,,0003312-M,5,0,0,0
REBEL MASS EXPORT PVT LTD,AW24SH0055-0003320 WHT/BEIGE,0003320-M,M,,0003320-M,5,0,0,0
REBEL MASS EXPORT PVT LTD,AW24SH0056-0003324 MULTI,0003324-M,M,,0003324-M,5,0,0,0
REBEL MASS EXPORT PVT LTD,AW24SH0057-0003333 WHT/BLUE,0003333-L,L,,0003333-L,5,0,0,0
REBEL MASS EXPORT PVT LTD,AW24SH0057-0003335 WHT/BLUE,0003335-XXL,XXL,,0003335-XXL,5,0,0,0
REBEL MASS EXPORT PVT LTD,AW24SH0057-0003338 WHT/BEIGE,0003338-XL,XL,,0003338-XL,5,0,0,0
REBEL MASS EXPORT PVT LTD,AW24SH0058-0003343 WHT/BLACK,0003343-XXL,XXL,,0003343-XXL,5,0,0,0
REBEL MASS EXPORT PVT LTD,AW24SH0059-0003348 WHITE,0003348-M,M,,0003348-M,5,0,0,0
REBEL MASS EXPORT PVT LTD,AW24SH0059-0003351 WHITE,0003351-XXL,XXL,,0003351-XXL,5,0,0,0
REBEL MASS EXPORT PVT LTD,AW24SH0062-0003907 S.BLUE,0003907-L,L,,0003907-L,5,0,0,0
REBEL MASS EXPORT PVT LTD,AW24SH0062-0003909 S.BLUE,0003909-XXL,XXL,,0003909-XXL,5,0,0,0
REBEL MASS EXPORT PVT LTD,AW24SH0064-0003921 BEIGE,0003921-XXL,XXL,,0003921-XXL,5,0,0,0
REBEL MASS EXPORT PVT LTD,AW24SH0068-0003959 WHITE,0003959-L,L,,0003959-L,5,0,0,0
REBEL MASS EXPORT PVT LTD,AW24SH0068-0003960 WHITE,0003960-XL,XL,,0003960-XL,5,0,0,0
REBEL MASS EXPORT PVT LTD,AW24SH0069-0003964 WHITE,0003964-XL,XL,,0003964-XL,5,0,0,0
REBEL MASS EXPORT PVT LTD,AW24SH0072-0004039 WHITE,0004039-XL,XL,,0004039-XL,5,0,0,0
REBEL MASS EXPORT PVT LTD,AW24SH0076-0004054 WHITE,0004054-M,M,,0004054-M,5,0,0,0
REBEL MASS EXPORT PVT LTD,AW24SH0084-0004195 L.GREEN,0004195-M,M,,0004195-M,5,0,0,0
REBEL MASS EXPORT PVT LTD,AW24SH0084-0004208 PINK,0004208-L,L,,0004208-L,5,0,0,0
REBEL MASS EXPORT PVT LTD,AW24SH0085-0004222 WHITE,0004222-XXL,XXL,,0004222-XXL,5,0,0,0
REBEL MASS EXPORT PVT LTD,AW24SH0088-0004523 SKY BLUE,0004523-XXL,XXL,,0004523-XXL,5,0,0,0
REBEL MASS EXPORT PVT LTD,AW24SH0088-0004536 KHAKI,0004536-M,M,,0004536-M,5,0,0,0
REBEL MASS EXPORT PVT LTD,AW24SH0088-0004548 PURPLE,0004548-M,M,,0004548-M,5,0,0,0
REBEL MASS EXPORT PVT LTD,AW24SH0089-0004555 SKY BLUE,0004555-XXL,XXL,,0004555-XXL,5,0,0,0
REBEL MASS EXPORT PVT LTD,AW24SH0089-0004565 PURPLE,0004565-L,L,,0004565-L,5,0,0,0
REBEL MASS EXPORT PVT LTD,AW24SH0089-0004581 TEAL,0004581-L,L,,0004581-L,5,0,0,0
REBEL MASS EXPORT PVT LTD,AW24SH0090-0004584 BEIGE,0004584-M,M,,0004584-M,5,0,0,0
REBEL MASS EXPORT PVT LTD,AW24SH0090-0004587 BEIGE,0004587-XXL,XXL,,0004587-XXL,5,0,0,0
REBEL MASS EXPORT PVT LTD,AW24SH0091-0004624 BROWN,0004624-M,M,,0004624-M,5,0,0,0
REBEL MASS EXPORT PVT LTD,AW24SH0092-0004631 WHITE,0004631-XXL,XXL,,0004631-XXL,5,0,0,0
REBEL MASS EXPORT PVT LTD,AW24SH0093-0004641 WHITE,0004641-L,L,,0004641-L,5,0,0,0
REBEL MASS EXPORT PVT LTD,AW24SH0093-0004642 WHITE,0004642-XL,XL,,0004642-XL,5,0,0,0
REBEL MASS EXPORT PVT LTD,AW24SH0093-0004645 NAVY,0004645-L,L,,0004645-L,5,0,0,0
REBEL MASS EXPORT PVT LTD,AW24SH0094-0004671 LEMON,0004671-XXL,XXL,,0004671-XXL,5,0,0,0
REBEL MASS EXPORT PVT LTD,AW24SH0094-0004690 BEIGE,0004690-XL,XL,,0004690-XL,5,0,0,0
REBEL MASS EXPORT PVT LTD,AW24SH0094-0004701 SKY BLUE,0004701-L,L,,0004701-L,5,0,0,0
REBEL MASS EXPORT PVT LTD,AW24SH0094-0004705 CREAM,0004705-L,L,,0004705-L,5,0,0,0
REBEL MASS EXPORT PVT LTD,AW24SH0096-0004776 PISTA,0004776-M,M,,0004776-M,5,0,0,0
REBEL MASS EXPORT PVT LTD,AW24SH0096-0004780 BEIGE,0004780-M,M,,0004780-M,5,0,0,0
REBEL MASS EXPORT PVT LTD,AW24SH0096-0004787 GREY,0004787-XXL,XXL,,0004787-XXL,5,0,0,0
REBEL MASS EXPORT PVT LTD,AW24SH0096-0004788 OLIVE,0004788-M,M,,0004788-M,5,0,0,0
REBEL MASS EXPORT PVT LTD,AW24SH0097-0004810 WINE,0004810-XL,XL,,0004810-XL,5,0,0,0
REBEL MASS EXPORT PVT LTD,AW24SH0101-0005270 BR/BLUE,0005270-XXL,XXL,,0005270-XXL,5,0,0,0
REBEL MASS EXPORT PVT LTD,AW24SH0103-0005284 WHT/RED,0005284-L,L,,0005284-L,5,0,0,0
REBEL MASS EXPORT PVT LTD,AW24SH0105-0005300 WHT/BEIGE,0005300-L,L,,0005300-L,5,0,0,0
REBEL MASS EXPORT PVT LTD,AW24SH0105-0005352 GREY,0005352-XL,XL,,0005352-XL,5,0,0,0
REBEL MASS EXPORT PVT LTD,AW24SH0108-0005358 SEA GREEN,0005358-M,M,,0005358-M,5,0,0,0
REBEL MASS EXPORT PVT LTD,AW24SH0109-0005345 BROWN,0005345-XXL,XXL,,0005345-XXL,5,0,0,0
REBEL MASS EXPORT PVT LTD,AW24SH0115-0005504 YELLOW,0005504-M,M,,0005504-M,5,0,0,0
REBEL MASS EXPORT PVT LTD,AW24SH0116-0005516 NAVY,0005516-M,M,,0005516-M,5,0,0,0
REBEL MASS EXPORT PVT LTD,AW24SH0117-0005523 RED,0005523-XXL,XXL,,0005523-XXL,5,0,0,0
REBEL MASS EXPORT PVT LTD,AW24SH0119-0005536 GREY,0005536-M,M,,0005536-M,5,0,0,0
REBEL MASS EXPORT PVT LTD,AW24SH0121-0005552 MAHROON,0005552-M,M,,0005552-M,5,0,0,0
REBEL MASS EXPORT PVT LTD,AW24SH0123-0005630 SKY BLUE,0005630-XXL,XXL,,0005630-XXL,5,0,0,0
REBEL MASS EXPORT PVT LTD,AW24SH0124-0005634 SKY BLUE,0005634-XXL,XXL,,0005634-XXL,5,0,0,0
REBEL MASS EXPORT PVT LTD,AW24SH0126-0005642 SKY BLUE,0005642-XXL,XXL,,0005642-XXL,5,0,0,0
REBEL MASS EXPORT PVT LTD,AW24SH0139-0005692 WHITE,0005692-L,L,,0005692-L,5,0,0,0
REBEL MASS EXPORT PVT LTD,AW24SH0142-0005703 WHITE,0005703-M,M,,0005703-M,5,0,0,0
REBEL MASS EXPORT PVT LTD,AW24SH0145-0005716 WHITE,0005716-L,L,,0005716-L,5,0,0,0
REBEL MASS EXPORT PVT LTD,AW24SH0157-0005948 OLIVE,0005948-XXL,XXL,,0005948-XXL,5,0,0,0
REBEL MASS EXPORT PVT LTD,AW24SH0157-0005950 BLACK,0005950-L,L,,0005950-L,5,0,0,0
REBEL MASS EXPORT PVT LTD,AW24SH0157-0005952 BLACK,0005952-XXL,XXL,,0005952-XXL,5,0,0,0
REBEL MASS EXPORT PVT LTD,AW24SH0158-0005956 GREY,0005956-XXL,XXL,,0005956-XXL,5,0,0,0
REBEL MASS EXPORT PVT LTD,AW24SH0158-0005957 COFFEE,0005957-M,M,,0005957-M,5,0,0,0
REBEL MASS EXPORT PVT LTD,AW24SH0158-0005960 COFFEE,0005960-XXL,XXL,,0005960-XXL,5,0,0,0
REBEL MASS EXPORT PVT LTD,AW24SH0159-0005965 BROWN,0005965-M,M,,0005965-M,5,0,0,0
REBEL MASS EXPORT PVT LTD,AW24SH0159-0005968 BROWN,0005968-XXL,XXL,,0005968-XXL,5,0,0,0
REBEL MASS EXPORT PVT LTD,AW24SH0161-0005996 SKY BLUE,0005996-XXL,XXL,,0005996-XXL,5,0,0,0
REBEL MASS EXPORT PVT LTD,AW24SH0162-0006016 PEACH,0006016-XXL,XXL,,0006016-XXL,5,0,0,0
REBEL MASS EXPORT PVT LTD,AW24SH0163-0006021 TURQ,0006021-M,M,,0006021-M,5,0,0,0
REBEL MASS EXPORT PVT LTD,AW24SH0163-0006024 TURQ,0006024-XXL,XXL,,0006024-XXL,5,0,0,0
REBEL MASS EXPORT PVT LTD,AW24SH0163-0006028 PINK,0006028-XXL,XXL,,0006028-XXL,5,0,0,0
REBEL MASS EXPORT PVT LTD,AW24SH0163-0006029 L.PURPLE,0006029-M,M,,0006029-M,5,0,0,0
REBEL MASS EXPORT PVT LTD,AW24SH0163-0006033 L.GREEN,0006033-M,M,,0006033-M,5,0,0,0
REBEL MASS EXPORT PVT LTD,AW24SH0176-0006129 BEIGE,0006129-M,M,,0006129-M,5,0,0,0
REBEL MASS EXPORT PVT LTD,AW24SH0176-0006132 BEIGE,0006132-XXL,XXL,,0006132-XXL,5,0,0,0
REBEL MASS EXPORT PVT LTD,AW24SH0177-0006137 P.GREEN,0006137-M,M,,0006137-M,5,0,0,0
REBEL MASS EXPORT PVT LTD,AW24SH0179-0006172 BROWN,0006172-XXL,XXL,,0006172-XXL,5,0,0,0
REBEL MASS EXPORT PVT LTD,AW24SH0179-0006185 NAVY,0006185-M,M,,0006185-M,5,0,0,0
REBEL MASS EXPORT PVT LTD,AW24SH0180-0006196 WHITE,0006196-XXL,XXL,,0006196-XXL,5,0,0,0
REBEL MASS EXPORT PVT LTD,AW24SH0182-0006218 SKY BLUE,0006218-L,L,,0006218-L,5,0,0,0
REBEL MASS EXPORT PVT LTD,AW24SH0182-0006219 SKY BLUE,0006219-XL,XL,,0006219-XL,5,0,0,0
REBEL MASS EXPORT PVT LTD,AW24SH0184-0006234 GREY,0006234-L,L,,0006234-L,5,0,0,0
REBEL MASS EXPORT PVT LTD,AW24SH0184-0006239 BEIGE,0006239-XL,XL,,0006239-XL,5,0,0,0
REBEL MASS EXPORT PVT LTD,AW24SH0184-0006240 BEIGE,0006240-XXL,XXL,,0006240-XXL,5,0,0,0
REBEL MASS EXPORT PVT LTD,AW24SH0186-0006256 MAHROON,0006256-XXL,XXL,,0006256-XXL,5,0,0,0
REBEL MASS EXPORT PVT LTD,AW24SH0188-0006268 BLUE,0006268-XXL,XXL,,0006268-XXL,5,0,0,0
REBEL MASS EXPORT PVT LTD,AW24SH0189-0006282 GREEN,0006282-L,L,,0006282-L,5,0,0,0
REBEL MASS EXPORT PVT LTD,AW24SH0190-0006291 GREY,0006291-XL,XL,,0006291-XL,5,0,0,0
REBEL MASS EXPORT PVT LTD,AW24SH0191-0006301 BLACK,0006301-M,M,,0006301-M,5,0,0,0
REBEL MASS EXPORT PVT LTD,AW24SH0193-0006517 NAVY,0006517-L,L,,0006517-L,5,0,0,0
REBEL MASS EXPORT PVT LTD,AW24SH0193-0006518 NAVY,0006518-XL,XL,,0006518-XL,5,0,0,0
REBEL MASS EXPORT PVT LTD,AW24SK0001-0002449 BEIGE,0002449-L,L,,0002449-L,5,0,0,0
REBEL MASS EXPORT PVT LTD,AW24SK0001-0002450 BEIGE,0002450-XL,XL,,0002450-XL,5,0,0,0
REBEL MASS EXPORT PVT LTD,AW24SK0001-0002457 ONION,0002457-L,L,,0002457-L,5,0,0,0
REBEL MASS EXPORT PVT LTD,AW24SK0001-0002463 L.PURPLE,0002463-XXL,XXL,,0002463-XXL,5,0,0,0
REBEL MASS EXPORT PVT LTD,AW24SK0001-0002466 BROWN,0002466-XL,XL,,0002466-XL,5,0,0,0
REBEL MASS EXPORT PVT LTD,AW24SK0001-0002470 OFF WHITE,0002470-XL,XL,,0002470-XL,5,0,0,0
REBEL MASS EXPORT PVT LTD,AW24SK0001-0002533 WHITE,0002533-XL,XL,,0002533-XL,5,0,0,0
REBEL MASS EXPORT PVT LTD,AW24SK0001-0002752 LIGHT GREY,0002752-M,M,,0002752-M,5,0,0,0
REBEL MASS EXPORT PVT LTD,AW24SS0018-0005317 ANTRA,0005317-5XL,5XL,,0005317-5XL,5,0,0,0
REBEL MASS EXPORT PVT LTD,AW24SS0020-0006319 BLACK,0006319-XL,XL,,0006319-XL,5,0,0,0
REBEL MASS EXPORT PVT LTD,AW24SS0022-0006352 GREEN,0006352-XXL,XXL,,0006352-XXL,5,0,0,0
REBEL MASS EXPORT PVT LTD,AW24SS0022-0006356 YELLOW,0006356-XXL,XXL,,0006356-XXL,5,0,0,0
REBEL MASS EXPORT PVT LTD,AW24SS0023-0006361 OLIVE,0006361-M,M,,0006361-M,5,0,0,0
REBEL MASS EXPORT PVT LTD,AW24SS0023-0006366 OLIVE,0006366-L,L,,0006366-L,5,0,0,0
REBEL MASS EXPORT PVT LTD,AW24SS0024-0006377 MAHROON,0006377-M,M,,0006377-M,5,0,0,0
REBEL MASS EXPORT PVT LTD,AW24SS0024-0006508 D..NAVY,0006508-M,M,,0006508-M,5,0,0,0
REBEL MASS EXPORT PVT LTD,AW24TK0001-0004306 ANTRA,0004306-L,L,,0004306-L,5,0,0,0
REBEL MASS EXPORT PVT LTD,AW24TX0002-0004331 COFFEE,0004331-101.6CM(40),101.6CM (40),,0004331-101.6CM(40),5,0,0,0
REBEL MASS EXPORT PVT LTD,AW24TX0002-0004334 CHARCOAL,0004334-96.52CM(38),96.52CM (38),,0004334-96.52CM(38),5,0,0,0
REBEL MASS EXPORT PVT LTD,AW24WL0002-0003788 MUSTARD,0003788-M,M,,0003788-M,5,0,0,0
REBEL MASS EXPORT PVT LTD,AW24WL0002-0003793 BLACK,0003793-L,L,,0003793-L,5,0,0,0
REBEL MASS EXPORT PVT LTD,BELT0001-0001792 BLACK,0001792-104CM,104 CM,,0001792-104CM,5,0,0,0
REBEL MASS EXPORT PVT LTD,BELT0001-0001793 BLACK,0001793-110CM,110 CM,,0001793-110CM,5,0,0,0
REBEL MASS EXPORT PVT LTD,BELT0001-0001794 BLACK,0001794-115CM,115 CM,,0001794-115CM,5,0,0,0
REBEL MASS EXPORT PVT LTD,BELT0002-0001800 BAIGE,0001800-125CM,125 CM,,0001800-125CM,5,0,0,0
REBEL MASS EXPORT PVT LTD,BELT0002-0001831 MAROON,0001831-120CM,120 CM,,0001831-120CM,5,0,0,0
REBEL MASS EXPORT PVT LTD,BELT0006-0001883 BR/BLACK,0001883-120CM,120 CM,,0001883-120CM,5,0,0,0
REBEL MASS EXPORT PVT LTD,BELT0006-0001884 BR/BLACK,0001884-125CM,125 CM,,0001884-125CM,5,0,0,0
REBEL MASS EXPORT PVT LTD,BELT0007-0001859 DARK BROWN,0001859-115CM,115 CM,,0001859-115CM,5,0,0,0
REBEL MASS EXPORT PVT LTD,BELT25-18-0001-0008036 BLACK,0008036-125CM,125CM,,0008036-125CM,5,0,0,0
REBEL MASS EXPORT PVT LTD,BELT25-18-0002-0008041 BLACK,0008041-110CM,110 CM,,0008041-110CM,5,0,0,0
REBEL MASS EXPORT PVT LTD,BELT25-18-0003-0008053 BROWN,0008053-110CM,110 CM,,0008053-110CM,5,0,0,0
REBEL MASS EXPORT PVT LTD,BLZ25-0006 BEIGE,DA0624-111.76CM(44),111.76CM (44),,DA0624-111.76CM(44),5,0,0,0
REBEL MASS EXPORT PVT LTD,BLZ25-0006 BEIGE,DA0621-96.52CM(38),96.52CM (38),,DA0621-96.52CM(38),5,0,0,0
REBEL MASS EXPORT PVT LTD,BLZ25-0010 GREY,DA0863-91.44CM(36),91.44CM (36),,DA0863-91.44CM(36),5,0,0,0
REBEL MASS EXPORT PVT LTD,BLZ25-0010 KHAKI,DA0869-96.52CM(38),96.52CM (38),,DA0869-96.52CM(38),5,0,0,0
REBEL MASS EXPORT PVT LTD,BLZ25-0013 L.BLUE,DA1395-96.52CM(38),96.52CM (38),,DA1395-96.52CM(38),5,0,0,0
REBEL MASS EXPORT PVT LTD,BLZ25-0014 L.KHAKI,DA1406-111.76CM(44),111.76CM (44),,DA1406-111.76CM(44),5,0,0,0
REBEL MASS EXPORT PVT LTD,BLZ25-0017 CHARCOAL GREY,DA1418-111.76CM(44),111.76CM (44),,DA1418-111.76CM(44),5,0,0,0
REBEL MASS EXPORT PVT LTD,BLZ25-0022 BLACK MELANGE,DA3437-111.76CM(44),111.76CM (44),,DA3437-111.76CM(44),5,0,0,0
REBEL MASS EXPORT PVT LTD,BLZ25-40-0001-0008135 NAVY,0008135-91.44CM(36),91.44CM(36),,0008135-91.44CM(36),5,0,0,0
REBEL MASS EXPORT PVT LTD,CJKT25-15-0001-0007109 AIR FORCE,0007109-M,M,,0007109-M,5,0,0,0
REBEL MASS EXPORT PVT LTD,CJKT25-15-0001-0007197 RED,0007197-M,M,,0007197-M,5,0,0,0
REBEL MASS EXPORT PVT LTD,CPO25-44-0001-0007571 BROWN,0007571-XL,XL,,0007571-XL,5,0,0,0
REBEL MASS EXPORT PVT LTD,CRC25-0002-0006809 CREAM,0006809-86.36CM(34),86.36CM (34),,0006809-86.36CM(34),5,0,0,0
REBEL MASS EXPORT PVT LTD,CRC25-0002-0007621 GREY,0007621-76.20CM(30),76.20CM (30),,0007621-76.20CM(30),5,0,0,0
REBEL MASS EXPORT PVT LTD,CRC25-0002-0007623 GREY,0007623-86.36CM(34),86.36CM (34),,0007623-86.36CM(34),5,0,0,0
REBEL MASS EXPORT PVT LTD,CRC25-0002-0007626 GREY,0007626-101.6CM(40),101.6CM (40),,0007626-101.6CM(40),5,0,0,0
REBEL MASS EXPORT PVT LTD,CRC25-0002-0007634 STEAL GREY,0007634-81.28CM(32),81.28CM (32),,0007634-81.28CM(32),5,0,0,0
REBEL MASS EXPORT PVT LTD,CRC25-0002-0007641 OLIVE,0007641-86.36CM(34),86.36CM (34),,0007641-86.36CM(34),5,0,0,0
REBEL MASS EXPORT PVT LTD,CRC25-0004 ICE BLUE,DA0002-76.20CM(30),76.20CM (30),,DA0002-76.20CM(30),5,0,0,0
REBEL MASS EXPORT PVT LTD,CRC25-0004 KHAKI,DA0016-86.36CM(34),86.36CM (34),,DA0016-86.36CM(34),5,0,0,0
REBEL MASS EXPORT PVT LTD,CRC25-0004 KHAKI,DA0017-91.44CM(36),91.44CM (36),,DA0017-91.44CM(36),5,0,0,0
REBEL MASS EXPORT PVT LTD,CRC25-0004 KHAKI,DA0018-96.52CM(38),96.52CM (38),,DA0018-96.52CM(38),5,0,0,0
REBEL MASS EXPORT PVT LTD,CRC25-0004 WHITE,DA0051-81.28CM(32),81.28CM (32),,DA0051-81.28CM(32),5,0,0,0
REBEL MASS EXPORT PVT LTD,CRC25-0004 WHITE,DA0052-86.36CM(34),86.36CM (34),,DA0052-86.36CM(34),5,0,0,0
REBEL MASS EXPORT PVT LTD,CRC25-0004A GREY,DA0466-76.20CM(30),76.20CM (30),,DA0466-76.20CM(30),5,0,0,0
REBEL MASS EXPORT PVT LTD,CRC25-0005 BLACK,DA0243-71.12CM(28),71.12CM (28),,DA0243-71.12CM(28),5,0,0,0
REBEL MASS EXPORT PVT LTD,CRC25-0005 GREEN,DA0481-91.44CM(36),91.44CM (36),,DA0481-91.44CM(36),5,0,0,0
REBEL MASS EXPORT PVT LTD,CRC25-0005 GREEN,DA0482-96.52CM(38),96.52CM (38),,DA0482-96.52CM(38),5,0,0,0
REBEL MASS EXPORT PVT LTD,CRC25-0005 GREY,DA0266-96.52CM(38),96.52CM (38),,DA0266-96.52CM(38),5,0,0,0
REBEL MASS EXPORT PVT LTD,CRC25-0005 KHAKI,DA0275-81.28CM(32),81.28CM (32),,DA0275-81.28CM(32),5,0,0,0
REBEL MASS EXPORT PVT LTD,CRC25-0005 KHAKI,DA0278-96.52CM(38),96.52CM (38),,DA0278-96.52CM(38),5,0,0,0
REBEL MASS EXPORT PVT LTD,CRC25-0005 L.GREY,DA0272-96.52CM(38),96.52CM (38),,DA0272-96.52CM(38),5,0,0,0
REBEL MASS EXPORT PVT LTD,CRC25-0005 NAVY,DA0253-91.44CM(36),91.44CM (36),,DA0253-91.44CM(36),5,0,0,0
REBEL MASS EXPORT PVT LTD,CRC25-0005 OFF WHITE,DA0231-71.12CM(28),71.12CM (28),,DA0231-71.12CM(28),5,0,0,0
REBEL MASS EXPORT PVT LTD,CRC25-0005 PISTA,DA0238-76.20CM(30),76.20CM (30),,DA0238-76.20CM(30),5,0,0,0
REBEL MASS EXPORT PVT LTD,CRC25-0005 PISTA,DA0241-91.44CM(36),91.44CM (36),,DA0241-91.44CM(36),5,0,0,0
REBEL MASS EXPORT PVT LTD,CRC25-0006 BLACK,DA0327-101.6CM(40),101.6CM (40),,DA0327-101.6CM(40),5,0,0,0
REBEL MASS EXPORT PVT LTD,CRC25-0007 SKY BLUE,DA0359-81.28CM(32),81.28CM (32),,DA0359-81.28CM(32),5,0,0,0
REBEL MASS EXPORT PVT LTD,CRC25-0008 D.GREY,DA0415-91.44CM(36),91.44CM (36),,DA0415-91.44CM(36),5,0,0,0
REBEL MASS EXPORT PVT LTD,CRC25-0008 GREY,DA0401-111.76CM(44),111.76CM (44),,DA0401-111.76CM(44),5,0,0,0
REBEL MASS EXPORT PVT LTD,CRC25-0008 GREY,DA0395-81.28CM(32),81.28CM (32),,DA0395-81.28CM(32),5,0,0,0
REBEL MASS EXPORT PVT LTD,CRC25-0008 MUSTARD,DA0386-81.28CM(32),81.28CM (32),,DA0386-81.28CM(32),5,0,0,0
REBEL MASS EXPORT PVT LTD,CRC25-0008 NAVY,DA0381-101.6CM(40),101.6CM (40),,DA0381-101.6CM(40),5,0,0,0
REBEL MASS EXPORT PVT LTD,CRC25-0008 NAVY,DA0383-111.76CM(44),111.76CM (44),,DA0383-111.76CM(44),5,0,0,0
REBEL MASS EXPORT PVT LTD,CRC25-0008 NAVY,DA0379-91.44CM(36),91.44CM (36),,DA0379-91.44CM(36),5,0,0,0
REBEL MASS EXPORT PVT LTD,CRC25-0009 D.GREY,DA0458-81.28CM(32),81.28CM (32),,DA0458-81.28CM(32),5,0,0,0
REBEL MASS EXPORT PVT LTD,CRC25-0009 D.GREY,DA0459-86.36CM(34),86.36CM (34),,DA0459-86.36CM(34),5,0,0,0
REBEL MASS EXPORT PVT LTD,CRC25-0009 MUSTARD,DA0432-86.36CM(34),86.36CM (34),,DA0432-86.36CM(34),5,0,0,0
REBEL MASS EXPORT PVT LTD,CRC25-0010 BROWN,DA3297-81.28CM(32),81.28CM (32),,DA3297-81.28CM(32),5,0,0,0
REBEL MASS EXPORT PVT LTD,CRC25-0010 CREAM,DA3289-71.12CM(28),71.12CM (28),,DA3289-71.12CM(28),5,0,0,0
REBEL MASS EXPORT PVT LTD,CRC25-0010 CREAM,DA3290-76.2CM(30),76.2CM (30),,DA3290-76.2CM(30),5,0,0,0
REBEL MASS EXPORT PVT LTD,CRC25-0010 DARK BROWN,DA2537-86.36CM(34),86.36CM (34),,DA2537-86.36CM(34),5,0,0,0
REBEL MASS EXPORT PVT LTD,CRC25-0010 GREY,DA2516-71.12CM(28),71.12CM (28),,DA2516-71.12CM(28),5,0,0,0
REBEL MASS EXPORT PVT LTD,CRC25-0010 GREY,DA2521-96.52CM(38),96.52CM (38),,DA2521-96.52CM(38),5,0,0,0
REBEL MASS EXPORT PVT LTD,CRC25-0010 L.GREY,DA2522-71.12CM(28),71.12CM (28),,DA2522-71.12CM(28),5,0,0,0
REBEL MASS EXPORT PVT LTD,CRC25-0010 L.GREY,DA2527-96.52CM(38),96.52CM (38),,DA2527-96.52CM(38),5,0,0,0
REBEL MASS EXPORT PVT LTD,CRC25-18-0003 D.OLIVE,DA0205-96.52CM(38),96.52CM (38),,DA0205-96.52CM(38),5,0,0,0
REBEL MASS EXPORT PVT LTD,CRC25-18-0003 PISTA,DA0633-76.20CM(30),76.20CM (30),,DA0633-76.20CM(30),5,0,0,0
REBEL MASS EXPORT PVT LTD,CRC25-18-0003-0008161 MEHANDI,0008161-101.6CM(40),101.6CM (40),,0008161-101.6CM(40),5,0,0,0
REBEL MASS EXPORT PVT LTD,CRC25-18-0003-0008173 SKY BLUE,0008173-101.6CM(40),101.6CM (40),,0008173-101.6CM(40),5,0,0,0
REBEL MASS EXPORT PVT LTD,CSH25-0002-0006648 WHT/BLUE,0006648-S,S,,0006648-S,5,0,0,0
REBEL MASS EXPORT PVT LTD,CSH25-0002-0006655 MID BLUE,0006655-XL,XL,,0006655-XL,5,0,0,0
REBEL MASS EXPORT PVT LTD,CSH25-0005-0006854 NAVY,0006854-L,L,,0006854-L,5,0,0,0
REBEL MASS EXPORT PVT LTD,CSH25-0005-0006856 NAVY,0006856-XXL,XXL,,0006856-XXL,5,0,0,0
REBEL MASS EXPORT PVT LTD,CSH25-0005-0006859 BLACK,0006859-XL,XL,,0006859-XL,5,0,0,0
REBEL MASS EXPORT PVT LTD,CSH25-0007-0006869 BEIGE,0006869-M,M,,0006869-M,5,0,0,0
REBEL MASS EXPORT PVT LTD,CSH25-0008-0006881 SKY BLUE,0006881-M,M,,0006881-M,5,0,0,0
REBEL MASS EXPORT PVT LTD,CSH25-0010-0006898 D.NAVY,0006898-L,L,,0006898-L,5,0,0,0
REBEL MASS EXPORT PVT LTD,CSH25-0011-0006901 NAVY,0006901-M,M,,0006901-M,5,0,0,0
REBEL MASS EXPORT PVT LTD,CSH25-0011-0006904 NAVY,0006904-XXL,XXL,,0006904-XXL,5,0,0,0
REBEL MASS EXPORT PVT LTD,CSH25-0011-0006906 WHITE,0006906-L,L,,0006906-L,5,0,0,0
REBEL MASS EXPORT PVT LTD,CSH25-0011-0006910 BLACK,0006910-L,L,,0006910-L,5,0,0,0
REBEL MASS EXPORT PVT LTD,CSH25-0038 NAVY,DA0499-M,M,,DA0499-M,5,0,0,0
REBEL MASS EXPORT PVT LTD,CSH25-0038 NAVY,DA0502-XXL,XXL,,DA0502-XXL,5,0,0,0
REBEL MASS EXPORT PVT LTD,CSH25-0039 YELLOW,DA0546-XXL,XXL,,DA0546-XXL,5,0,0,0
REBEL MASS EXPORT PVT LTD,CSH25-0040 GREEN,DA0555-M,M,,DA0555-M,5,0,0,0
REBEL MASS EXPORT PVT LTD,CSH25-0066 BLACK,DA2406-M,M,,DA2406-M,5,0,0,0
REBEL MASS EXPORT PVT LTD,CSH25-0067 BLACK,DA3065-M,M,,DA3065-M,5,0,0,0
REBEL MASS EXPORT PVT LTD,CSH25-18-0018-0008030 BROWN,0008030-L,L,,0008030-L,5,0,0,0
REBEL MASS EXPORT PVT LTD,CSH25-18-0037 GREEN,DA0157-M,M,,DA0157-M,5,0,0,0
REBEL MASS EXPORT PVT LTD,CSH25-20-0012-0007057 BOTLE GREEN,0007057-M,M,,0007057-M,5,0,0,0
REBEL MASS EXPORT PVT LTD,CSH25-20-0012-0007071 PINK,0007071-XL,XL,,0007071-XL,5,0,0,0
REBEL MASS EXPORT PVT LTD,CSH25-39-0013-0007096 WHITE,0007096-XXL,XXL,,0007096-XXL,5,0,0,0
REBEL MASS EXPORT PVT LTD,CSH25-39-0016-0007563 GREY,0007563-L,L,,0007563-L,5,0,0,0
REBEL MASS EXPORT PVT LTD,CSH25-39-0022-0008189 GREY,0008189-XXL,XXL,,0008189-XXL,5,0,0,0
REBEL MASS EXPORT PVT LTD,CSH25-39-0023-0008190 BEIGE,0008190-M,M,,0008190-M,5,0,0,0
REBEL MASS EXPORT PVT LTD,CSH25-39-0023-0008192 BEIGE,0008192-XL,XL,,0008192-XL,5,0,0,0
REBEL MASS EXPORT PVT LTD,CSH25-39-0023-0008193 BEIGE,0008193-XXL,XXL,,0008193-XXL,5,0,0,0
REBEL MASS EXPORT PVT LTD,CSH25-39-0030-0008218 PEACH,0008218-M,M,,0008218-M,5,0,0,0
REBEL MASS EXPORT PVT LTD,CSH25-39-0033-0008232 WHT/GREEN,0008232-XL,XL,,0008232-XL,5,0,0,0
REBEL MASS EXPORT PVT LTD,CSH25-39-0035-0008249 GREY,0008249-XXL,XXL,,0008249-XXL,5,0,0,0
REBEL MASS EXPORT PVT LTD,CSS25-15-0001-0007168 NAVY,0007168-XXL,XXL,,0007168-XXL,5,0,0,0
REBEL MASS EXPORT PVT LTD,CSS25-15-0005-0007191 MAHANDI,0007191-XL,XL,,0007191-XL,5,0,0,0
REBEL MASS EXPORT PVT LTD,CTR25-0008 BLACK,DA1439-86.36CM(34),86.36CM (34),,DA1439-86.36CM(34),5,0,0,0
REBEL MASS EXPORT PVT LTD,CTR25-04-0005-0007684 STEAL GREY,0007684-101.6CM(40),101.6CM (40),,0007684-101.6CM(40),5,0,0,0
REBEL MASS EXPORT PVT LTD,CTR25-04-0005-0007689 L.BROWN,0007689-96.52CM(38),96.52CM (38),,0007689-96.52CM(38),5,0,0,0
REBEL MASS EXPORT PVT LTD,CTR25-18-0006 NAVY,DA0195-76.20CM(30),76.20CM (30),,DA0195-76.20CM(30),5,0,0,0
REBEL MASS EXPORT PVT LTD,CTR25-18-0006-0008119 CREAM,0008119-86.36CM(34),86.36CM (34),,0008119-86.36CM(34),5,0,0,0
REBEL MASS EXPORT PVT LTD,CTR25-18-0006-0008285 TEAL,0008285-91.44CM(36),91.44CM(36),,0008285-91.44CM(36),5,0,0,0
REBEL MASS EXPORT PVT LTD,CTR25-36-0001-0007438 OLIVE,0007438-76.20CM(30),76.20CM (30),,0007438-76.20CM(30),5,0,0,0
REBEL MASS EXPORT PVT LTD,CTR25-36-0004 KHAKI,DA1946-101.6(40),101.6 (40),,DA1946-101.6(40),5,0,0,0
REBEL MASS EXPORT PVT LTD,CTR25-36-0004-0007485 L.GREY,0007485-86.36CM(34),86.36CM (34),,0007485-86.36CM(34),5,0,0,0
REBEL MASS EXPORT PVT LTD,CTR25-36-0004-0007489 KHAKI,0007489-81.28CM(32),81.28CM (32),,0007489-81.28CM(32),5,0,0,0
REBEL MASS EXPORT PVT LTD,CTR25-36-0004-0007502 NAVY,0007502-96.52CM(38),96.52CM (38),,0007502-96.52CM(38),5,0,0,0
REBEL MASS EXPORT PVT LTD,CTR25-36-0004-0007506 BLACK,0007506-91.44CM(36),91.44CM (36),,0007506-91.44CM(36),5,0,0,0
REBEL MASS EXPORT PVT LTD,CWC25-0006 GOLD,DA3362-101.6CM(40),101.6CM (40),,DA3362-101.6CM(40),5,0,0,0
REBEL MASS EXPORT PVT LTD,CWC25-15-0001-0007657 NAVY,0007657-96.52CM(38),96.52CM (38),,0007657-96.52CM(38),5,0,0,0
REBEL MASS EXPORT PVT LTD,CWC25-15-0002 MAROON,DA0976-111.76CM(44),111.76CM (44),,DA0976-111.76CM(44),5,0,0,0
REBEL MASS EXPORT PVT LTD,CWC25-32-0007 PISTA,DA1586-96.52CM(38),96.52CM (38),,DA1586-96.52CM(38),5,0,0,0
REBEL MASS EXPORT PVT LTD,CWC25-32-0013 BLACK,DA1611-101.6CM(40),101.6CM (40),,DA1611-101.6CM(40),5,0,0,0
REBEL MASS EXPORT PVT LTD,CWC25-32-0013 BLACK,DA1612-106.68CM(42),106.68CM (42),,DA1612-106.68CM(42),5,0,0,0
REBEL MASS EXPORT PVT LTD,CWL25-15-0001-0007146 AIR FORCE,0007146-L,L,,0007146-L,5,0,0,0
REBEL MASS EXPORT PVT LTD,CWL25-15-0001-0007148 AIR FORCE,0007148-XXL,XXL,,0007148-XXL,5,0,0,0
REBEL MASS EXPORT PVT LTD,CWL25-15-0001-0007150 BLACK,0007150-L,L,,0007150-L,5,0,0,0
REBEL MASS EXPORT PVT LTD,CWL25-15-0001-0007151 BLACK,0007151-XL,XL,,0007151-XL,5,0,0,0
REBEL MASS EXPORT PVT LTD,DCR25-34-0001-0007537 BLUE,0007537-96.52CM(38),96.52CM (38),,0007537-96.52CM(38),5,0,0,0
REBEL MASS EXPORT PVT LTD,DCR25-34-0002-0007539 BLUE,0007539-76.20CM(30),76.20CM (30),,0007539-76.20CM(30),5,0,0,0
REBEL MASS EXPORT PVT LTD,DCR25-34-0002-0007543 BLUE,0007543-96.52CM(38),96.52CM (38),,0007543-96.52CM(38),5,0,0,0
REBEL MASS EXPORT PVT LTD,DNM25-0017 WHITE,DA1832-81.28CM(32),81.28CM (32),,DA1832-81.28CM(32),5,0,0,0
REBEL MASS EXPORT PVT LTD,DNM25-34-0002-0007524 BLUE,0007524-91.44CM(36),91.44CM (36),,0007524-91.44CM(36),5,0,0,0
REBEL MASS EXPORT PVT LTD,DNM25-34-0004-0007751 D.BLUE,0007751-91.44CM(36),91.44CM (36),,0007751-91.44CM(36),5,0,0,0
REBEL MASS EXPORT PVT LTD,DNM25-34-0004-0007755 GREY,0007755-81.28CM(32),81.28CM (32),,0007755-81.28CM(32),5,0,0,0
REBEL MASS EXPORT PVT LTD,DNM25-34-0004-0007758 GREY,0007758-96.52CM(38),96.52CM (38),,0007758-96.52CM(38),5,0,0,0
REBEL MASS EXPORT PVT LTD,DNM25-34-0009-0007815 OLIVE,0007815-81.28CM(32),81.28CM (32),,0007815-81.28CM(32),5,0,0,0
REBEL MASS EXPORT PVT LTD,DNM25-34-0009-0007816 OLIVE,0007816-86.36CM(34),86.36CM (34),,0007816-86.36CM(34),5,0,0,0
REBEL MASS EXPORT PVT LTD,DNM25-34-0012 L.BLUE,DA1286-91.44CM(36),91.44CM (36),,DA1286-91.44CM(36),5,0,0,0
REBEL MASS EXPORT PVT LTD,DNM25-34-0012 L.BLUE,DA1287-96.52CM(38),96.52CM (38),,DA1287-96.52CM(38),5,0,0,0
REBEL MASS EXPORT PVT LTD,DNM25-34-0013 D.BLUE,DA1289-76.20CM(30),76.20CM (30),,DA1289-76.20CM(30),5,0,0,0
REBEL MASS EXPORT PVT LTD,FSH25-0023 GREEN,DA0536-L,L,,DA0536-L,5,0,0,0
REBEL MASS EXPORT PVT LTD,FSH25-0023 GREEN,DA0537-XL,XL,,DA0537-XL,5,0,0,0
REBEL MASS EXPORT PVT LTD,FSH25-0023 PINK,DA0542-XXL,XXL,,DA0542-XXL,5,0,0,0
REBEL MASS EXPORT PVT LTD,FSH25-0023 PURPLE,DA0526-XXL,XXL,,DA0526-XXL,5,0,0,0
REBEL MASS EXPORT PVT LTD,FSH25-0036 BEIGE,DA1722-M,M,,DA1722-M,5,0,0,0
REBEL MASS EXPORT PVT LTD,FSH25-0036 BEIGE,DA1725-XXL,XXL,,DA1725-XXL,5,0,0,0
REBEL MASS EXPORT PVT LTD,FSH25-0037 GREY,DA1742-M,M,,DA1742-M,5,0,0,0
REBEL MASS EXPORT PVT LTD,FSH25-0038 L.GREY,DA1762-M,M,,DA1762-M,5,0,0,0
REBEL MASS EXPORT PVT LTD,FSH25-0038 L.PINK,DA1766-M,M,,DA1766-M,5,0,0,0
REBEL MASS EXPORT PVT LTD,FSH25-0040 ORANGE,DA1786-M,M,,DA1786-M,5,0,0,0
REBEL MASS EXPORT PVT LTD,FSH25-0040 SKY,DA1774-M,M,,DA1774-M,5,0,0,0
REBEL MASS EXPORT PVT LTD,FSH25-0040 SKY,DA1777-XXL,XXL,,DA1777-XXL,5,0,0,0
REBEL MASS EXPORT PVT LTD,FSH25-0060 CREAM,DA2242-XL,XL,,DA2242-XL,5,0,0,0
REBEL MASS EXPORT PVT LTD,FSH25-0060 CREAM,DA2243-XXL,XXL,,DA2243-XXL,5,0,0,0
REBEL MASS EXPORT PVT LTD,FSH25-0061 BLACK,DA2247-XXL,XXL,,DA2247-XXL,5,0,0,0
REBEL MASS EXPORT PVT LTD,FSH25-39-0007-0007898 GREEN,0007898-L,L,,0007898-L,5,0,0,0
REBEL MASS EXPORT PVT LTD,FSH25-39-0008-0007908 BEIGE,0007908-XXL,XXL,,0007908-XXL,5,0,0,0
REBEL MASS EXPORT PVT LTD,FSH25-39-0014-0007956 NAVY,0007956-XXL,XXL,,0007956-XXL,5,0,0,0
REBEL MASS EXPORT PVT LTD,FSH25-39-0019-0007993 D.BROWN,0007993-M,M,,0007993-M,5,0,0,0
REBEL MASS EXPORT PVT LTD,FSH25-39-0020-0007997 SEA GREEN,0007997-M,M,,0007997-M,5,0,0,0
REBEL MASS EXPORT PVT LTD,FSH25-39-0021-0008012 RED,0008012-XXL,XXL,,0008012-XXL,5,0,0,0
REBEL MASS EXPORT PVT LTD,FTR25-0003-0007717 CHARCOAL,0007717-101.6CM(40),101.6CM (40),,0007717-101.6CM(40),5,0,0,0
REBEL MASS EXPORT PVT LTD,FTR25-0007-0006776 BLUE,0006776-96.52CM(38),96.52CM (38),,0006776-96.52CM(38),5,0,0,0
REBEL MASS EXPORT PVT LTD,FTR25-0008-0007035 CREAM,0007035-86.36CM(34),86.36CM (34),,0007035-86.36CM(34),5,0,0,0
REBEL MASS EXPORT PVT LTD,FTR25-0032-0007722 WINE,0007722-96.52CM(38),96.52CM (38),,0007722-96.52CM(38),5,0,0,0
REBEL MASS EXPORT PVT LTD,FTR25-0033-0007725 KHAKI,0007725-86.36CM(34),86.36CM (34),,0007725-86.36CM(34),5,0,0,0
REBEL MASS EXPORT PVT LTD,FTR25-0033-0008290 OLIVE,0008290-76.2CM(30),76.2CM (30),,0008290-76.2CM(30),5,0,0,0
REBEL MASS EXPORT PVT LTD,FTR25-0044 BEIGE,DA0167-86.36CM(34),86.36CM (34),,DA0167-86.36CM(34),5,0,0,0
REBEL MASS EXPORT PVT LTD,FTR25-0045 BEIGE,DA0187-86.36CM(34),86.36CM (34),,DA0187-86.36CM(34),5,0,0,0
REBEL MASS EXPORT PVT LTD,FTR25-0046 BLACK,DA1023-81.28CM(32),81.28CM (32),,DA1023-81.28CM(32),5,0,0,0
REBEL MASS EXPORT PVT LTD,FTR25-0051 LT. GREY,DA1055-91.44CM(36),91.44CM (36),,DA1055-91.44CM(36),5,0,0,0
REBEL MASS EXPORT PVT LTD,FTR25-0052 BLUE,DA1061-91.44CM(36),91.44CM (36),,DA1061-91.44CM(36),5,0,0,0
REBEL MASS EXPORT PVT LTD,FTR25-0052 BLUE,DA1062-96.52CM(38),96.52CM (38),,DA1062-96.52CM(38),5,0,0,0
REBEL MASS EXPORT PVT LTD,FTR25-0053 BLACK,DA1066-86.36CM(34),86.36CM (34),,DA1066-86.36CM(34),5,0,0,0
REBEL MASS EXPORT PVT LTD,FTR25-0055 BLACK,DA1080-96.52CM(38),96.52CM (38),,DA1080-96.52CM(38),5,0,0,0
REBEL MASS EXPORT PVT LTD,FTR25-0056 LT. GREY,DA1084-86.36CM(34),86.36CM (34),,DA1084-86.36CM(34),5,0,0,0
REBEL MASS EXPORT PVT LTD,FTR25-0064 GREY,DA1131-81.28CM(32),81.28CM (32),,DA1131-81.28CM(32),5,0,0,0
REBEL MASS EXPORT PVT LTD,FTR25-0065 OLIVE,DA1138-86.36CM(34),86.36CM (34),,DA1138-86.36CM(34),5,0,0,0
REBEL MASS EXPORT PVT LTD,FTR25-0065 OLIVE,DA1140-96.52CM(38),96.52CM (38),,DA1140-96.52CM(38),5,0,0,0
REBEL MASS EXPORT PVT LTD,FTR25-0066 LT.BEIGE,DA1144-86.36CM(34),86.36CM (34),,DA1144-86.36CM(34),5,0,0,0
REBEL MASS EXPORT PVT LTD,FTR25-0066 LT.BEIGE,DA1145-91.44CM(36),91.44CM (36),,DA1145-91.44CM(36),5,0,0,0
REBEL MASS EXPORT PVT LTD,FTR25-0067 DK. GREY,DA1150-86.36CM(34),86.36CM (34),,DA1150-86.36CM(34),5,0,0,0
REBEL MASS EXPORT PVT LTD,FTR25-0069 SEA GREEN,DA1163-91.44CM(36),91.44CM (36),,DA1163-91.44CM(36),5,0,0,0
REBEL MASS EXPORT PVT LTD,FTR25-18-0009-0007233 ROYAL BLUE,0007233-96.52CM(38),96.52CM (38),,0007233-96.52CM(38),5,0,0,0
REBEL MASS EXPORT PVT LTD,FTR25-18-0009-0007235 CHARCOAL,0007235-76.20CM(30),76.20CM (30),,0007235-76.20CM(30),5,0,0,0
REBEL MASS EXPORT PVT LTD,FTR25-18-0009-0007240 CHARCOAL,0007240-101.6CM(40),101.6CM (40),,0007240-101.6CM(40),5,0,0,0
REBEL MASS EXPORT PVT LTD,FTR25-18-0012-0007259 D.GREY,0007259-76.20CM(30),76.20CM (30),,0007259-76.20CM(30),5,0,0,0
REBEL MASS EXPORT PVT LTD,FTR25-18-0012-0007263 D.GREY,0007263-96.52CM(38),96.52CM (38),,0007263-96.52CM(38),5,0,0,0
REBEL MASS EXPORT PVT LTD,FTR25-18-0012-0007264 D.GREY,0007264-101.6CM(40),101.6CM (40),,0007264-101.6CM(40),5,0,0,0
REBEL MASS EXPORT PVT LTD,FTR25-18-0013-0007271 NAVY,0007271-76.20CM(30),76.20CM (30),,0007271-76.20CM(30),5,0,0,0
REBEL MASS EXPORT PVT LTD,FTR25-18-0013-0007275 NAVY,0007275-96.52CM(38),96.52CM (38),,0007275-96.52CM(38),5,0,0,0
REBEL MASS EXPORT PVT LTD,FTR25-18-0013-0007287 OLIVE,0007287-96.52CM(38),96.52CM (38),,0007287-96.52CM(38),5,0,0,0
REBEL MASS EXPORT PVT LTD,FTR25-18-0016-0007312 BLUE,0007312-101.6CM(40),101.6CM (40),,0007312-101.6CM(40),5,0,0,0
REBEL MASS EXPORT PVT LTD,FTR25-18-0017-0007317 GREY,0007317-96.52CM(38),96.52CM (38),,0007317-96.52CM(38),5,0,0,0
REBEL MASS EXPORT PVT LTD,FTR25-18-0018-0007319 NAVY,0007319-76.20CM(30),76.20CM (30),,0007319-76.20CM(30),5,0,0,0
REBEL MASS EXPORT PVT LTD,FTR25-18-0018-0007322 NAVY,0007322-91.44CM(36),91.44CM (36),,0007322-91.44CM(36),5,0,0,0
REBEL MASS EXPORT PVT LTD,FTR25-18-0019-0007329 NAVY,0007329-96.52CM(38),96.52CM (38),,0007329-96.52CM(38),5,0,0,0
REBEL MASS EXPORT PVT LTD,FTR25-18-0020-0007336 BLACK,0007336-101.6CM(40),101.6CM (40),,0007336-101.6CM(40),5,0,0,0
REBEL MASS EXPORT PVT LTD,FTR25-18-0021-0007338 GREY,0007338-81.28CM(32),81.28CM (32),,0007338-81.28CM(32),5,0,0,0
REBEL MASS EXPORT PVT LTD,FTR25-18-0021-0007342 GREY,0007342-101.6CM(40),101.6CM (40),,0007342-101.6CM(40),5,0,0,0
REBEL MASS EXPORT PVT LTD,FTR25-18-0024-0007361 GREY,0007361-76.20CM(30),76.20CM (30),,0007361-76.20CM(30),5,0,0,0
REBEL MASS EXPORT PVT LTD,FTR25-18-0024-0007362 GREY,0007362-81.28CM(32),81.28CM (32),,0007362-81.28CM(32),5,0,0,0
REBEL MASS EXPORT PVT LTD,FTR25-18-0024-0007370 CREAM,0007370-91.44CM(36),91.44CM (36),,0007370-91.44CM(36),5,0,0,0
REBEL MASS EXPORT PVT LTD,FTR25-18-0024-0007372 CREAM,0007372-101.6CM(40),101.6CM (40),,0007372-101.6CM(40),5,0,0,0
REBEL MASS EXPORT PVT LTD,FTR25-18-0025-0007385 BLUE,0007385-76.20CM(30),76.20CM (30),,0007385-76.20CM(30),5,0,0,0
REBEL MASS EXPORT PVT LTD,FTR25-18-0025-0007396 BLACK,0007396-101.6CM(40),101.6CM (40),,0007396-101.6CM(40),5,0,0,0
REBEL MASS EXPORT PVT LTD,FTR25-18-0026-0007411 D.NAVY,0007411-86.36CM(34),86.36CM (34),,0007411-86.36CM(34),5,0,0,0
REBEL MASS EXPORT PVT LTD,FTR25-18-0028-0007700 CHARCOAL,0007700-91.44CM(36),91.44CM (36),,0007700-91.44CM(36),5,0,0,0
REBEL MASS EXPORT PVT LTD,FTR25-18-0029-0007703 GREY,0007703-76.20CM(30),76.20CM (30),,0007703-76.20CM(30),5,0,0,0
REBEL MASS EXPORT PVT LTD,FTR25-18-0037-0007874 BLUE,0007874-81.28CM(32),81.28CM (32),,0007874-81.28CM(32),5,0,0,0
REBEL MASS EXPORT PVT LTD,FTR25-18-0037-0007875 BLUE,0007875-86.36CM(34),86.36CM (34),,0007875-86.36CM(34),5,0,0,0
REBEL MASS EXPORT PVT LTD,FTR25-18-0038-0007882 BLUE,0007882-96.52CM(38),96.52CM (38),,0007882-96.52CM(38),5,0,0,0
REBEL MASS EXPORT PVT LTD,FTR25-18-0043-0008268 TEAL,0008268-81.28CM(32),81.28CM (32),,0008268-81.28CM(32),5,0,0,0
REBEL MASS EXPORT PVT LTD,FTR25-18-0044 GREY/BLUE,DA1455-91.44CM(36),91.44CM (36),,DA1455-91.44CM(36),5,0,0,0
REBEL MASS EXPORT PVT LTD,FTR25-18-0051 BROWN,DA1495-81.28CM(32),81.28CM (32),,DA1495-81.28CM(32),5,0,0,0
REBEL MASS EXPORT PVT LTD,FTR25-18-0057 GREY/BLUE,DA1531-81.28CM(32),81.28CM (32),,DA1531-81.28CM(32),5,0,0,0
REBEL MASS EXPORT PVT LTD,FTR25-18-0059 G.BLUE,DA1543-81.28CM(32),81.28CM (32),,DA1543-81.28CM(32),5,0,0,0
REBEL MASS EXPORT PVT LTD,FTR25-18-0061 BLUE,DA1555-81.28CM(32),81.28CM (32),,DA1555-81.28CM(32),5,0,0,0
REBEL MASS EXPORT PVT LTD,JKT25-0002 BLACK,DA3663-L,L,,DA3663-L,5,0,0,0
REBEL MASS EXPORT PVT LTD,JKT25-0002 BLACK,DA3665-XXL,XXL,,DA3665-XXL,5,0,0,0
REBEL MASS EXPORT PVT LTD,MBDNM0001-0000475 BLACK,0000475-28,28,,0000475-28,5,0,0,0
REBEL MASS EXPORT PVT LTD,MBDNM0008-0000514 DARK BLUE,0000514-38,38,,0000514-38,5,0,0,0
REBEL MASS EXPORT PVT LTD,MBDNM0008-0000517 DARK BLUE,0000517-32,32,,0000517-32,5,0,0,0
REBEL MASS EXPORT PVT LTD,MBDNM0010-0000527 MERCRIZE BLUE,0000527-28,28,,0000527-28,5,0,0,0
REBEL MASS EXPORT PVT LTD,MBDNM0015-0000861 DIRTY GREEN,0000861-36,36,,0000861-36,5,0,0,0
REBEL MASS EXPORT PVT LTD,MBDNM0016-0000867 MID  BLUE,0000867-28,28,,0000867-28,5,0,0,0
REBEL MASS EXPORT PVT LTD,MBDNM0018-0000884 MID  BLUE,0000884-38,38,,0000884-38,5,0,0,0
REBEL MASS EXPORT PVT LTD,MBDNM0021-0001681 WHITE,0001681-36,36,,0001681-36,5,0,0,0
REBEL MASS EXPORT PVT LTD,MBDNM0024-0001698 BLACK,0001698-34,34,,0001698-34,5,0,0,0
REBEL MASS EXPORT PVT LTD,MBDNM0026-0001754 TOWEL BLUE,0001754-76.2CM(30INCH),76.2 CM (30 INCH),,0001754-76.2CM(30INCH),5,0,0,0
REBEL MASS EXPORT PVT LTD,MBDNM0028-0001769 DARK BLUE,0001769-91.44CM(36INCH),91.44 CM (36 INCH),,0001769-91.44CM(36INCH),5,0,0,0
REBEL MASS EXPORT PVT LTD,MBDNM0029-0001774 MERCRIZED BLUE,0001774-86.36CM(34INCH),86.36 CM (34 INCH),,0001774-86.36CM(34INCH),5,0,0,0
REBEL MASS EXPORT PVT LTD,MBDNM0032-0001803 ICE BLUE,0001803-81.28CM(32INCH),81.28 CM (32 INCH),,0001803-81.28CM(32INCH),5,0,0,0
REBEL MASS EXPORT PVT LTD,MCBLZ0005-0000677 L.BLUE,0000677-40,40,,0000677-40,5,0,0,0
REBEL MASS EXPORT PVT LTD,MCBLZ0005-0000679 L.BLUE,0000679-42,42,,0000679-42,5,0,0,0
REBEL MASS EXPORT PVT LTD,MCBLZ0006-0000683 RED,0000683-42,42,,0000683-42,5,0,0,0
REBEL MASS EXPORT PVT LTD,MCBLZ0008-0000688 SKY,0000688-42,42,,0000688-42,5,0,0,0
REBEL MASS EXPORT PVT LTD,MCBLZ0008-0000691 SKY,0000691-40,40,,0000691-40,5,0,0,0
REBEL MASS EXPORT PVT LTD,MCBLZ0009-0000694 TAN,0000694-42,42,,0000694-42,5,0,0,0
REBEL MASS EXPORT PVT LTD,MCBLZ0013-0000710 SILVER,0000710-40,40,,0000710-40,5,0,0,0
REBEL MASS EXPORT PVT LTD,MCBLZ0014-0000714 CHARCOAL,0000714-38,38,,0000714-38,5,0,0,0
REBEL MASS EXPORT PVT LTD,MCBLZ0020-0000737 CHARCOAL,0000737-40,40,,0000737-40,5,0,0,0
REBEL MASS EXPORT PVT LTD,MCBLZ0026-0000760 GREEN,0000760-40,40,,0000760-40,5,0,0,0
REBEL MASS EXPORT PVT LTD,MCBLZ0027-0000766 BLUE,0000766-42,42,,0000766-42,5,0,0,0
REBEL MASS EXPORT PVT LTD,MCBLZ0030-0000778 BLUE,0000778-38,38,,0000778-38,5,0,0,0
REBEL MASS EXPORT PVT LTD,MCBLZ0036-0001147 WHITE,0001147-40,40,,0001147-40,5,0,0,0
REBEL MASS EXPORT PVT LTD,MCBLZ0036-0001148 WHITE,0001148-42,42,,0001148-42,5,0,0,0
REBEL MASS EXPORT PVT LTD,MCBLZ0043-0001175 DARK GREY,0001175-40,40,,0001175-40,5,0,0,0
REBEL MASS EXPORT PVT LTD,MCBLZ0043-0001177 DARK GREY,0001177-44,44,,0001177-44,5,0,0,0
REBEL MASS EXPORT PVT LTD,MCBLZ0045-0001183 GREY,0001183-40,40,,0001183-40,5,0,0,0
REBEL MASS EXPORT PVT LTD,MCBLZ0052-0001348 NAVY,0001348-M,M,,0001348-M,5,0,0,0
REBEL MASS EXPORT PVT LTD,MCBLZ0061-0001384 KHAKI,0001384-M,M,,0001384-M,5,0,0,0
REBEL MASS EXPORT PVT LTD,MCBLZ0061-0001410 KHAKI,0001410-S,S,,0001410-S,5,0,0,0
REBEL MASS EXPORT PVT LTD,MCC2ST020-0001586 GREY,0001586-42,42,,0001586-42,5,0,0,0
REBEL MASS EXPORT PVT LTD,MCC2ST024-0001601 WHITE,0001601-40,40,,0001601-40,5,0,0,0
REBEL MASS EXPORT PVT LTD,MCC2ST027-0001614 GREY,0001614-42,42,,0001614-42,5,0,0,0
REBEL MASS EXPORT PVT LTD,MCKRT0001-0001910 LEMON,0001910-XL,XL,,0001910-XL,5,0,0,0
REBEL MASS EXPORT PVT LTD,MCKRT0001-0001913 L.BROWN,0001913-L,L,,0001913-L,5,0,0,0
REBEL MASS EXPORT PVT LTD,MCKRT0001-0001914 L.BROWN,0001914-XL,XL,,0001914-XL,5,0,0,0
REBEL MASS EXPORT PVT LTD,MCKRT0001-0001917 NAVY,0001917-L,L,,0001917-L,5,0,0,0
REBEL MASS EXPORT PVT LTD,MCSHT0003-0000389 NAVY,0000389-XL,XL,,0000389-XL,5,0,0,0
REBEL MASS EXPORT PVT LTD,MCSHT0004-0000394 NAVY,0000394-XL,XL,,0000394-XL,5,0,0,0
REBEL MASS EXPORT PVT LTD,MCSHT0004-0000395 NAVY,0000395-L,L,,0000395-L,5,0,0,0
REBEL MASS EXPORT PVT LTD,MCSHT0005-0000397 ROYAL BLUE,0000397-XXL,XXL,,0000397-XXL,5,0,0,0
REBEL MASS EXPORT PVT LTD,MCTRZ0003-0000994 PISTA GREEN,0000994-32,32,,0000994-32,5,0,0,0
REBEL MASS EXPORT PVT LTD,MCTRZ0003-0000996 PISTA GREEN,0000996-36,36,,0000996-36,5,0,0,0
REBEL MASS EXPORT PVT LTD,MCWCT0002-0000798 L.BLUE,0000798-42,42,,0000798-42,5,0,0,0
REBEL MASS EXPORT PVT LTD,MFSHT0012-0000912 SKY BLUE,0000912-L,L,,0000912-L,5,0,0,0
REBEL MASS EXPORT PVT LTD,MFSHT0014-0000922 L.BLUE,0000922-XXL,XXL,,0000922-XXL,5,0,0,0
REBEL MASS EXPORT PVT LTD,MFSHT0017-0000933 YELLOW,0000933-XL,XL,,0000933-XL,5,0,0,0
REBEL MASS EXPORT PVT LTD,MFSHT0020-0000945 MID  BLUE,0000945-XL,XL,,0000945-XL,5,0,0,0
REBEL MASS EXPORT PVT LTD,MFSHT0022-0000953 LEMON,0000953-XL,XL,,0000953-XL,5,0,0,0
REBEL MASS EXPORT PVT LTD,MFSHT0023-0000957 SKY BLUE,0000957-XL,XL,,0000957-XL,5,0,0,0
REBEL MASS EXPORT PVT LTD,MFSHT0029-0000982 L.BLUE,0000982-XXL,XXL,,0000982-XXL,5,0,0,0
REBEL MASS EXPORT PVT LTD,MFTRZ0001-0000424 GREY,0000424-30,30,,0000424-30,5,0,0,0
REBEL MASS EXPORT PVT LTD,MFTRZ0001-0000428 GREY,0000428-38,38,,0000428-38,5,0,0,0
REBEL MASS EXPORT PVT LTD,MFTRZ0002-0000435 NAVY,0000435-32,32,,0000435-32,5,0,0,0
REBEL MASS EXPORT PVT LTD,MFTRZ0009-0001008 BROWN,0001008-34,34,,0001008-34,5,0,0,0
REBEL MASS EXPORT PVT LTD,MFTRZ0011-0001025 GREY,0001025-32,32,,0001025-32,5,0,0,0
REBEL MASS EXPORT PVT LTD,MFTRZ0015-0001057 BLUE,0001057-32,32,,0001057-32,5,0,0,0
REBEL MASS EXPORT PVT LTD,MFTRZ0019-0001095 BLUE,0001095-32,32,,0001095-32,5,0,0,0
REBEL MASS EXPORT PVT LTD,MFTRZ0021-0001114 KHAKI,0001114-34,34,,0001114-34,5,0,0,0
REBEL MASS EXPORT PVT LTD,MFTRZ0022-0001122 BLACK,0001122-32,32,,0001122-32,5,0,0,0
REBEL MASS EXPORT PVT LTD,MFTRZ0023-0001131 GREY,0001131-32,32,,0001131-32,5,0,0,0
REBEL MASS EXPORT PVT LTD,MJKTF0008-0006780 GREEN,0006780-XXL,XXL,,0006780-XXL,5,0,0,0
REBEL MASS EXPORT PVT LTD,MPSHT0002-0001629 FAWN,0001629-L,L,,0001629-L,5,0,0,0
REBEL MASS EXPORT PVT LTD,MPSHT0004-0001645 SEA GREEN,0001645-L,L,,0001645-L,5,0,0,0
REBEL MASS EXPORT PVT LTD,MTSFS0006-0000578 TEAL,0000578-XL,XL,,0000578-XL,5,0,0,0
REBEL MASS EXPORT PVT LTD,MTSFS0007-0000580 WHITE,0000580-XL,XL,,0000580-XL,5,0,0,0
REBEL MASS EXPORT PVT LTD,MTSHS0002-0000562 NAVY,0000562-L,L,,0000562-L,5,0,0,0
REBEL MASS EXPORT PVT LTD,MTSHS0003-0000564 NAVY,0000564-M,M,,0000564-M,5,0,0,0
REBEL MASS EXPORT PVT LTD,MTSHS0008-0000584 GREEN,0000584-M,M,,0000584-M,5,0,0,0
REBEL MASS EXPORT PVT LTD,MTSHS0010-0000593 BLUE,0000593-XL,XL,,0000593-XL,5,0,0,0
REBEL MASS EXPORT PVT LTD,MTSHS0014-0000609 BLACK,0000609-XL,XL,,0000609-XL,5,0,0,0
REBEL MASS EXPORT PVT LTD,MTSHS0021-0000637 RED,0000637-XL,XL,,0000637-XL,5,0,0,0
REBEL MASS EXPORT PVT LTD,MTSHS0023-0000644 NAVY,0000644-M,M,,0000644-M,5,0,0,0
REBEL MASS EXPORT PVT LTD,MWSST0004-0001734 PINK,0001734-L,L,,0001734-L,5,0,0,0
REBEL MASS EXPORT PVT LTD,SHORT25-0001 NAVY,DA1305-L,L,,DA1305-L,5,0,0,0
REBEL MASS EXPORT PVT LTD,SHORT25-0001 NAVY,DA1304-M,M,,DA1304-M,5,0,0,0
REBEL MASS EXPORT PVT LTD,SHORT25-0001 NAVY,DA1306-XL,XL,,DA1306-XL,5,0,0,0
REBEL MASS EXPORT PVT LTD,SHORT25-0001 PISTA,DA1300-L,L,,DA1300-L,5,0,0,0
REBEL MASS EXPORT PVT LTD,SHORT25-0002 CAMEL,DA1928-XXL,XXL,,DA1928-XXL,5,0,0,0
REBEL MASS EXPORT PVT LTD,SS25-0004 CHARCOAL,DA1245-L,L,,DA1245-L,5,0,0,0
REBEL MASS EXPORT PVT LTD,SS25-0006 BLUE,DA1253-L,L,,DA1253-L,5,0,0,0
REBEL MASS EXPORT PVT LTD,SS25-0006 BLUE,DA1252-M,M,,DA1252-M,5,0,0,0
REBEL MASS EXPORT PVT LTD,SS25-0007 DARK GREY,DA1259-XXL,XXL,,DA1259-XXL,5,0,0,0
REBEL MASS EXPORT PVT LTD,SS25-0008 TEAL,DA1263-XXL,XXL,,DA1263-XXL,5,0,0,0
REBEL MASS EXPORT PVT LTD,SS25-0009 BLACK,DA1356-L,L,,DA1356-L,5,0,0,0
REBEL MASS EXPORT PVT LTD,TRC25-0001 NAVY,DA1379-M,M,,DA1379-M,5,0,0,1
REBEL MASS EXPORT PVT LTD,TRC25-0002 B.MELANGE,DA3281-M,M,,DA3281-M,5,0,0,1
REBEL MASS EXPORT PVT LTD,TS25-0003E NAVY,DA0856-XL,XL,,DA0856-XL,5,0,0,0
REBEL MASS EXPORT PVT LTD,TS25-0007 WHT/BLU,DA0904-XXL,XXL,,DA0904-XXL,5,0,0,0
REBEL MASS EXPORT PVT LTD,TS25-0011 NAVY,DA1000-XL,XL,,DA1000-XL,5,0,0,0
REBEL MASS EXPORT PVT LTD,TS25-0011 NAVY,DA1001-XXL,XXL,,DA1001-XXL,5,0,0,0
REBEL MASS EXPORT PVT LTD,TS25-0012 PISTA,DA1012-XL,XL,,DA1012-XL,5,0,0,0
REBEL MASS EXPORT PVT LTD,TS25-0012 SKY BLUE,DA1173-L,L,,DA1173-L,5,0,0,0
REBEL MASS EXPORT PVT LTD,TS25-0013A BLUE,DA1219-XXL,XXL,,DA1219-XXL,5,0,0,0
REBEL MASS EXPORT PVT LTD,TS25-0013A PISTA,DA1205-L,L,,DA1205-L,5,0,0,0
REBEL MASS EXPORT PVT LTD,TS25-0013A YELLOW,DA1212-M,M,,DA1212-M,5,0,0,0
REBEL MASS EXPORT PVT LTD,TS25-0025 BOTTLE GREEN,DA1682-M,M,,DA1682-M,5,0,0,0
REBEL MASS EXPORT PVT LTD,TS25-0030 MAROON,DA1709-XXL,XXL,,DA1709-XXL,5,0,0,0
REBEL MASS EXPORT PVT LTD,TS25-0034 GREY,DA1909-L,L,,DA1909-L,5,0,0,0
REBEL MASS EXPORT PVT LTD,TS25-0045 WHITE,DA2143-M,M,,DA2143-M,5,0,0,0
REBEL MASS EXPORT PVT LTD,TS25-0045 WHITE,DA2146-XXL,XXL,,DA2146-XXL,5,0,0,0
REBEL MASS EXPORT PVT LTD,2PC25-0034 BEIGE,DA3406-96.52CM(38),96.52CM (38),,DA3406-96.52CM(38),4,0,0,0
REBEL MASS EXPORT PVT LTD,2PC25-0034 L.KHAKI,DA3417-111.76CM(44),111.76CM (44),,DA3417-111.76CM(44),4,0,0,0
REBEL MASS EXPORT PVT LTD,3PC25-0011 BLACK,DA2483-101.6CM(40),101.6CM (40),,DA2483-101.6CM(40),4,0,0,0
REBEL MASS EXPORT PVT LTD,3PC25-0011 BLACK,DA2484-106.68CM(42),106.68CM (42),,DA2484-106.68CM(42),4,0,0,0
REBEL MASS EXPORT PVT LTD,3PC25-0011 BLUE,DA2458-96.52CM(38),96.52CM (38),,DA2458-96.52CM(38),4,0,0,0
REBEL MASS EXPORT PVT LTD,3PC25-0011 L.GREY,DA2462-96.52CM(38),96.52CM (38),,DA2462-96.52CM(38),4,0,0,0
REBEL MASS EXPORT PVT LTD,BLZ25-0018 BLUE,DA2551-111.76CM(44),111.76CM (44),,DA2551-111.76CM(44),4,0,0,0
REBEL MASS EXPORT PVT LTD,BLZ25-0018 BOTTLE GREEN,DA2559-111.76CM(44),111.76CM (44),,DA2559-111.76CM(44),4,0,0,0
REBEL MASS EXPORT PVT LTD,BLZ25-0018 NAVY,DA2543-111.76CM(44),111.76CM (44),,DA2543-111.76CM(44),4,0,0,0
REBEL MASS EXPORT PVT LTD,BLZ25-0018 TEAL,DA2547-111.76CM(44),111.76CM (44),,DA2547-111.76CM(44),4,0,0,0
REBEL MASS EXPORT PVT LTD,CSH25-0072 SEA/BLUE,DA2582-XXXL,XXXL,,DA2582-XXXL,4,0,0,0
REBEL MASS EXPORT PVT LTD,CSH25-0074 MAROON,DA2591-XXL,XXL,,DA2591-XXL,4,0,0,0
REBEL MASS EXPORT PVT LTD,CSH25-0091 KHAKI,DA2677-XXXL,XXXL,,DA2677-XXXL,4,0,0,0
REBEL MASS EXPORT PVT LTD,CSH25-0094 RED,DA2691-XXL,XXL,,DA2691-XXL,4,0,0,0
REBEL MASS EXPORT PVT LTD,CSH25-0096 MEHANDI,DA2698-M,M,,DA2698-M,4,0,0,0
REBEL MASS EXPORT PVT LTD,CSH25-0098 COFFEE,DA2712-XXXL,XXXL,,DA2712-XXXL,4,0,0,0
REBEL MASS EXPORT PVT LTD,CSH25-0102 L.PINK,DA2732-XXXL,XXXL,,DA2732-XXXL,4,0,0,0
REBEL MASS EXPORT PVT LTD,CSH25-0104 MAROON,DA2738-M,M,,DA2738-M,4,0,0,0
REBEL MASS EXPORT PVT LTD,CSH25-0107 L.BROWN,DA3213-L,L,,DA3213-L,4,0,0,0
REBEL MASS EXPORT PVT LTD,CSH25-0107 TURQ,DA3228-XXXL,XXXL,,DA3228-XXXL,4,0,0,0
REBEL MASS EXPORT PVT LTD,CSS26-0001 SKY BLUE,DA3927-L,L,,DA3927-L,4,0,0,0
REBEL MASS EXPORT PVT LTD,CSS26-0001 WHITE,DA3908-XL,XL,,DA3908-XL,4,0,0,0
REBEL MASS EXPORT PVT LTD,DNM26-0003 ICE WASH,DA4210-71.12CM(28),71.12CM (28),,DA4210-71.12CM(28),4,0,0,0
REBEL MASS EXPORT PVT LTD,DNM26-0003 ICE WASH,DA4211-76.20CM(30),76.20CM (30),,DA4211-76.20CM(30),4,0,0,0
REBEL MASS EXPORT PVT LTD,DNM26-0003 ICE WASH,DA4213-86.36CM(34),86.36CM (34),,DA4213-86.36CM(34),4,0,0,0
REBEL MASS EXPORT PVT LTD,DNM26-0007 LIGHT WASH,BM0094-76.20CM(30),76.20CM (30),,BM0094-76.20CM(30),4,0,0,0
REBEL MASS EXPORT PVT LTD,FSH25-0062 BLUE MILANGE,DA2327-M,M,,DA2327-M,4,0,0,0
REBEL MASS EXPORT PVT LTD,FSH25-0062 GREY,DA2308-S,S,,DA2308-S,4,0,0,0
REBEL MASS EXPORT PVT LTD,FSH25-0062 GREY,DA2313-XXXL,XXXL,,DA2313-XXXL,4,0,0,0
REBEL MASS EXPORT PVT LTD,FSH25-0062 L.GREY,DA2300-XXL,XXL,,DA2300-XXL,4,0,0,0
REBEL MASS EXPORT PVT LTD,FSH25-0063 WHITE,DA2845-M,M,,DA2845-M,4,0,0,0
REBEL MASS EXPORT PVT LTD,FSH25-0064 WHITE,DA2850-L,L,,DA2850-L,4,0,0,0
REBEL MASS EXPORT PVT LTD,FSH25-0068A BLACK,DA2866-L,L,,DA2866-L,4,0,0,0
REBEL MASS EXPORT PVT LTD,FSH25-0068B BLACK,DA3001-S,S,,DA3001-S,4,0,0,0
REBEL MASS EXPORT PVT LTD,FSH25-0069 BEIGE,DA3003-S,S,,DA3003-S,4,0,0,0
REBEL MASS EXPORT PVT LTD,FSH25-0069 KHAKI,DA3010-S,S,,DA3010-S,4,0,0,0
REBEL MASS EXPORT PVT LTD,FSH25-0069 L.GREY,DA2926-L,L,,DA2926-L,4,0,0,0
REBEL MASS EXPORT PVT LTD,FSH25-0069 L.GREY,DA2925-M,M,,DA2925-M,4,0,0,0
REBEL MASS EXPORT PVT LTD,FSH25-0069 L.PINK,DA3008-S,S,,DA3008-S,4,0,0,0
REBEL MASS EXPORT PVT LTD,FSH25-0071 BLACK,DA3445-XL,XL,,DA3445-XL,4,0,0,0
REBEL MASS EXPORT PVT LTD,FSH25-0071 NAVY,DA3463-M,M,,DA3463-M,4,0,0,0
REBEL MASS EXPORT PVT LTD,FTR25-0080 CREAM,DA3105-81.28CM(32),81.28CM (32),,DA3105-81.28CM(32),4,0,0,0
REBEL MASS EXPORT PVT LTD,FTR25-0080 CREAM,DA3108-96.52CM(38),96.52CM (38),,DA3108-96.52CM(38),4,0,0,0
REBEL MASS EXPORT PVT LTD,FTR25-0084 MEHROON,DA3121-81.28CM(32),81.28CM (32),,DA3121-81.28CM(32),4,0,0,0
REBEL MASS EXPORT PVT LTD,FTR25-0086 GREY/BLK,DA3136-96.52CM(38),96.52CM (38),,DA3136-96.52CM(38),4,0,0,0
REBEL MASS EXPORT PVT LTD,JKT26-0001 BLACK,DA3891-L,L,,DA3891-L,4,0,0,0
REBEL MASS EXPORT PVT LTD,LW25-0001 BLACK,DA2031-L,L,,DA2031-L,4,0,0,0
REBEL MASS EXPORT PVT LTD,LW26-0001 AIR FORCE,DA3832-XL,XL,,DA3832-XL,4,0,0,0
REBEL MASS EXPORT PVT LTD,LW26-0001 BLUE,DA3818-M,M,,DA3818-M,4,0,0,0
REBEL MASS EXPORT PVT LTD,LW26-0001 BLUE,DA3820-XL,XL,,DA3820-XL,4,0,0,0
REBEL MASS EXPORT PVT LTD,LW26-0001 CHARCOLE,DA3868-XL,XL,,DA3868-XL,4,0,0,0
REBEL MASS EXPORT PVT LTD,LW26-0001 GREY,DA3811-L,L,,DA3811-L,4,0,0,0
REBEL MASS EXPORT PVT LTD,LW26-0001 GREY,DA3812-XL,XL,,DA3812-XL,4,0,0,0
REBEL MASS EXPORT PVT LTD,LW26-0001 PINK,DA3790-M,M,,DA3790-M,4,0,0,0
REBEL MASS EXPORT PVT LTD,LW26-0001 PISTA,DA3807-L,L,,DA3807-L,4,0,0,0
REBEL MASS EXPORT PVT LTD,LW26-0001 PISTA,DA3806-M,M,,DA3806-M,4,0,0,0
REBEL MASS EXPORT PVT LTD,LW26-0001 R.GREEN,DA3817-XXL,XXL,,DA3817-XXL,4,0,0,0
REBEL MASS EXPORT PVT LTD,LW26-0001 SKY,DA3870-M,M,,DA3870-M,4,0,0,0
REBEL MASS EXPORT PVT LTD,LW26-0001 SKY,DA3873-XXL,XXL,,DA3873-XXL,4,0,0,0
REBEL MASS EXPORT PVT LTD,LW26-0002 PEACH,DA3874-M,M,,DA3874-M,4,0,0,0
REBEL MASS EXPORT PVT LTD,LW26-0002 PEACH,DA3876-XL,XL,,DA3876-XL,4,0,0,0
REBEL MASS EXPORT PVT LTD,LW26-0005 BLACK,DA4078-M,M,,DA4078-M,4,0,0,0
REBEL MASS EXPORT PVT LTD,SHORT-0003 BEIGE PRINT,DA2366-XXL,XXL,,DA2366-XXL,4,0,0,0
REBEL MASS EXPORT PVT LTD,SHORT-0003 BLUE PRINT,DA2358-XXL,XXL,,DA2358-XXL,4,0,0,0
REBEL MASS EXPORT PVT LTD,SHORT25-0004 CREAM,DA3031-91.44CM(36),91.44CM (36),,DA3031-91.44CM(36),4,0,0,0
REBEL MASS EXPORT PVT LTD,SHORT25-0004 CREAM,DA3032-96.52CM(38),96.52CM (38),,DA3032-96.52CM(38),4,0,0,0
REBEL MASS EXPORT PVT LTD,SHORT25-0004 T BLUE,DA3037-91.44CM(36),91.44CM (36),,DA3037-91.44CM(36),4,0,0,0
REBEL MASS EXPORT PVT LTD,SHORT25-0004 T BLUE,DA3038-96.52CM(38),96.52CM (38),,DA3038-96.52CM(38),4,0,0,0
REBEL MASS EXPORT PVT LTD,TS25-0012 MAROON,DA2341-XXL,XXL,,DA2341-XXL,4,0,0,0
REBEL MASS EXPORT PVT LTD,TS25-0038 OLIVE,DA1978-L,L,,DA1978-L,4,0,0,0
REBEL MASS EXPORT PVT LTD,TS25-0054B NAVY,DA2378-L,L,,DA2378-L,4,0,0,0
REBEL MASS EXPORT PVT LTD,TS26-0002 NAVY/BLUE,BM0156-XXL,XXL,,BM0156-XXL,4,0,0,0
REBEL MASS EXPORT PVT LTD,TS26-0008 GREY/WHITE,BM0086-L,L,,BM0086-L,4,0,0,0
REBEL MASS EXPORT PVT LTD,2PC25-0003 MAHROON,DA0714-111.76CM(44),111.76CM (44),,DA0714-111.76CM(44),4,0,0,0
REBEL MASS EXPORT PVT LTD,2PC25-0006 B.GREEN,DA0724-101.6CM(40),101.6CM (40),,DA0724-101.6CM(40),4,0,0,0
REBEL MASS EXPORT PVT LTD,2PC25-0006 B.GREEN,DA0725-106.68CM(42),106.68CM (42),,DA0725-106.68CM(42),4,0,0,0
REBEL MASS EXPORT PVT LTD,2PC25-0009 BLACK,DA0736-101.6CM(40),101.6CM (40),,DA0736-101.6CM(40),4,0,0,0
REBEL MASS EXPORT PVT LTD,2PC25-0014 OFF WHITE,DA0756-101.6CM(40),101.6CM (40),,DA0756-101.6CM(40),4,0,0,0
REBEL MASS EXPORT PVT LTD,2PC25-0023 KHAKI,DA1869-111.76CM(44),111.76CM (44),,DA1869-111.76CM(44),4,0,0,0
REBEL MASS EXPORT PVT LTD,2PC25-0025 CHARCOAL,DA1877-111.76CM(44),111.76CM (44),,DA1877-111.76CM(44),4,0,0,0
REBEL MASS EXPORT PVT LTD,2PC25-0027 KHAKI/GREY,DA1885-111.76CM(44),111.76CM (44),,DA1885-111.76CM(44),4,0,0,0
REBEL MASS EXPORT PVT LTD,2PC25-0033 BLACK,DA3400-106.68CM(42),106.68CM (42),,DA3400-106.68CM(42),4,0,0,0
REBEL MASS EXPORT PVT LTD,3PC25-0003 CHARCOLE,DA0935-96.52CM(38),96.52CM (38),,DA0935-96.52CM(38),4,0,0,0
REBEL MASS EXPORT PVT LTD,3PC25-0004 BLACK,DA0944-101.6CM(40),101.6CM (40),,DA0944-101.6CM(40),4,0,0,0
REBEL MASS EXPORT PVT LTD,3PC25-0007 BLUE,DA1889-111.76CM(44),111.76CM (44),,DA1889-111.76CM(44),4,0,0,0
REBEL MASS EXPORT PVT LTD,ASRFTR-001 N/A,DA3050-71.12CM(28),71.12CM (28),,DA3050-71.12CM(28),4,0,0,0
REBEL MASS EXPORT PVT LTD,AW24BL0001-0002564 BROWN,0002564-91.44CM(36),91.44CM (36),,0002564-91.44CM(36),4,0,0,0
REBEL MASS EXPORT PVT LTD,AW24BL0002-0002765 L.GREEN,0002765-106.68CM(42),106.68CM (42),,0002765-106.68CM(42),4,0,0,0
REBEL MASS EXPORT PVT LTD,AW24BL0003-0003210 BLACK,0003210-106.68CM(42),106.68CM (42),,0003210-106.68CM(42),4,0,0,0
REBEL MASS EXPORT PVT LTD,AW24BL0008-0003705 BROWN,0003705-101.6CM(40),101.6CM (40),,0003705-101.6CM(40),4,0,0,0
REBEL MASS EXPORT PVT LTD,AW24BL0008-0003708 BR/GREY.,0003708-91.44CM(36),91.44CM(36),,0003708-91.44CM(36),4,0,0,0
REBEL MASS EXPORT PVT LTD,AW24BL0009-0004090 MAHROON,0004090-96.52CM(38),96.52CM (38),,0004090-96.52CM(38),4,0,0,0
REBEL MASS EXPORT PVT LTD,AW24BL0011-0004426 MAHROON,0004426-96.52CM(38),96.52CM (38),,0004426-96.52CM(38),4,0,0,0
REBEL MASS EXPORT PVT LTD,AW24BL0011-0004433 BLACK,0004433-111.76CM(44),111.76CM (44),,0004433-111.76CM(44),4,0,0,0
REBEL MASS EXPORT PVT LTD,AW24BL0013-0004418 ICE/BLUE,0004418-96.52CM(38),96.52CM (38),,0004418-96.52CM(38),4,0,0,0
REBEL MASS EXPORT PVT LTD,AW24BL0013-0004496 NAVY,0004496-96.52CM(38),96.52CM (38),,0004496-96.52CM(38),4,0,0,0
REBEL MASS EXPORT PVT LTD,AW24BL0015-0005195 L.GREY,0005195-111.76CM(44),111.76CM (44),,0005195-111.76CM(44),4,0,0,0
REBEL MASS EXPORT PVT LTD,AW24BL0015-0005199 GREY,0005199-111.76CM(44),111.76CM (44),,0005199-111.76CM(44),4,0,0,0
REBEL MASS EXPORT PVT LTD,AW24BL0017-0005208 CHARCOAL,0005208-96.52CM(38),96.52CM (38),,0005208-96.52CM(38),4,0,0,0
REBEL MASS EXPORT PVT LTD,AW24BL0017-0005211 CHARCOAL,0005211-111.76CM(44),111.76CM (44),,0005211-111.76CM(44),4,0,0,0
REBEL MASS EXPORT PVT LTD,AW24CTR0001-0002844 BEIGE,0002844-76.20CM(30),76.20CM (30),,0002844-76.20CM(30),4,0,0,0
REBEL MASS EXPORT PVT LTD,AW24CTR0001-0002848 BEIGE,0002848-96.52CM(38),96.52CM (38),,0002848-96.52CM(38),4,0,0,0
REBEL MASS EXPORT PVT LTD,AW24CTR0002-0002863 GREY,0002863-96.52CM(38),96.52CM (38),,0002863-96.52CM(38),4,0,0,0
REBEL MASS EXPORT PVT LTD,AW24CTR0003-0004824 D.GREY,0004824-86.36CM(34),86.36CM (34),,0004824-86.36CM(34),4,0,0,0
REBEL MASS EXPORT PVT LTD,AW24CTR0003-0004845 BLACK,0004845-101.6CM(40),101.6CM (40),,0004845-101.6CM(40),4,0,0,0
REBEL MASS EXPORT PVT LTD,AW24CTR0003-0004850 WHITE,0004850-96.52CM(38),96.52CM (38),,0004850-96.52CM(38),4,0,0,0
REBEL MASS EXPORT PVT LTD,AW24CTR0003-0004854 BEIGE,0004854-86.36CM(34),86.36CM (34),,0004854-86.36CM(34),4,0,0,0
REBEL MASS EXPORT PVT LTD,AW24CTR0003-0004855 BEIGE,0004855-91.44CM(36),91.44CM (36),,0004855-91.44CM(36),4,0,0,0
REBEL MASS EXPORT PVT LTD,AW24CTR0003-0004856 BEIGE,0004856-96.52CM(38),96.52CM (38),,0004856-96.52CM(38),4,0,0,0
REBEL MASS EXPORT PVT LTD,AW24CTR0004-0005730 GREEN,0005730-91.44CM(36),91.44CM (36),,0005730-91.44CM(36),4,0,0,0
REBEL MASS EXPORT PVT LTD,AW24CTR0004-0005741 BROWN,0005741-96.52CM(38),96.52CM (38),,0005741-96.52CM(38),4,0,0,0
REBEL MASS EXPORT PVT LTD,AW24CTR0004-0005746 B.GREEN,0005746-96.52CM(38),96.52CM (38),,0005746-96.52CM(38),4,0,0,0
REBEL MASS EXPORT PVT LTD,AW24CTR0004-0005785 MAHANDI,0005785-91.44CM(36),91.44CM (36),,0005785-91.44CM(36),4,0,0,0
REBEL MASS EXPORT PVT LTD,AW24CTR0005-0005752 COFFEE,0005752-76.20CM(30),76.20CM (30),,0005752-76.20CM(30),4,0,0,0
REBEL MASS EXPORT PVT LTD,AW24CTR0005-0005756 COFFEE,0005756-96.52CM(38),96.52CM (38),,0005756-96.52CM(38),4,0,0,0
REBEL MASS EXPORT PVT LTD,AW24CTR0005-0005761 STEAL GREY,0005761-96.52CM(38),96.52CM (38),,0005761-96.52CM(38),4,0,0,0
REBEL MASS EXPORT PVT LTD,AW24CTR0005-0005787 MAHANDI,0005787-76.20CM(30),76.20CM (30),,0005787-76.20CM(30),4,0,0,0
REBEL MASS EXPORT PVT LTD,AW24CTR0005-0005790 MAHANDI,0005790-91.44CM(36),91.44CM (36),,0005790-91.44CM(36),4,0,0,0
REBEL MASS EXPORT PVT LTD,AW24CTR0006-0006544 KHAKI,0006544-91.44CM(36),91.44CM (36),,0006544-91.44CM(36),4,0,0,0
REBEL MASS EXPORT PVT LTD,AW24CTR0006-0006554 BEIGE,0006554-91.44CM(36),91.44CM (36),,0006554-91.44CM(36),4,0,0,0
REBEL MASS EXPORT PVT LTD,AW24D0002-0002551 CARBON BLUE,0002551-91.44CM(36),91.44CM (36),,0002551-91.44CM(36),4,0,0,0
REBEL MASS EXPORT PVT LTD,AW24D0002-0002552 CARBON BLUE,0002552-96.52CM(38),96.52CM (38),,0002552-96.52CM(38),4,0,0,0
REBEL MASS EXPORT PVT LTD,AW24D0005-0003512 ICE BLUE,0003512-76.2CM(30),76.2CM (30),,0003512-76.2CM(30),4,0,0,0
REBEL MASS EXPORT PVT LTD,AW24D0006-0003518 INDIGO BLUE,0003518-76.2CM(30),76.2CM (30),,0003518-76.2CM(30),4,0,0,0
REBEL MASS EXPORT PVT LTD,AW24D0007-0003524 BLACK,0003524-76.2CM(30),76.2CM (30),,0003524-76.2CM(30),4,0,0,0
REBEL MASS EXPORT PVT LTD,AW24D0009A-0004270 ICE BLUE,0004270-76.2CM(30),76.2CM (30),,0004270-76.2CM(30),4,0,0,0
REBEL MASS EXPORT PVT LTD,AW24D0014-0004369 BLUE,0004369-76.2CM(30),76.2CM (30),,0004369-76.2CM(30),4,0,0,0
REBEL MASS EXPORT PVT LTD,AW24D0017-0004390 BLACK,0004390-91.44CM(36),91.44CM(36),,0004390-91.44CM(36),4,0,0,0
REBEL MASS EXPORT PVT LTD,AW24D0020-0004360 L.BLUE,0004360-91.44CM(36),91.44CM(36),,0004360-91.44CM(36),4,0,0,0
REBEL MASS EXPORT PVT LTD,AW24D0024-0005413 L.BLUE,0005413-86.36CM(34),86.36CM (34),,0005413-86.36CM(34),4,0,0,0
REBEL MASS EXPORT PVT LTD,AW24D0027-0005438 BLUE,0005438-91.44CM(36),91.44CM (36),,0005438-91.44CM(36),4,0,0,0
REBEL MASS EXPORT PVT LTD,AW24D0027-0005439 BLUE,0005439-96.52CM(38),96.52CM (38),,0005439-96.52CM(38),4,0,0,0
REBEL MASS EXPORT PVT LTD,AW24D0027-0005449 BLACK,0005449-86.36CM(34),86.36CM (34),,0005449-86.36CM(34),4,0,0,0
REBEL MASS EXPORT PVT LTD,AW24FTR0001-0002513 BROWN,0002513-86.36CM(34),86.36CM (34),,0002513-86.36CM(34),4,0,0,0
REBEL MASS EXPORT PVT LTD,AW24FTR0001-0002588 BLUE,0002588-96.52CM(38),96.52CM (38),,0002588-96.52CM(38),4,0,0,0
REBEL MASS EXPORT PVT LTD,AW24FTR0002-0002528 COFFEE,0002528-91.44CM(36),91.44CM (36),,0002528-91.44CM(36),4,0,0,0
REBEL MASS EXPORT PVT LTD,AW24FTR0003-0002591 BEIGE,0002591-76.20CM(30),76.20CM (30),,0002591-76.20CM(30),4,0,0,0
REBEL MASS EXPORT PVT LTD,AW24FTR0003-0002599 DARK GREY,0002599-81.28CM(32),81.28CM (32),,0002599-81.28CM(32),4,0,0,0
REBEL MASS EXPORT PVT LTD,AW24FTR0003-0002602 DARK GREY,0002602-96.52CM(38),96.52CM (38),,0002602-96.52CM(38),4,0,0,0
REBEL MASS EXPORT PVT LTD,AW24FTR0005-0002997 SEA GREEN,0002997-76.2CM(30),76.2CM (30),,0002997-76.2CM(30),4,0,0,0
REBEL MASS EXPORT PVT LTD,AW24FTR0005-0003001 SEA GREEN,0003001-96.52CM(38),96.52CM (38),,0003001-96.52CM(38),4,0,0,0
REBEL MASS EXPORT PVT LTD,AW24FTR0005-0003008 OFF WHITE,0003008-71.12CM(28),71.12CM (28),,0003008-71.12CM(28),4,0,0,0
REBEL MASS EXPORT PVT LTD,AW24FTR0005-0003010 OFF WHITE,0003010-81.28CM(32),81.28CM (32),,0003010-81.28CM(32),4,0,0,0
REBEL MASS EXPORT PVT LTD,AW24FTR0005-0003011 OFF WHITE,0003011-86.36CM(34),86.36CM (34),,0003011-86.36CM(34),4,0,0,0
REBEL MASS EXPORT PVT LTD,AW24FTR0005-0003012 OFF WHITE,0003012-91.44CM(36),91.44CM(36),,0003012-91.44CM(36),4,0,0,0
REBEL MASS EXPORT PVT LTD,AW24FTR0005-0003026 GREEN,0003026-71.12CM(28),71.12CM (28),,0003026-71.12CM(28),4,0,0,0
REBEL MASS EXPORT PVT LTD,AW24FTR0005-0003033 MUSTARD.,0003033-76.2CM(30),76.2CM (30),,0003033-76.2CM(30),4,0,0,0
REBEL MASS EXPORT PVT LTD,AW24FTR0005-0003036 MUSTARD.,0003036-91.44CM(36),91.44CM(36),,0003036-91.44CM(36),4,0,0,0
REBEL MASS EXPORT PVT LTD,AW24FTR0005-0003039 CHARCOAL,0003039-76.2CM(30),76.2CM (30),,0003039-76.2CM(30),4,0,0,0
REBEL MASS EXPORT PVT LTD,AW24FTR0005-0003063 GREEN,0003063-76.2CM(30),76.2CM (30),,0003063-76.2CM(30),4,0,0,0
REBEL MASS EXPORT PVT LTD,AW24FTR0005-0003070 CREAM,0003070-81.28CM(32),81.28CM (32),,0003070-81.28CM(32),4,0,0,0
REBEL MASS EXPORT PVT LTD,AW24FTR0005-0003074 KHAKI,0003074-71.12CM(28),71.12CM (28),,0003074-71.12CM(28),4,0,0,0
REBEL MASS EXPORT PVT LTD,AW24FTR0005-0003093 B.GREEN,0003093-76.2CM(30),76.2CM (30),,0003093-76.2CM(30),4,0,0,0
REBEL MASS EXPORT PVT LTD,AW24FTR0005-0003096 B.GREEN,0003096-91.44CM(36),91.44CM(36),,0003096-91.44CM(36),4,0,0,0
REBEL MASS EXPORT PVT LTD,AW24FTR0005-0003116 L.GREEN,0003116-71.12CM(28),71.12CM (28),,0003116-71.12CM(28),4,0,0,0
REBEL MASS EXPORT PVT LTD,AW24FTR0005-0003136 SEA GREEN,0003136-81.28CM(32),81.28CM (32),,0003136-81.28CM(32),4,0,0,0
REBEL MASS EXPORT PVT LTD,AW24FTR0005-0003141 L.BROWN,0003141-76.2CM(30),76.2CM (30),,0003141-76.2CM(30),4,0,0,0
REBEL MASS EXPORT PVT LTD,AW24FTR0005-0003156 VAILET,0003156-91.44CM(36),91.44CM(36),,0003156-91.44CM(36),4,0,0,0
REBEL MASS EXPORT PVT LTD,AW24FTR0005-0003165 L.GREY,0003165-76.2CM(30),76.2CM (30),,0003165-76.2CM(30),4,0,0,0
REBEL MASS EXPORT PVT LTD,AW24FTR0005-0003177 BEIGE,0003177-76.2CM(30),76.2CM (30),,0003177-76.2CM(30),4,0,0,0
REBEL MASS EXPORT PVT LTD,AW24FTR0005-0003178 BEIGE,0003178-81.28CM(32),81.28CM (32),,0003178-81.28CM(32),4,0,0,0
REBEL MASS EXPORT PVT LTD,AW24FTR0005-0003187 D.KHAKI,0003187-96.52CM(38),96.52CM (38),,0003187-96.52CM(38),4,0,0,0
REBEL MASS EXPORT PVT LTD,AW24FTR0005-0003189 D.GREY,0003189-76.2CM(30),76.2CM (30),,0003189-76.2CM(30),4,0,0,0
REBEL MASS EXPORT PVT LTD,AW24FTR0005-0003197 BEIGE,0003197-86.36CM(34),86.36CM (34),,0003197-86.36CM(34),4,0,0,0
REBEL MASS EXPORT PVT LTD,AW24FTR0006-0003972 BLACK,0003972-81.28CM(32),81.28CM (32),,0003972-81.28CM(32),4,0,0,0
REBEL MASS EXPORT PVT LTD,AW24FTR0007-0003380 D.BROWN,0003380-91.44CM(36),91.44CM(36),,0003380-91.44CM(36),4,0,0,0
REBEL MASS EXPORT PVT LTD,AW24FTR0009-0003397 MEHANDI,0003397-71.12CM(28),71.12CM (28),,0003397-71.12CM(28),4,0,0,0
REBEL MASS EXPORT PVT LTD,AW24FTR0010-0003412 GREY,0003412-76.2CM(30),76.2CM (30),,0003412-76.2CM(30),4,0,0,0
REBEL MASS EXPORT PVT LTD,AW24FTR0010-0003416 GREY,0003416-96.52CM(38),96.52CM (38),,0003416-96.52CM(38),4,0,0,0
REBEL MASS EXPORT PVT LTD,AW24FTR0010-0003418 KHAKI,0003418-71.12CM(28),71.12CM (28),,0003418-71.12CM(28),4,0,0,0
REBEL MASS EXPORT PVT LTD,AW24FTR0010-0003420 KHAKI,0003420-81.28CM(32),81.28CM (32),,0003420-81.28CM(32),4,0,0,0
REBEL MASS EXPORT PVT LTD,AW24FTR0010-0003426 BLACK,0003426-76.2CM(30),76.2CM (30),,0003426-76.2CM(30),4,0,0,0
REBEL MASS EXPORT PVT LTD,AW24FTR0010-0003453 L.BROWN,0003453-71.12CM(28),71.12CM (28),,0003453-71.12CM(28),4,0,0,0
REBEL MASS EXPORT PVT LTD,AW24FTR0010-0003455 L.BROWN,0003455-81.28CM(32),81.28CM (32),,0003455-81.28CM(32),4,0,0,0
REBEL MASS EXPORT PVT LTD,AW24FTR0010-0003470 SEA GREEN,0003470-86.36CM(34),86.36CM (34),,0003470-86.36CM(34),4,0,0,0
REBEL MASS EXPORT PVT LTD,AW24FTR0010-0003482 MAHANDI,0003482-76.2CM(30),76.2CM (30),,0003482-76.2CM(30),4,0,0,0
REBEL MASS EXPORT PVT LTD,AW24FTR0010-0003493 D.BROWN,0003493-96.52CM(38),96.52CM (38),,0003493-96.52CM(38),4,0,0,0
REBEL MASS EXPORT PVT LTD,AW24FTR0011-0004014 CHARCOAL,0004014-81.28CM(32),81.28CM (32),,0004014-81.28CM(32),4,0,0,0
REBEL MASS EXPORT PVT LTD,AW24FTR0014-0004934 CHARCOAL,0004934-81.28CM(32),81.28CM (32),,0004934-81.28CM(32),4,0,0,0
REBEL MASS EXPORT PVT LTD,AW24FTR0023-0005063 GREY,0005063-76.20CM(30),76.20CM (30),,0005063-76.20CM(30),4,0,0,0
REBEL MASS EXPORT PVT LTD,AW24FTR0024-0005069 BLUE,0005069-76.20CM(30),76.20CM (30),,0005069-76.20CM(30),4,0,0,0
REBEL MASS EXPORT PVT LTD,AW24FTR0024-0005348 BLUE,0005348-101.6CM(40),101.6CM (40),,0005348-101.6CM(40),4,0,0,0
REBEL MASS EXPORT PVT LTD,AW24FTR0024-0006417 D.BLUE,0006417-86.36CM(34),86.36CM (34),,0006417-86.36CM(34),4,0,0,0
REBEL MASS EXPORT PVT LTD,AW24FTR0030-0005105 NAVY,0005105-76.20CM(30),76.20CM (30),,0005105-76.20CM(30),4,0,0,0
REBEL MASS EXPORT PVT LTD,AW24FTR0030-0006424 D.BLUE,0006424-86.36CM(34),86.36CM (34),,0006424-86.36CM(34),4,0,0,0
REBEL MASS EXPORT PVT LTD,AW24FTR0033-0005143 MOUSE,0005143-91.44CM(36),91.44CM(36),,0005143-91.44CM(36),4,0,0,0
REBEL MASS EXPORT PVT LTD,AW24FTR0033-0005144 MOUSE,0005144-96.52CM(38),96.52CM (38),,0005144-96.52CM(38),4,0,0,0
REBEL MASS EXPORT PVT LTD,AW24FTR0034-0005146 GREY,0005146-71.12CM(28),71.12CM (28),,0005146-71.12CM(28),4,0,0,0
REBEL MASS EXPORT PVT LTD,AW24FTR0036-0005176 GREY,0005176-81.28CM(32),81.28CM (32),,0005176-81.28CM(32),4,0,0,0
REBEL MASS EXPORT PVT LTD,AW24FTR0036-0005182 BLUE,0005182-76.20CM(30),76.20CM (30),,0005182-76.20CM(30),4,0,0,0
REBEL MASS EXPORT PVT LTD,AW24FTR0036-0005187 BLUE,0005187-101.6CM(40),101.6CM (40),,0005187-101.6CM(40),4,0,0,0
REBEL MASS EXPORT PVT LTD,AW24FTR0037-0005794 GREY,0005794-81.28CM(32),81.28CM (32),,0005794-81.28CM(32),4,0,0,0
REBEL MASS EXPORT PVT LTD,AW24FTR0037-0005796 GREY,0005796-91.44CM(36),91.44CM (36),,0005796-91.44CM(36),4,0,0,0
REBEL MASS EXPORT PVT LTD,AW24FTR0038-0005801 BLACK,0005801-81.28CM(32),81.28CM (32),,0005801-81.28CM(32),4,0,0,0
REBEL MASS EXPORT PVT LTD,AW24FTR0039-0005812 NAVY,0005812-101.6CM(40),101.6CM (40),,0005812-101.6CM(40),4,0,0,0
REBEL MASS EXPORT PVT LTD,AW24-JKT0001-0001994 CREAM,0001994-L,L,,0001994-L,4,0,0,0
REBEL MASS EXPORT PVT LTD,AW24-JKT0001-0001999 MOUSE,0001999-L,L,,0001999-L,4,0,0,0
REBEL MASS EXPORT PVT LTD,AW24-JKT0001-0002001 MOUSE,0002001-XXL,XXL,,0002001-XXL,4,0,0,1
REBEL MASS EXPORT PVT LTD,AW24-JKT0002-0002034 BLACK,0002034-M,M,,0002034-M,4,0,0,0
REBEL MASS EXPORT PVT LTD,AW24-JKT0002-0002668 NAVY,0002668-XL,XL,,0002668-XL,4,0,0,0
REBEL MASS EXPORT PVT LTD,AW24-JKT0002-0002669 NAVY,0002669-XXL,XXL,,0002669-XXL,4,0,0,0
REBEL MASS EXPORT PVT LTD,AW24JKT0003-0002629 CREAM,0002629-XXL,XXL,,0002629-XXL,4,0,0,0
REBEL MASS EXPORT PVT LTD,AW24JKT0003-0002638 NAVY,0002638-XL,XL,,0002638-XL,4,0,0,0
REBEL MASS EXPORT PVT LTD,AW24JKT0003-0002640 NAVY,0002640-3XL,3XL,,0002640-3XL,4,0,0,0
REBEL MASS EXPORT PVT LTD,AW24JKT0003-0002641 L.GREY,0002641-M,M,,0002641-M,4,0,0,0
REBEL MASS EXPORT PVT LTD,AW24JKT0003-0002646 KHAKI,0002646-M,M,,0002646-M,4,0,0,0
REBEL MASS EXPORT PVT LTD,AW24JKT0003-0005215 OLIVE,0005215-XXL,XXL,,0005215-XXL,4,0,0,1
REBEL MASS EXPORT PVT LTD,AW24JKT0005-2437 GREEN,2437-L,L,,2437-L,4,0,0,0
REBEL MASS EXPORT PVT LTD,AW24JKT0005-2439 GREEN,2439-XXL,XXL,,2439-XXL,4,0,0,0
REBEL MASS EXPORT PVT LTD,AW24JKT0005-2443 MOUSE,2443-XXL,XXL,,2443-XXL,4,0,0,0
REBEL MASS EXPORT PVT LTD,AW24JKT0008-0002497 D.GREY,0002497-L,L,,0002497-L,4,0,0,0
REBEL MASS EXPORT PVT LTD,AW24JKT0008-0002657 GREY,0002657-L,L,,0002657-L,4,0,0,0
REBEL MASS EXPORT PVT LTD,AW24JKT0008-0002661 BEIGE,0002661-M,M,,0002661-M,4,0,0,0
REBEL MASS EXPORT PVT LTD,AW24JKT0012-0004463 BEIGE,0004463-XXL,XXL,,0004463-XXL,4,0,0,0
REBEL MASS EXPORT PVT LTD,AW24JKT0012-0004470 MAHROON,0004470-XL,XL,,0004470-XL,4,0,0,0
REBEL MASS EXPORT PVT LTD,AW24JKT0012-0004489 BOTLE GREEN,0004489-L,L,,0004489-L,4,0,0,0
REBEL MASS EXPORT PVT LTD,AW24JKT0013-0004747 KHAKI,0004747-XXL,XXL,,0004747-XXL,4,0,0,0
REBEL MASS EXPORT PVT LTD,AW24JKT0015-0004759 BLACK,0004759-XXL,XXL,,0004759-XXL,4,0,0,0
REBEL MASS EXPORT PVT LTD,AW24JKT0016-0007131 BLK/BEIGE,0007131-XL,XL,,0007131-XL,4,0,0,0
REBEL MASS EXPORT PVT LTD,AW24LC0001-0002790 NAVY,0002790-111.76CM(44),111.76CM (44),,0002790-111.76CM(44),4,0,0,0
REBEL MASS EXPORT PVT LTD,AW24LC0001-0002792 TAN,0002792-91.44CM(36),91.44CM (36),,0002792-91.44CM(36),4,0,0,0
REBEL MASS EXPORT PVT LTD,AW24LC0002-0002806 D.GREY,0002806-101.6CM(40),101.6CM (40),,0002806-101.6CM(40),4,0,0,0
REBEL MASS EXPORT PVT LTD,AW24LC0002-0002807 D.GREY,0002807-106.68CM(42),106.68CM (42),,0002807-106.68CM(42),4,0,0,0
REBEL MASS EXPORT PVT LTD,AW24LC0002-0002812 BLACK,0002812-101.6CM(40),101.6CM (40),,0002812-101.6CM(40),4,0,0,0
REBEL MASS EXPORT PVT LTD,AW24PO0001-0003563 BLACK,0003563-M,M,,0003563-M,4,0,0,0
REBEL MASS EXPORT PVT LTD,AW24PO0001-0003564 BLACK,0003564-L,L,,0003564-L,4,0,0,0
REBEL MASS EXPORT PVT LTD,AW24PO0002-0003581 KHAKI,0003581-M,M,,0003581-M,4,0,0,0
REBEL MASS EXPORT PVT LTD,AW24S20003-0004894 DARK WINE,0004894-106.68CM(42),106.68CM (42),,0004894-106.68CM(42),4,0,0,0
REBEL MASS EXPORT PVT LTD,AW24S30001-0003823 D.GREY,0003823-111.76CM(44),111.76CM (44),,0003823-111.76CM(44),4,0,0,0
REBEL MASS EXPORT PVT LTD,AW24S30001-0003834 CHARCOAL,0003834-106.68CM(42),106.68CM (42),,0003834-106.68CM(42),4,0,0,0
REBEL MASS EXPORT PVT LTD,AW24S30003-0003846 GREY,0003846-106.68CM(42),106.68CM (42),,0003846-106.68CM(42),4,0,0,0
REBEL MASS EXPORT PVT LTD,AW24S30004-0003853 BROWN,0003853-101.6CM(40),101.6CM (40),,0003853-101.6CM(40),4,0,0,0
REBEL MASS EXPORT PVT LTD,AW24S30004-0003854 BROWN,0003854-106.68CM(42),106.68CM (42),,0003854-106.68CM(42),4,0,0,0
REBEL MASS EXPORT PVT LTD,AW24S30005-0004121 PISTA GREEN,0004121-111.76CM(44),111.76CM (44),,0004121-111.76CM(44),4,0,0,0
REBEL MASS EXPORT PVT LTD,AW24S30005-0004123 GREY,0004123-101.6CM(40),101.6CM (40),,0004123-101.6CM(40),4,0,0,0
REBEL MASS EXPORT PVT LTD,AW24SH0001-0002057 PEACH,0002057-M,M,,0002057-M,4,0,0,0
REBEL MASS EXPORT PVT LTD,AW24SH0001-0002064 TURQ,0002064-XXL,XXL,,0002064-XXL,4,0,0,0
REBEL MASS EXPORT PVT LTD,AW24SH0001-0002066 SEA GREEN,0002066-L,L,,0002066-L,4,0,0,0
REBEL MASS EXPORT PVT LTD,AW24SH0001-0002076 BLUE,0002076-XXL,XXL,,0002076-XXL,4,0,0,0
REBEL MASS EXPORT PVT LTD,AW24SH0001-0002958 SEA GREEN,0002958-M,M,,0002958-M,4,0,0,0
REBEL MASS EXPORT PVT LTD,AW24SH0003-0002078 GREY,0002078-L,L,,0002078-L,4,0,0,0
REBEL MASS EXPORT PVT LTD,AW24SH0003-0002082 SEA GREEN,0002082-L,L,,0002082-L,4,0,0,0
REBEL MASS EXPORT PVT LTD,AW24SH0004-0002086 OLIVE,0002086-L,L,,0002086-L,4,0,0,0
REBEL MASS EXPORT PVT LTD,AW24SH0005-0002098 BLUE,0002098-L,L,,0002098-L,4,0,0,0
REBEL MASS EXPORT PVT LTD,AW24SH0006-0002106 SEA BROWN,0002106-L,L,,0002106-L,4,0,0,0
REBEL MASS EXPORT PVT LTD,AW24SH0007-0002109 SKY BLUE,0002109-M,M,,0002109-M,4,0,0,0
REBEL MASS EXPORT PVT LTD,AW24SH0007-0002110 SKY BLUE,0002110-L,L,,0002110-L,4,0,0,0
REBEL MASS EXPORT PVT LTD,AW24SH0007-0002121 NAVY,0002121-XL,XL,,0002121-XL,4,0,0,0
REBEL MASS EXPORT PVT LTD,AW24SH0007-0002132 WINE,0002132-XXL,XXL,,0002132-XXL,4,0,0,0
REBEL MASS EXPORT PVT LTD,AW24SH0007-0002141 WHITE,0002141-XL,XL,,0002141-XL,4,0,0,0
REBEL MASS EXPORT PVT LTD,AW24SH0008-0002148 BLACK,0002148-3XL,3XL,,0002148-3XL,4,0,0,0
REBEL MASS EXPORT PVT LTD,AW24SH0008-0002151 TEAL,0002151-XL,XL,,0002151-XL,4,0,0,0
REBEL MASS EXPORT PVT LTD,AW24SH0008-0002160 BEIGE,0002160-L,L,,0002160-L,4,0,0,0
REBEL MASS EXPORT PVT LTD,AW24SH0016-0002225 TURQ,0002225-M,M,,0002225-M,4,0,0,0
REBEL MASS EXPORT PVT LTD,AW24SH0017-0002233 BEIGE,0002233-M,M,,0002233-M,4,0,0,0
REBEL MASS EXPORT PVT LTD,AW24SH0017-0002236 BEIGE,0002236-XXL,XXL,,0002236-XXL,4,0,0,0
REBEL MASS EXPORT PVT LTD,AW24SH0017-0002238 SKY BLUE,0002238-L,L,,0002238-L,4,0,0,0
REBEL MASS EXPORT PVT LTD,AW24SH0018-0002244 CREAM,0002244-XXL,XXL,,0002244-XXL,4,0,0,0
REBEL MASS EXPORT PVT LTD,AW24SH0021-0002290 M.GREEN,0002290-L,L,,0002290-L,4,0,0,0
REBEL MASS EXPORT PVT LTD,AW24SH0021-0002291 M.GREEN,0002291-XL,XL,,0002291-XL,4,0,0,0
REBEL MASS EXPORT PVT LTD,AW24SH0021-0002354 GREY,0002354-L,L,,0002354-L,4,0,0,0
REBEL MASS EXPORT PVT LTD,AW24SH0022-0002326 GREEN,0002326-L,L,,0002326-L,4,0,0,0
REBEL MASS EXPORT PVT LTD,AW24SH0023-0002335 OLIVE,0002335-XL,XL,,0002335-XL,4,0,0,0
REBEL MASS EXPORT PVT LTD,AW24SH0025-0002344 NAVY,0002344-XXL,XXL,,0002344-XXL,4,0,0,0
REBEL MASS EXPORT PVT LTD,AW24SH0026-0002348 BLUE,0002348-XXL,XXL,,0002348-XXL,4,0,0,0
REBEL MASS EXPORT PVT LTD,AW24SH0028-0002364 GREEN,0002364-XXL,XXL,,0002364-XXL,4,0,0,0
REBEL MASS EXPORT PVT LTD,AW24SH0028-0002366 ONION,0002366-L,L,,0002366-L,4,0,0,0
REBEL MASS EXPORT PVT LTD,AW24SH0028-0002368 ONION,0002368-XXL,XXL,,0002368-XXL,4,0,0,0
REBEL MASS EXPORT PVT LTD,AW24SH0029-0002374 BROWN,0002374-L,L,,0002374-L,4,0,0,0
REBEL MASS EXPORT PVT LTD,AW24SH0029-0002968 GREEN,0002968-XL,XL,,0002968-XL,4,0,0,0
REBEL MASS EXPORT PVT LTD,AW24SH0030-0002378 PINK,0002378-L,L,,0002378-L,4,0,0,0
REBEL MASS EXPORT PVT LTD,AW24SH0030-0002386 AQUA,0002386-L,L,,0002386-L,4,0,0,0
REBEL MASS EXPORT PVT LTD,AW24SH0031-0002019 PEACH,0002019-XXL,XXL,,0002019-XXL,4,0,0,0
REBEL MASS EXPORT PVT LTD,AW24SH0031-0002682 L.BLUE,0002682-XXL,XXL,,0002682-XXL,4,0,0,0
REBEL MASS EXPORT PVT LTD,AW24SH0031-0002684 MEHNDI,0002684-L,L,,0002684-L,4,0,0,0
REBEL MASS EXPORT PVT LTD,AW24SH0031-0002693 BEIGE,0002693-XL,XL,,0002693-XL,4,0,0,0
REBEL MASS EXPORT PVT LTD,AW24SH0032-0002701 GREY,0002701-XL,XL,,0002701-XL,4,0,0,0
REBEL MASS EXPORT PVT LTD,AW24SH0032-0002706 ONION,0002706-XXL,XXL,,0002706-XXL,4,0,0,0
REBEL MASS EXPORT PVT LTD,AW24SH0034-0002719 GREY,0002719-M,M,,0002719-M,4,0,0,0
REBEL MASS EXPORT PVT LTD,AW24SH0034-0002722 GREY,0002722-XXL,XXL,,0002722-XXL,4,0,0,0
REBEL MASS EXPORT PVT LTD,AW24SH0035-0002726 BLUE,0002726-XXL,XXL,,0002726-XXL,4,0,0,0
REBEL MASS EXPORT PVT LTD,AW24SH0035-0002741 ORANGE,0002741-XL,XL,,0002741-XL,4,0,0,0
REBEL MASS EXPORT PVT LTD,AW24SH0037-0002878 SKY BLUE,0002878-M,M,,0002878-M,4,0,0,0
REBEL MASS EXPORT PVT LTD,AW24SH0037-0002889 BLUE,0002889-XXL,XXL,,0002889-XXL,4,0,0,0
REBEL MASS EXPORT PVT LTD,AW24SH0037-0002894 BEIGE,0002894-M,M,,0002894-M,4,0,0,0
REBEL MASS EXPORT PVT LTD,AW24SH0037-0002906 PINK,0002906-M,M,,0002906-M,4,0,0,0
REBEL MASS EXPORT PVT LTD,AW24SH0038-0002927 SKY BLUE,0002927-L,L,,0002927-L,4,0,0,0
REBEL MASS EXPORT PVT LTD,AW24SH0039-0002946 SEA GREEN,0002946-M,M,,0002946-M,4,0,0,0
REBEL MASS EXPORT PVT LTD,AW24SH0041-0004663 D.BLUE,0004663-XXL,XXL,,0004663-XXL,4,0,0,0
REBEL MASS EXPORT PVT LTD,AW24SH0044-0002982 MULTI,0002982-M,M,,0002982-M,4,0,0,0
REBEL MASS EXPORT PVT LTD,AW24SH0044-0002984 MULTI,0002984-XL,XL,,0002984-XL,4,0,0,0
REBEL MASS EXPORT PVT LTD,AW24SH0045-0004657 GREY,0004657-L,L,,0004657-L,4,0,0,0
REBEL MASS EXPORT PVT LTD,AW24SH0046-0003223 BLUE,0003223-XXL,XXL,,0003223-XXL,4,0,0,0
REBEL MASS EXPORT PVT LTD,AW24SH0046-0003243 BEIGE,0003243-XXL,XXL,,0003243-XXL,4,0,0,0
REBEL MASS EXPORT PVT LTD,AW24SH0046-0003247 BLUE,0003247-XXL,XXL,,0003247-XXL,4,0,0,0
REBEL MASS EXPORT PVT LTD,AW24SH0050-0003281 SKY BLUE,0003281-L,L,,0003281-L,4,0,0,0
REBEL MASS EXPORT PVT LTD,AW24SH0050-0003282 SKY BLUE,0003282-XL,XL,,0003282-XL,4,0,0,0
REBEL MASS EXPORT PVT LTD,AW24SH0050-0003629 CREAM,0003629-M,M,,0003629-M,4,0,0,0
REBEL MASS EXPORT PVT LTD,AW24SH0050-0003632 CREAM,0003632-XXL,XXL,,0003632-XXL,4,0,0,0
REBEL MASS EXPORT PVT LTD,AW24SH0051-0003285 BLUE,0003285-L,L,,0003285-L,4,0,0,0
REBEL MASS EXPORT PVT LTD,AW24SH0051-0003288 KHAKI,0003288-M,M,,0003288-M,4,0,0,0
REBEL MASS EXPORT PVT LTD,AW24SH0053-0003306 WHT/GREY,0003306-XL,XL,,0003306-XL,4,0,0,0
REBEL MASS EXPORT PVT LTD,AW24SH0055-0003319 WHT/GREY,0003319-XXL,XXL,,0003319-XXL,4,0,0,0
REBEL MASS EXPORT PVT LTD,AW24SH0055-0003323 WHT/BEIGE,0003323-XXL,XXL,,0003323-XXL,4,0,0,0
REBEL MASS EXPORT PVT LTD,AW24SH0057-0003334 WHT/BLUE,0003334-XL,XL,,0003334-XL,4,0,0,0
REBEL MASS EXPORT PVT LTD,AW24SH0057-0003336 WHT/BEIGE,0003336-M,M,,0003336-M,4,0,0,0
REBEL MASS EXPORT PVT LTD,AW24SH0058-0003344 WHT/YELLOW,0003344-M,M,,0003344-M,4,0,0,0
REBEL MASS EXPORT PVT LTD,AW24SH0058-0003345 WHT/YELLOW,0003345-L,L,,0003345-L,4,0,0,0
REBEL MASS EXPORT PVT LTD,AW24SH0061-0003368 WHITE,0003368-XXL,XXL,,0003368-XXL,4,0,0,0
REBEL MASS EXPORT PVT LTD,AW24SH0062-0003905 D.BROWN,0003905-XXL,XXL,,0003905-XXL,4,0,0,0
REBEL MASS EXPORT PVT LTD,AW24SH0062-0003906 S.BLUE,0003906-M,M,,0003906-M,4,0,0,0
REBEL MASS EXPORT PVT LTD,AW24SH0066-0003952 WHITE,0003952-XL,XL,,0003952-XL,4,0,0,0
REBEL MASS EXPORT PVT LTD,AW24SH0070-0003968 WHITE,0003968-XL,XL,,0003968-XL,4,0,0,0
REBEL MASS EXPORT PVT LTD,AW24SH0071-0004034 WHITE,0004034-L,L,,0004034-L,4,0,0,0
REBEL MASS EXPORT PVT LTD,AW24SH0080-0004084 BLACK,0004084-XL,XL,,0004084-XL,4,0,0,0
REBEL MASS EXPORT PVT LTD,AW24SH0083-0004167 BLUE,0004167-M,M,,0004167-M,4,0,0,0
REBEL MASS EXPORT PVT LTD,AW24SH0083-0004192 FAWN,0004192-L,L,,0004192-L,4,0,0,0
REBEL MASS EXPORT PVT LTD,AW24SH0083-0004194 FAWN,0004194-XXL,XXL,,0004194-XXL,4,0,0,0
REBEL MASS EXPORT PVT LTD,AW24SH0084-0004202 L.BLUE,0004202-XXL,XXL,,0004202-XXL,4,0,0,0
REBEL MASS EXPORT PVT LTD,AW24SH0085-0004234 OLIVE,0004234-XXL,XXL,,0004234-XXL,4,0,0,0
REBEL MASS EXPORT PVT LTD,AW24SH0086-0004503 GREY,0004503-XXL,XXL,,0004503-XXL,4,0,0,0
REBEL MASS EXPORT PVT LTD,AW24SH0086-0004507 CHARCOAL,0004507-XXL,XXL,,0004507-XXL,4,0,0,0
REBEL MASS EXPORT PVT LTD,AW24SH0087-0006795 RED,0006795-XL,XL,,0006795-XL,4,0,0,0
REBEL MASS EXPORT PVT LTD,AW24SH0088-0004524 L..YELLOW,0004524-M,M,,0004524-M,4,0,0,0
REBEL MASS EXPORT PVT LTD,AW24SH0088-0004539 KHAKI,0004539-XXL,XXL,,0004539-XXL,4,0,0,0
REBEL MASS EXPORT PVT LTD,AW24SH0089-0004553 SKY BLUE,0004553-L,L,,0004553-L,4,0,0,0
REBEL MASS EXPORT PVT LTD,AW24SH0089-0004568 GREY,0004568-M,M,,0004568-M,4,0,0,0
REBEL MASS EXPORT PVT LTD,AW24SH0089-0004573 WINE,0004573-L,L,,0004573-L,4,0,0,0
REBEL MASS EXPORT PVT LTD,AW24SH0089-0004579 BLUE,0004579-XXL,XXL,,0004579-XXL,4,0,0,0
REBEL MASS EXPORT PVT LTD,AW24SH0089-0004582 TEAL,0004582-XL,XL,,0004582-XL,4,0,0,0
REBEL MASS EXPORT PVT LTD,AW24SH0089-0004583 TEAL,0004583-XXL,XXL,,0004583-XXL,4,0,0,0
REBEL MASS EXPORT PVT LTD,AW24SH0090-0004596 L.PURPLE,0004596-M,M,,0004596-M,4,0,0,0
REBEL MASS EXPORT PVT LTD,AW24SH0090-0004609 SKY BLUE,0004609-L,L,,0004609-L,4,0,0,0
REBEL MASS EXPORT PVT LTD,AW24SH0090-0004610 SKY BLUE,0004610-XL,XL,,0004610-XL,4,0,0,0
REBEL MASS EXPORT PVT LTD,AW24SH0091-0004620 WINE,0004620-M,M,,0004620-M,4,0,0,0
REBEL MASS EXPORT PVT LTD,AW24SH0091-0004622 WINE,0004622-XL,XL,,0004622-XL,4,0,0,0
REBEL MASS EXPORT PVT LTD,AW24SH0091-0004627 BROWN,0004627-XXL,XXL,,0004627-XXL,4,0,0,0
REBEL MASS EXPORT PVT LTD,AW24SH0092-0004636 BLACK,0004636-M,M,,0004636-M,4,0,0,0
REBEL MASS EXPORT PVT LTD,AW24SH0093-0004643 WHITE,0004643-XXL,XXL,,0004643-XXL,4,0,0,0
REBEL MASS EXPORT PVT LTD,AW24SH0093-0004647 NAVY,0004647-XXL,XXL,,0004647-XXL,4,0,0,0
REBEL MASS EXPORT PVT LTD,AW24SH0094-0004676 D.GREY,0004676-M,M,,0004676-M,4,0,0,0
REBEL MASS EXPORT PVT LTD,AW24SH0094-0004679 D.GREY,0004679-XXL,XXL,,0004679-XXL,4,0,0,0
REBEL MASS EXPORT PVT LTD,AW24SH0094-0004695 L.BEIGE,0004695-XXL,XXL,,0004695-XXL,4,0,0,0
REBEL MASS EXPORT PVT LTD,AW24SH0094-0004773 MID GREY,0004773-L,L,,0004773-L,4,0,0,0
REBEL MASS EXPORT PVT LTD,AW24SH0095-0004771 WHITE,0004771-XXL,XXL,,0004771-XXL,4,0,0,0
REBEL MASS EXPORT PVT LTD,AW24SH0096-0004784 GREY,0004784-M,M,,0004784-M,4,0,0,0
REBEL MASS EXPORT PVT LTD,AW24SH0096-0004790 OLIVE,0004790-XL,XL,,0004790-XL,4,0,0,0
REBEL MASS EXPORT PVT LTD,AW24SH0097-0004796 GREY,0004796-M,M,,0004796-M,4,0,0,0
REBEL MASS EXPORT PVT LTD,AW24SH0097-0004807 M.GREEN,0004807-XXL,XXL,,0004807-XXL,4,0,0,0
REBEL MASS EXPORT PVT LTD,AW24SH0101-0005269 BR/BLUE,0005269-XL,XL,,0005269-XL,4,0,0,0
REBEL MASS EXPORT PVT LTD,AW24SH0102-0005273 SEA GREEN,0005273-XL,XL,,0005273-XL,4,0,0,0
REBEL MASS EXPORT PVT LTD,AW24SH0103-0005282 WHT/BLUE,0005282-XXL,XXL,,0005282-XXL,4,0,0,0
REBEL MASS EXPORT PVT LTD,AW24SH0104-0005289 GREY,0005289-XL,XL,,0005289-XL,4,0,0,0
REBEL MASS EXPORT PVT LTD,AW24SH0105-0005297 SKY BLUE,0005297-XL,XL,,0005297-XL,4,0,0,0
REBEL MASS EXPORT PVT LTD,AW24SH0107-0005313 PISTA,0005313-XL,XL,,0005313-XL,4,0,0,0
REBEL MASS EXPORT PVT LTD,AW24SH0108-0005330 NAVY,0005330-M,M,,0005330-M,4,0,0,0
REBEL MASS EXPORT PVT LTD,AW24SH0108-0005333 NAVY,0005333-XXL,XXL,,0005333-XXL,4,0,0,0
REBEL MASS EXPORT PVT LTD,AW24SH0108-0005337 MAHROON,0005337-XXL,XXL,,0005337-XXL,4,0,0,0
REBEL MASS EXPORT PVT LTD,AW24SH0108-0005357 OLIVE,0005357-XXL,XXL,,0005357-XXL,4,0,0,0
REBEL MASS EXPORT PVT LTD,AW24SH0108-0005813 WHITE,0005813-M,M,,0005813-M,4,0,0,0
REBEL MASS EXPORT PVT LTD,AW24SH0108-0005816 WHITE,0005816-XXL,XXL,,0005816-XXL,4,0,0,0
REBEL MASS EXPORT PVT LTD,AW24SH0108-0008024 BLACK,0008024-XXL,XXL,,0008024-XXL,4,0,0,0
REBEL MASS EXPORT PVT LTD,AW24SH0110-0005468 NAVY,0005468-M,M,,0005468-M,4,0,0,0
REBEL MASS EXPORT PVT LTD,AW24SH0110-0005476 D.KHAKI,0005476-M,M,,0005476-M,4,0,0,0
REBEL MASS EXPORT PVT LTD,AW24SH0110-0005479 D.KHAKI,0005479-XXL,XXL,,0005479-XXL,4,0,0,0
REBEL MASS EXPORT PVT LTD,AW24SH0115-0005506 YELLOW,0005506-XL,XL,,0005506-XL,4,0,0,0
REBEL MASS EXPORT PVT LTD,AW24SH0116-0005515 BLACK,0005515-XXL,XXL,,0005515-XXL,4,0,0,0
REBEL MASS EXPORT PVT LTD,AW24SH0116-0005517 NAVY,0005517-L,L,,0005517-L,4,0,0,0
REBEL MASS EXPORT PVT LTD,AW24SH0118-0005531 KHAKI,0005531-XXL,XXL,,0005531-XXL,4,0,0,0
REBEL MASS EXPORT PVT LTD,AW24SH0120-0005548 WHITE,0005548-M,M,,0005548-M,4,0,0,0
REBEL MASS EXPORT PVT LTD,AW24SH0127-0005644 SKY BLUE,0005644-L,L,,0005644-L,4,0,0,0
REBEL MASS EXPORT PVT LTD,AW24SH0138-0005687 WHITE,0005687-M,M,,0005687-M,4,0,0,0
REBEL MASS EXPORT PVT LTD,AW24SH0138-0005690 WHITE,0005690-XXL,XXL,,0005690-XXL,4,0,0,0
REBEL MASS EXPORT PVT LTD,AW24SH0145-0005718 WHITE,0005718-XXL,XXL,,0005718-XXL,4,0,0,0
REBEL MASS EXPORT PVT LTD,AW24SH0149-0005853 YELLOW,0005853-M,M,,0005853-M,4,0,0,0
REBEL MASS EXPORT PVT LTD,AW24SH0153-0005893 BEIGE,0005893-M,M,,0005893-M,4,0,0,0
REBEL MASS EXPORT PVT LTD,AW24SH0161-0005984 PINK,0005984-XXL,XXL,,0005984-XXL,4,0,0,0
REBEL MASS EXPORT PVT LTD,AW24SH0161-0005989 L.PURPLE,0005989-M,M,,0005989-M,4,0,0,0
REBEL MASS EXPORT PVT LTD,AW24SH0162-0006012 PINK,0006012-XXL,XXL,,0006012-XXL,4,0,0,0
REBEL MASS EXPORT PVT LTD,AW24SH0162-0006014 PEACH,0006014-L,L,,0006014-L,4,0,0,0
REBEL MASS EXPORT PVT LTD,AW24SH0162-0006017 PURPLE,0006017-M,M,,0006017-M,4,0,0,0
REBEL MASS EXPORT PVT LTD,AW24SH0163-0006040 SKY BLUE,0006040-XXL,XXL,,0006040-XXL,4,0,0,0
REBEL MASS EXPORT PVT LTD,AW24SH0172-0006081 GREY,0006081-M,M,,0006081-M,4,0,0,0
REBEL MASS EXPORT PVT LTD,AW24SH0172-0006084 GREY,0006084-XXL,XXL,,0006084-XXL,4,0,0,0
REBEL MASS EXPORT PVT LTD,AW24SH0174-0006113 MAHROON,0006113-M,M,,0006113-M,4,0,0,0
REBEL MASS EXPORT PVT LTD,AW24SH0179-0006177 GREEN,0006177-M,M,,0006177-M,4,0,0,0
REBEL MASS EXPORT PVT LTD,AW24SH0179-0006189 WINE,0006189-M,M,,0006189-M,4,0,0,0
REBEL MASS EXPORT PVT LTD,AW24SH0182-0006220 SKY BLUE,0006220-XXL,XXL,,0006220-XXL,4,0,0,0
REBEL MASS EXPORT PVT LTD,AW24SH0182-0006223 PINK,0006223-XL,XL,,0006223-XL,4,0,0,0
REBEL MASS EXPORT PVT LTD,AW24SH0183-0006232 BEIGE,0006232-XXL,XXL,,0006232-XXL,4,0,0,0
REBEL MASS EXPORT PVT LTD,AW24SH0184-0006235 GREY,0006235-XL,XL,,0006235-XL,4,0,0,0
REBEL MASS EXPORT PVT LTD,AW24SH0185-0006245 BEIGE,0006245-M,M,,0006245-M,4,0,0,0
REBEL MASS EXPORT PVT LTD,AW24SH0187-0006258 BLACK,0006258-L,L,,0006258-L,4,0,0,0
REBEL MASS EXPORT PVT LTD,AW24SH0192-0006307 MAHROON,0006307-XL,XL,,0006307-XL,4,0,0,0
REBEL MASS EXPORT PVT LTD,AW24SH0194-0006521 CREAM,0006521-L,L,,0006521-L,4,0,0,0
REBEL MASS EXPORT PVT LTD,AW24SH0194-0006522 CREAM,0006522-XL,XL,,0006522-XL,4,0,0,0
REBEL MASS EXPORT PVT LTD,AW24SK0001-0002444 CREAM,0002444-M,M,,0002444-M,4,0,0,0
REBEL MASS EXPORT PVT LTD,AW24SK0001-0002452 GREEN,0002452-M,M,,0002452-M,4,0,0,0
REBEL MASS EXPORT PVT LTD,AW24SK0001-0002454 GREEN,0002454-XL,XL,,0002454-XL,4,0,0,0
REBEL MASS EXPORT PVT LTD,AW24SK0001-0002458 ONION,0002458-XL,XL,,0002458-XL,4,0,0,0
REBEL MASS EXPORT PVT LTD,AW24SK0001-0002532 WHITE,0002532-L,L,,0002532-L,4,0,0,0
REBEL MASS EXPORT PVT LTD,AW24SK0001-0002755 LIGHT GREY,0002755-XXL,XXL,,0002755-XXL,4,0,0,0
REBEL MASS EXPORT PVT LTD,AW24SS0009-0003797 MUSTARD,0003797-L,L,,0003797-L,4,0,0,0
REBEL MASS EXPORT PVT LTD,AW24SS0009-0003799 MUSTARD,0003799-XXL,XXL,,0003799-XXL,4,0,0,0
REBEL MASS EXPORT PVT LTD,AW24SS0009-0003812 BLACK,0003812-M,M,,0003812-M,4,0,0,0
REBEL MASS EXPORT PVT LTD,AW24SS0018-0005315 ANTRA,0005315-3XL,3XL,,0005315-3XL,4,0,0,0
REBEL MASS EXPORT PVT LTD,AW24SS0021-0006331 BLACK,0006331-XL,XL,,0006331-XL,4,0,0,0
REBEL MASS EXPORT PVT LTD,AW24SS0022-0006348 ORANGE,0006348-XXL,XXL,,0006348-XXL,4,0,0,0
REBEL MASS EXPORT PVT LTD,AW24SS0022-0006406 RED,0006406-M,M,,0006406-M,4,0,0,0
REBEL MASS EXPORT PVT LTD,AW24TS0002-0006384 NAVY,0006384-XXL,XXL,,0006384-XXL,4,0,0,0
REBEL MASS EXPORT PVT LTD,AW24TX0002-0004328 GREEN,0004328-106.68CM(42),106.68CM (42),,0004328-106.68CM(42),4,0,0,0
REBEL MASS EXPORT PVT LTD,AW24TX0002-0004333 COFFEE,0004333-111.76CM(44),111.76CM (44),,0004333-111.76CM(44),4,0,0,0
REBEL MASS EXPORT PVT LTD,AW24TX0002-0004337 CHARCOAL,0004337-111.76CM(44),111.76CM (44),,0004337-111.76CM(44),4,0,0,0
REBEL MASS EXPORT PVT LTD,AW24WL0002-0003784 MAROON,0003784-M,M,,0003784-M,4,0,0,0
REBEL MASS EXPORT PVT LTD,BELT0002-0001796 BAIGE,0001796-104CM,104 CM,,0001796-104CM,4,0,0,0
REBEL MASS EXPORT PVT LTD,BELT0002-0001824 BLACK,0001824-104CM,104 CM,,0001824-104CM,4,0,0,0
REBEL MASS EXPORT PVT LTD,BELT0002-0001826 BLACK,0001826-115CM,115 CM,,0001826-115CM,4,0,0,0
REBEL MASS EXPORT PVT LTD,BELT0004-0001842 BLACK,0001842-130CM,130 CM,,0001842-130CM,4,0,0,0
REBEL MASS EXPORT PVT LTD,BELT0007-0001861 BLACK,0001861-104CM,104 CM,,0001861-104CM,4,0,0,0
REBEL MASS EXPORT PVT LTD,BELT0009 CHOCOLATI,DA0572-125CM,125 CM,CHOCOLATI,DA0572-125CM,4,0,0,0
REBEL MASS EXPORT PVT LTD,BELT0009-0001873 BLACK,0001873-104CM,104 CM,,0001873-104CM,4,0,0,0
REBEL MASS EXPORT PVT LTD,BLZ25-0010 KHAKI,DA0871-106.68CM(42),106.68CM (42),,DA0871-106.68CM(42),4,0,0,0
REBEL MASS EXPORT PVT LTD,BLZ25-0010 KHAKI,DA0872-111.76CM(44),111.76CM (44),,DA0872-111.76CM(44),4,0,0,0
REBEL MASS EXPORT PVT LTD,BLZ25-0012 GREY/BLK,DA0921-121.92CM(48),121.92CM (48),,DA0921-121.92CM(48),4,0,0,0
REBEL MASS EXPORT PVT LTD,BLZ25-0015 M.GREY,DA1408-101.6CM(40),101.6CM (40),,DA1408-101.6CM(40),4,0,0,0
REBEL MASS EXPORT PVT LTD,BLZ25-0017 CHARCOAL GREY,DA1415-96.52CM(38),96.52CM (38),,DA1415-96.52CM(38),4,0,0,0
REBEL MASS EXPORT PVT LTD,BLZ25-0020 BEIGE,DA3317-96.52CM(38),96.52CM (38),,DA3317-96.52CM(38),4,0,0,0
REBEL MASS EXPORT PVT LTD,BLZ25-0021 BEIGE/KHAKI,DA3393-121.92CM(48),121.92CM (48),,DA3393-121.92CM(48),4,0,0,0
REBEL MASS EXPORT PVT LTD,BLZ25-0021 BEIGE/KHAKI,DA3394-127CM(50),127 CM (50),,DA3394-127CM(50),4,0,0,0
REBEL MASS EXPORT PVT LTD,BLZ25-0021 LT.GREY,DA3389-1116.86CM(46),1116.86CM (46),,DA3389-1116.86CM(46),4,0,0,0
REBEL MASS EXPORT PVT LTD,BLZ25-0021 LT.GREY,DA3391-127CM(50),127 CM (50),,DA3391-127CM(50),4,0,0,0
REBEL MASS EXPORT PVT LTD,BLZ25-0022 BLACK MELANGE,DA3435-101.6CM(40),101.6CM (40),,DA3435-101.6CM(40),4,0,0,0
REBEL MASS EXPORT PVT LTD,BLZ25-40-0001-0008139 NAVY,0008139-111.76CM(44),111.76CM (44),,0008139-111.76CM(44),4,0,0,0
REBEL MASS EXPORT PVT LTD,BLZ25-40-0005-0008159 BROWN,0008159-111.76CM(44),111.76CM (44),,0008159-111.76CM(44),4,0,0,0
REBEL MASS EXPORT PVT LTD,CJKT25-15-0001-0007111 AIR FORCE,0007111-XL,XL,,0007111-XL,4,0,0,0
REBEL MASS EXPORT PVT LTD,CJKT25-15-0001-0007112 AIRFORCE,0007112-XXL,XXL,,0007112-XXL,4,0,0,0
REBEL MASS EXPORT PVT LTD,CJKT25-15-0001-0007116 GREY,0007116-XXL,XXL,,0007116-XXL,4,0,0,0
REBEL MASS EXPORT PVT LTD,CJKT25-15-0001-0007119 NAVY,0007119-XL,XL,,0007119-XL,4,0,0,0
REBEL MASS EXPORT PVT LTD,CJKT25-15-0001-0007170 BLACK,0007170-L,L,,0007170-L,4,0,0,0
REBEL MASS EXPORT PVT LTD,CJKT25-15-0001-0007199 RED,0007199-XL,XL,,0007199-XL,4,0,0,0
REBEL MASS EXPORT PVT LTD,CJKT25-15-0001-0007200 RED,0007200-XXL,XXL,,0007200-XXL,4,0,0,0
REBEL MASS EXPORT PVT LTD,CRC25-0001-0007605 GREY,0007605-86.36CM(34),86.36CM (34),,0007605-86.36CM(34),4,0,0,0
REBEL MASS EXPORT PVT LTD,CRC25-0001-0007608 GREY,0007608-101.6CM(40),101.6CM (40),,0007608-101.6CM(40),4,0,0,0
REBEL MASS EXPORT PVT LTD,CRC25-0002-0006811 CREAM,0006811-96.52CM(38),96.52CM (38),,0006811-96.52CM(38),4,0,0,0
REBEL MASS EXPORT PVT LTD,CRC25-0002-0006824 NAVY,0006824-101.6CM(40),101.6CM (40),,0006824-101.6CM(40),4,0,0,0
REBEL MASS EXPORT PVT LTD,CRC25-0002-0007620 BEIGE,0007620-101.6CM(40),101.6CM (40),,0007620-101.6CM(40),4,0,0,0
REBEL MASS EXPORT PVT LTD,CRC25-0002-0007631 L.GREY,0007631-96.52CM(38),96.52CM (38),,0007631-96.52CM(38),4,0,0,0
REBEL MASS EXPORT PVT LTD,CRC25-0002-0007632 L.GREY,0007632-101.6CM(40),101.6CM (40),,0007632-101.6CM(40),4,0,0,0
REBEL MASS EXPORT PVT LTD,CRC25-0002-0007643 OLIVE,0007643-96.52CM(38),96.52CM (38),,0007643-96.52CM(38),4,0,0,0
REBEL MASS EXPORT PVT LTD,CRC25-0004 BLACK,DA0045-81.28CM(32),81.28CM (32),,DA0045-81.28CM(32),4,0,0,0
REBEL MASS EXPORT PVT LTD,CRC25-0004 GREEN,DA0008-76.20CM(30),76.20CM (30),,DA0008-76.20CM(30),4,0,0,0
REBEL MASS EXPORT PVT LTD,CRC25-0004 ICE BLUE,DA0005-91.44CM(36),91.44CM (36),,DA0005-91.44CM(36),4,0,0,0
REBEL MASS EXPORT PVT LTD,CRC25-0004 L.GREEN,DA0472-76.20CM(30),76.20CM (30),,DA0472-76.20CM(30),4,0,0,0
REBEL MASS EXPORT PVT LTD,CRC25-0004 L.GREEN,DA0474-86.36CM(34),86.36CM (34),,DA0474-86.36CM(34),4,0,0,0
REBEL MASS EXPORT PVT LTD,CRC25-0004 L.GREY,DA0021-81.28CM(32),81.28CM (32),,DA0021-81.28CM(32),4,0,0,0
REBEL MASS EXPORT PVT LTD,CRC25-0004 L.GREY,DA0022-86.36CM(34),86.36CM (34),,DA0022-86.36CM(34),4,0,0,0
REBEL MASS EXPORT PVT LTD,CRC25-0004 L.GREY,DA0023-91.44CM(36),91.44CM (36),,DA0023-91.44CM(36),4,0,0,0
REBEL MASS EXPORT PVT LTD,CRC25-0004 L.YELLOW,DA0059-91.44CM(36),91.44CM (36),,DA0059-91.44CM(36),4,0,0,0
REBEL MASS EXPORT PVT LTD,CRC25-0004 WHITE,DA0050-76.20CM(30),76.20CM (30),,DA0050-76.20CM(30),4,0,0,0
REBEL MASS EXPORT PVT LTD,CRC25-0004A GREY,DA0465-71.12CM(28),71.12CM (28),,DA0465-71.12CM(28),4,0,0,0
REBEL MASS EXPORT PVT LTD,CRC25-0004A GREY,DA0470-96.52CM(38),96.52CM (38),,DA0470-96.52CM(38),4,0,0,0
REBEL MASS EXPORT PVT LTD,CRC25-0004A MUSTARD,DA0220-76.20CM(30),76.20CM (30),,DA0220-76.20CM(30),4,0,0,0
REBEL MASS EXPORT PVT LTD,CRC25-0004A MUSTARD,DA0224-96.52CM(38),96.52CM (38),,DA0224-96.52CM(38),4,0,0,0
REBEL MASS EXPORT PVT LTD,CRC25-0004A NAVY,DA0226-76.20CM(30),76.20CM (30),,DA0226-76.20CM(30),4,0,0,0
REBEL MASS EXPORT PVT LTD,CRC25-0005 BLACK,DA0247-91.44CM(36),91.44CM (36),,DA0247-91.44CM(36),4,0,0,0
REBEL MASS EXPORT PVT LTD,CRC25-0005 BLACK,DA0248-96.52CM(38),96.52CM (38),,DA0248-96.52CM(38),4,0,0,0
REBEL MASS EXPORT PVT LTD,CRC25-0005 GREEN,DA0477-71.12CM(28),71.12CM (28),,DA0477-71.12CM(28),4,0,0,0
REBEL MASS EXPORT PVT LTD,CRC25-0005 GREEN,DA0479-81.28CM(32),81.28CM (32),,DA0479-81.28CM(32),4,0,0,0
REBEL MASS EXPORT PVT LTD,CRC25-0005 L.GREY,DA0267-71.12CM(28),71.12CM (28),,DA0267-71.12CM(28),4,0,0,0
REBEL MASS EXPORT PVT LTD,CRC25-0005 L.GREY,DA0268-76.20CM(30),76.20CM (30),,DA0268-76.20CM(30),4,0,0,0
REBEL MASS EXPORT PVT LTD,CRC25-0005 L.GREY,DA0271-91.44CM(36),91.44CM (36),,DA0271-91.44CM(36),4,0,0,0
REBEL MASS EXPORT PVT LTD,CRC25-0005 NAVY,DA0250-76.20CM(30),76.20CM (30),,DA0250-76.20CM(30),4,0,0,0
REBEL MASS EXPORT PVT LTD,CRC25-0005 NAVY,DA0251-81.28CM(32),81.28CM (32),,DA0251-81.28CM(32),4,0,0,0
REBEL MASS EXPORT PVT LTD,CRC25-0005 OFF WHITE,DA0235-91.44CM(36),91.44CM (36),,DA0235-91.44CM(36),4,0,0,0
REBEL MASS EXPORT PVT LTD,CRC25-0007 BLACK,DA0372-101.6CM(40),101.6CM (40),,DA0372-101.6CM(40),4,0,0,0
REBEL MASS EXPORT PVT LTD,CRC25-0007 NAVY,DA0331-76.20CM(30),76.20CM (30),,DA0331-76.20CM(30),4,0,0,0
REBEL MASS EXPORT PVT LTD,CRC25-0007 OLIVE,DA0340-76.20CM(30),76.20CM (30),,DA0340-76.20CM(30),4,0,0,0
REBEL MASS EXPORT PVT LTD,CRC25-0007 OLIVE,DA0343-91.44CM(36),91.44CM (36),,DA0343-91.44CM(36),4,0,0,0
REBEL MASS EXPORT PVT LTD,CRC25-0007 OLIVE,DA0344-96.52CM(38),96.52CM (38),,DA0344-96.52CM(38),4,0,0,0
REBEL MASS EXPORT PVT LTD,CRC25-0007 SKY BLUE,DA0363-101.6CM(40),101.6CM (40),,DA0363-101.6CM(40),4,0,0,0
REBEL MASS EXPORT PVT LTD,CRC25-0007 SKY BLUE,DA0358-76.20CM(30),76.20CM (30),,DA0358-76.20CM(30),4,0,0,0
REBEL MASS EXPORT PVT LTD,CRC25-0007 SKY BLUE,DA0361-91.44CM(36),91.44CM (36),,DA0361-91.44CM(36),4,0,0,0
REBEL MASS EXPORT PVT LTD,CRC25-0007 SKY BLUE,DA0362-96.52CM(38),96.52CM (38),,DA0362-96.52CM(38),4,0,0,0
REBEL MASS EXPORT PVT LTD,CRC25-0008 D.GREY,DA0418-106.68CM(42),106.68CM (42),,DA0418-106.68CM(42),4,0,0,0
REBEL MASS EXPORT PVT LTD,CRC25-0008 GREEN,DA0410-111.76CM(44),111.76CM (44),,DA0410-111.76CM(44),4,0,0,0
REBEL MASS EXPORT PVT LTD,CRC25-0008 GREY,DA0394-76.20CM(30),76.20CM (30),,DA0394-76.20CM(30),4,0,0,0
REBEL MASS EXPORT PVT LTD,CRC25-0008 NAVY,DA0378-86.36CM(34),86.36CM (34),,DA0378-86.36CM(34),4,0,0,0
REBEL MASS EXPORT PVT LTD,CRC25-0009 D.GREY,DA0462-101.6CM(40),101.6CM (40),,DA0462-101.6CM(40),4,0,0,0
REBEL MASS EXPORT PVT LTD,CRC25-0009 D.GREY,DA0457-76.20CM(30),76.20CM (30),,DA0457-76.20CM(30),4,0,0,0
REBEL MASS EXPORT PVT LTD,CRC25-0009 D.GREY,DA0460-91.44CM(36),91.44CM (36),,DA0460-91.44CM(36),4,0,0,0
REBEL MASS EXPORT PVT LTD,CRC25-0009 D.GREY,DA0461-96.52CM(38),96.52CM (38),,DA0461-96.52CM(38),4,0,0,0
REBEL MASS EXPORT PVT LTD,CRC25-0009 GREEN,DA0453-101.6CM(40),101.6CM (40),,DA0453-101.6CM(40),4,0,0,0
REBEL MASS EXPORT PVT LTD,CRC25-0009 GREEN,DA0448-76.20CM(30),76.20CM (30),,DA0448-76.20CM(30),4,0,0,0
REBEL MASS EXPORT PVT LTD,CRC25-0009 GREEN,DA0451-91.44CM(36),91.44CM (36),,DA0451-91.44CM(36),4,0,0,0
REBEL MASS EXPORT PVT LTD,CRC25-0009 GREEN,DA0452-96.52CM(38),96.52CM (38),,DA0452-96.52CM(38),4,0,0,0
REBEL MASS EXPORT PVT LTD,CRC25-0009 GREY,DA0439-76.20CM(30),76.20CM (30),,DA0439-76.20CM(30),4,0,0,0
REBEL MASS EXPORT PVT LTD,CRC25-0009 MUSTARD,DA0433-91.44CM(36),91.44CM (36),,DA0433-91.44CM(36),4,0,0,0
REBEL MASS EXPORT PVT LTD,CRC25-0009 NAVY,DA0421-76.20CM(30),76.20CM (30),,DA0421-76.20CM(30),4,0,0,0
REBEL MASS EXPORT PVT LTD,CRC25-0010 BEIGE,DA2510-71.12CM(28),71.12CM (28),,DA2510-71.12CM(28),4,0,0,0
REBEL MASS EXPORT PVT LTD,CRC25-0010 BEIGE,DA2514-91.44CM(36),91.44CM (36),,DA2514-91.44CM(36),4,0,0,0
REBEL MASS EXPORT PVT LTD,CRC25-0010 BEIGE,DA2515-96.52CM(38),96.52CM (38),,DA2515-96.52CM(38),4,0,0,0
REBEL MASS EXPORT PVT LTD,CRC25-0010 KHAKI,DA3301-71.12CM(28),71.12CM (28),,DA3301-71.12CM(28),4,0,0,0
REBEL MASS EXPORT PVT LTD,CRC25-0010 L.GREY,DA2526-91.44CM(36),91.44CM (36),,DA2526-91.44CM(36),4,0,0,0
REBEL MASS EXPORT PVT LTD,CRC25-0010 PISTA,DA3307-71.12CM(28),71.12CM (28),,DA3307-71.12CM(28),4,0,0,0
REBEL MASS EXPORT PVT LTD,CRC25-0010 PISTA,DA3309-81.28CM(32),81.28CM (32),,DA3309-81.28CM(32),4,0,0,0
REBEL MASS EXPORT PVT LTD,CRC25-0010 PISTA,DA3312-96.52CM(38),96.52CM (38),,DA3312-96.52CM(38),4,0,0,0
REBEL MASS EXPORT PVT LTD,CRC25-18-0003 D.OLIVE,DA0201-76.20CM(30),76.20CM (30),,DA0201-76.20CM(30),4,0,0,0
REBEL MASS EXPORT PVT LTD,CRC25-18-0003 KHAKI,DA0786-76.20CM(30),76.20CM (30),,DA0786-76.20CM(30),4,0,0,0
REBEL MASS EXPORT PVT LTD,CRC25-18-0003 NAVY/BLUE,DA0829-101.6CM(40),101.6CM (40),,DA0829-101.6CM(40),4,0,0,0
REBEL MASS EXPORT PVT LTD,CRC25-18-0003 NAVY/BLUE,DA0824-76.20CM(30),76.20CM (30),,DA0824-76.20CM(30),4,0,0,0
REBEL MASS EXPORT PVT LTD,CRC25-18-0003 PISTA,DA0637-96.52CM(38),96.52CM (38),,DA0637-96.52CM(38),4,0,0,0
REBEL MASS EXPORT PVT LTD,CRC25-18-0003-0008166 OLIVE,0008166-96.52CM(38),96.52CM (38),,0008166-96.52CM(38),4,0,0,0
REBEL MASS EXPORT PVT LTD,CRC25-18-0003-0008167 OLIVE,0008167-101.6CM(40),101.6CM (40),,0008167-101.6CM(40),4,0,0,0
REBEL MASS EXPORT PVT LTD,CRC25-18-0003-0008168 SKY BLUE,0008168-76.20CM(30),76.20CM (30),,0008168-76.20CM(30),4,0,0,0
REBEL MASS EXPORT PVT LTD,CRC25-18-0003-0008172 SKY BLUE,0008172-96.52CM(38),96.52CM (38),,0008172-96.52CM(38),4,0,0,0
REBEL MASS EXPORT PVT LTD,CSH25-0005-0006850 WHITE,0006850-L,L,,0006850-L,4,0,0,0
REBEL MASS EXPORT PVT LTD,CSH25-0005-0006855 NAVY,0006855-XL,XL,,0006855-XL,4,0,0,0
REBEL MASS EXPORT PVT LTD,CSH25-0006-0006864 BROWN,0006864-XXL,XXL,,0006864-XXL,4,0,0,0
REBEL MASS EXPORT PVT LTD,CSH25-0038 BLACK,DA0486-XXL,XXL,,DA0486-XXL,4,0,0,0
REBEL MASS EXPORT PVT LTD,CSH25-0039 YELLOW,DA0544-L,L,,DA0544-L,4,0,0,0
REBEL MASS EXPORT PVT LTD,CSH25-0039 YELLOW,DA0543-M,M,,DA0543-M,4,0,0,0
REBEL MASS EXPORT PVT LTD,CSH25-0066 BLACK,DA2409-XXL,XXL,,DA2409-XXL,4,0,0,0
REBEL MASS EXPORT PVT LTD,CSH25-0066 YELLOW,DA2405-XXL,XXL,,DA2405-XXL,4,0,0,0
REBEL MASS EXPORT PVT LTD,CSH25-18-0018-0008028 GREY,0008028-XXL,XXL,,0008028-XXL,4,0,0,0
REBEL MASS EXPORT PVT LTD,CSH25-18-0018-0008029 BROWN,0008029-M,M,,0008029-M,4,0,0,0
REBEL MASS EXPORT PVT LTD,CSH25-18-0018-0008032 BROWN,0008032-XXL,XXL,,0008032-XXL,4,0,0,0
REBEL MASS EXPORT PVT LTD,CSH25-20-0012-0007060 BOTLE GREEN,0007060-XXL,XXL,,0007060-XXL,4,0,0,0
REBEL MASS EXPORT PVT LTD,CSH25-20-0012-0007074 OLIVE,0007074-L,L,,0007074-L,4,0,0,0
REBEL MASS EXPORT PVT LTD,CSH25-20-0012-0007077 GREY,0007077-M,M,,0007077-M,4,0,0,0
REBEL MASS EXPORT PVT LTD,CSH25-20-0012-0007078 GREY,0007078-L,L,,0007078-L,4,0,0,0
REBEL MASS EXPORT PVT LTD,CSH25-39-0015-0007552 WHITE,0007552-XL,XL,,0007552-XL,4,0,0,0
REBEL MASS EXPORT PVT LTD,CSH25-39-0015-0007553 WHITE,0007553-XXL,XXL,,0007553-XXL,4,0,0,0
REBEL MASS EXPORT PVT LTD,CSH25-39-0015-0007557 NAVY,0007557-XXL,XXL,,0007557-XXL,4,0,0,0
REBEL MASS EXPORT PVT LTD,CSH25-39-0026-0008204 L.GREY,0008204-XL,XL,,0008204-XL,4,0,0,0
REBEL MASS EXPORT PVT LTD,CSH25-39-0027-0008208 BLUE,0008208-XL,XL,,0008208-XL,4,0,0,0
REBEL MASS EXPORT PVT LTD,CSH25-39-0030-0008221 PEACH,0008221-XXL,XXL,,0008221-XXL,4,0,0,0
REBEL MASS EXPORT PVT LTD,CSH25-39-0031-0008225 GREEN,0008225-XXL,XXL,,0008225-XXL,4,0,0,0
REBEL MASS EXPORT PVT LTD,CSH25-39-0033-0008233 WHT/GREEN,0008233-XXL,XXL,,0008233-XXL,4,0,0,0
REBEL MASS EXPORT PVT LTD,CSH25-39-0035-0008242 L.BROWN,0008242-M,M,,0008242-M,4,0,0,0
REBEL MASS EXPORT PVT LTD,CSH25-39-0035-0008248 GREY,0008248-XL,XL,,0008248-XL,4,0,0,0
REBEL MASS EXPORT PVT LTD,CSS25-15-0001-0007165 NAVY,0007165-M,M,,0007165-M,4,0,0,0
REBEL MASS EXPORT PVT LTD,CTR25-0007 NAVY,DA0149-106.68CM(42),106.68CM (42),,DA0149-106.68CM(42),4,0,0,0
REBEL MASS EXPORT PVT LTD,CTR25-0008 BLACK,DA1437-76.20CM(30),76.20CM (30),,DA1437-76.20CM(30),4,0,0,0
REBEL MASS EXPORT PVT LTD,CTR25-0008 BLACK,DA1441-96.52CM(38),96.52CM (38),,DA1441-96.52CM(38),4,0,0,0
REBEL MASS EXPORT PVT LTD,CTR25-0008 CHARCOAL,DA1434-86.36CM(34),86.36CM (34),,DA1434-86.36CM(34),4,0,0,0
REBEL MASS EXPORT PVT LTD,CTR25-0008 NAVY,DA1450-91.44CM(36),91.44CM (36),,DA1450-91.44CM(36),4,0,0,0
REBEL MASS EXPORT PVT LTD,CTR25-0008 OLIVE,DA1431-96.52CM(38),96.52CM (38),,DA1431-96.52CM(38),4,0,0,0
REBEL MASS EXPORT PVT LTD,CTR25-04-0005-0007676 BEIGE,0007676-91.44CM(36),91.44CM (36),,0007676-91.44CM(36),4,0,0,0
REBEL MASS EXPORT PVT LTD,CTR25-04-0005-0007683 STEAL GREY,0007683-96.52CM(38),96.52CM (38),,0007683-96.52CM(38),4,0,0,0
REBEL MASS EXPORT PVT LTD,CTR25-04-0005-0007687 L.BROWN,0007687-86.36CM(34),86.36CM (34),,0007687-86.36CM(34),4,0,0,0
REBEL MASS EXPORT PVT LTD,CTR25-04-0005-0007694 L.GREY,0007694-91.44CM(36),91.44CM (36),,0007694-91.44CM(36),4,0,0,0
REBEL MASS EXPORT PVT LTD,CTR25-18-0006 NAVY,DA0198-91.44CM(36),91.44CM (36),,DA0198-91.44CM(36),4,0,0,0
REBEL MASS EXPORT PVT LTD,CTR25-18-0006 NAVY,DA0199-96.52CM(38),96.52CM (38),,DA0199-96.52CM(38),4,0,0,0
REBEL MASS EXPORT PVT LTD,CTR25-18-0006-0008123 CREAM,0008123-106.68CM(42),106.68CM (42),,0008123-106.68CM(42),4,0,0,0
REBEL MASS EXPORT PVT LTD,CTR25-18-0006-0008128 D.GREY,0008128-96.52CM(38),96.52CM (38),,0008128-96.52CM(38),4,0,0,0
REBEL MASS EXPORT PVT LTD,CTR25-36-0001-0007440 OLIVE,0007440-86.36CM(34),86.36CM (34),,0007440-86.36CM(34),4,0,0,0
REBEL MASS EXPORT PVT LTD,CTR25-36-0003 BLACK,DA0515-101.6CM(40),101.6CM (40),,DA0515-101.6CM(40),4,0,0,0
REBEL MASS EXPORT PVT LTD,CTR25-36-0003-0007479 BLACK,0007479-81.28CM(32),81.28CM (32),,0007479-81.28CM(32),4,0,0,0
REBEL MASS EXPORT PVT LTD,CTR25-36-0003-0007481 BLACK,0007481-91.44CM(36),91.44CM (36),,0007481-91.44CM(36),4,0,0,0
REBEL MASS EXPORT PVT LTD,CTR25-36-0004-0007484 L.GREY,0007484-81.28CM(32),81.28CM (32),,0007484-81.28CM(32),4,0,0,0
REBEL MASS EXPORT PVT LTD,CTR25-36-0004-0007494 OLIVE,0007494-81.28CM(32),81.28CM (32),,0007494-81.28CM(32),4,0,0,0
REBEL MASS EXPORT PVT LTD,CTR25-36-0004-0007496 OLIVE,0007496-91.44CM(36),91.44CM (36),,0007496-91.44CM(36),4,0,0,0
REBEL MASS EXPORT PVT LTD,CWC25-0006 PEACH,DA3366-101.6CM(40),101.6CM (40),,DA3366-101.6CM(40),4,0,0,0
REBEL MASS EXPORT PVT LTD,CWC25-0006 PEACH,DA3367-106.68CM(42),106.68CM (42),,DA3367-106.68CM(42),4,0,0,0
REBEL MASS EXPORT PVT LTD,CWC25-32-0007 PISTA,DA1589-111.76CM(44),111.76CM (44),,DA1589-111.76CM(44),4,0,0,0
REBEL MASS EXPORT PVT LTD,CWC25-32-0008 FAWN,DA1593-111.76CM(44),111.76CM (44),,DA1593-111.76CM(44),4,0,0,0
REBEL MASS EXPORT PVT LTD,CWC25-32-0008 FAWN,DA1590-96.52CM(38),96.52CM (38),,DA1590-96.52CM(38),4,0,0,0
REBEL MASS EXPORT PVT LTD,CWC25-32-0011 CREAM,DA1605-111.76CM(44),111.76CM (44),,DA1605-111.76CM(44),4,0,0,0
REBEL MASS EXPORT PVT LTD,CWC25-32-0011 CREAM,DA1602-96.52CM(38),96.52CM (38),,DA1602-96.52CM(38),4,0,0,0
REBEL MASS EXPORT PVT LTD,CWL25-15-0001-0007143 MAHANDI,0007143-XL,XL,,0007143-XL,4,0,0,0
REBEL MASS EXPORT PVT LTD,CWL25-15-0001-0007157 GREY,0007157-M,M,,0007157-M,4,0,0,0
REBEL MASS EXPORT PVT LTD,DCR25-34-0003-0007549 GREY,0007549-96.52CM(38),96.52CM (38),,0007549-96.52CM(38),4,0,0,0
REBEL MASS EXPORT PVT LTD,DNM25-34-0004-0007745 L.BLUE,0007745-91.44CM(36),91.44CM (36),,0007745-91.44CM(36),4,0,0,0
REBEL MASS EXPORT PVT LTD,DNM25-34-0004-0007756 GREY,0007756-86.36CM(34),86.36CM (34),,0007756-86.36CM(34),4,0,0,0
REBEL MASS EXPORT PVT LTD,DNM25-34-0006-0007774 BLUE,0007774-86.36CM(34),86.36CM (34),,0007774-86.36CM(34),4,0,0,0
REBEL MASS EXPORT PVT LTD,DNM25-34-0006-0007775 BLUE,0007775-91.44CM(36),91.44CM (36),,0007775-91.44CM(36),4,0,0,0
REBEL MASS EXPORT PVT LTD,DNM25-34-0007-0007788 BLUE,0007788-96.52CM(38),96.52CM (38),,0007788-96.52CM(38),4,0,0,0
REBEL MASS EXPORT PVT LTD,DNM25-34-0009-0007813 OLIVE,0007813-71.12CM(28),71.12CM (28),,0007813-71.12CM(28),4,0,0,0
REBEL MASS EXPORT PVT LTD,FSH25-0003-0006937 BLUE,0006937-M,M,,0006937-M,4,0,0,0
REBEL MASS EXPORT PVT LTD,FSH25-0037 BEIGE,DA1747-L,L,,DA1747-L,4,0,0,0
REBEL MASS EXPORT PVT LTD,FSH25-0038 L.GREY,DA1765-XXL,XXL,,DA1765-XXL,4,0,0,0
REBEL MASS EXPORT PVT LTD,FSH25-0039 WHITE,DA1772-XL,XL,,DA1772-XL,4,0,0,0
REBEL MASS EXPORT PVT LTD,FSH25-0041 BLACK,DA1805-XXL,XXL,,DA1805-XXL,4,0,0,0
REBEL MASS EXPORT PVT LTD,FSH25-0041 NAVY,DA1800-XL,XL,,DA1800-XL,4,0,0,0
REBEL MASS EXPORT PVT LTD,FSH25-0041 YELLOW,DA1806-M,M,,DA1806-M,4,0,0,0
REBEL MASS EXPORT PVT LTD,FSH25-0043 MAROON,DA1826-M,M,,DA1826-M,4,0,0,0
REBEL MASS EXPORT PVT LTD,FSH25-0048 WHITE,DA2062-M,M,,DA2062-M,4,0,0,0
REBEL MASS EXPORT PVT LTD,FSH25-0060 CREAM,DA2240-M,M,,DA2240-M,4,0,0,0
REBEL MASS EXPORT PVT LTD,FSH25-39-0007-0007900 GREEN,0007900-XXL,XXL,,0007900-XXL,4,0,0,0
REBEL MASS EXPORT PVT LTD,FSH25-39-0010-0007920 GREEN,0007920-XXL,XXL,,0007920-XXL,4,0,0,0
REBEL MASS EXPORT PVT LTD,FTR25-0002-0006745 BEIGE,0006745-76.20CM(30),76.20CM (30),,0006745-76.20CM(30),4,0,0,0
REBEL MASS EXPORT PVT LTD,FTR25-0003-0006750 CHARCOAL,0006750-76.20CM(30),76.20CM (30),,0006750-76.20CM(30),4,0,0,0
REBEL MASS EXPORT PVT LTD,FTR25-0004-0007850 TURQ.,0007850-76.20CM(30),76.20CM (30),,0007850-76.20CM(30),4,0,0,0
REBEL MASS EXPORT PVT LTD,FTR25-0004-0008090 BLACK,0008090-86.36CM(34),86.36CM (34),,0008090-86.36CM(34),4,0,0,0
REBEL MASS EXPORT PVT LTD,FTR25-0006-0006767 BLUE,0006767-76.20CM(30),76.20CM (30),,0006767-76.20CM(30),4,0,0,0
REBEL MASS EXPORT PVT LTD,FTR25-0032-0007718 WINE,0007718-76.20CM(30),76.20CM (30),,0007718-76.20CM(30),4,0,0,0
REBEL MASS EXPORT PVT LTD,FTR25-0033-0007732 GREY,0007732-96.52CM(38),96.52CM (38),,0007732-96.52CM(38),4,0,0,0
REBEL MASS EXPORT PVT LTD,FTR25-0044 BEIGE,DA0166-81.28CM(32),81.28CM (32),,DA0166-81.28CM(32),4,0,0,0
REBEL MASS EXPORT PVT LTD,FTR25-0044 KHAKI,DA0172-86.36CM(34),86.36CM (34),,DA0172-86.36CM(34),4,0,0,0
REBEL MASS EXPORT PVT LTD,FTR25-0045 BLUE,DA0191-81.28CM(32),81.28CM (32),,DA0191-81.28CM(32),4,0,0,0
REBEL MASS EXPORT PVT LTD,FTR25-0047 BLACK,DA1032-96.52CM(38),96.52CM (38),,DA1032-96.52CM(38),4,0,0,0
REBEL MASS EXPORT PVT LTD,FTR25-0048 BLACK,DA1034-76.20CM(30),76.20CM (30),,DA1034-76.20CM(30),4,0,0,0
REBEL MASS EXPORT PVT LTD,FTR25-0048 BLACK,DA1035-81.28CM(32),81.28CM (32),,DA1035-81.28CM(32),4,0,0,0
REBEL MASS EXPORT PVT LTD,FTR25-0051 LT. GREY,DA1052-76.20CM(30),76.20CM (30),,DA1052-76.20CM(30),4,0,0,0
REBEL MASS EXPORT PVT LTD,FTR25-0052 BLUE,DA1058-76.20CM(30),76.20CM (30),,DA1058-76.20CM(30),4,0,0,0
REBEL MASS EXPORT PVT LTD,FTR25-0052 BLUE,DA1060-86.36CM(34),86.36CM (34),,DA1060-86.36CM(34),4,0,0,0
REBEL MASS EXPORT PVT LTD,FTR25-0053 BLACK,DA1069-101.6CM(40),101.6CM (40),,DA1069-101.6CM(40),4,0,0,0
REBEL MASS EXPORT PVT LTD,FTR25-0053 BLACK,DA1068-96.52CM(38),96.52CM (38),,DA1068-96.52CM(38),4,0,0,0
REBEL MASS EXPORT PVT LTD,FTR25-0059 BLACK,DA1101-81.28CM(32),81.28CM (32),,DA1101-81.28CM(32),4,0,0,0
REBEL MASS EXPORT PVT LTD,FTR25-0059 BLACK,DA1104-96.52CM(38),96.52CM (38),,DA1104-96.52CM(38),4,0,0,0
REBEL MASS EXPORT PVT LTD,FTR25-0061 GREY,DA1115-91.44CM(36),91.44CM (36),,DA1115-91.44CM(36),4,0,0,0
REBEL MASS EXPORT PVT LTD,FTR25-0062 NAVY,DA1121-91.44CM(36),91.44CM (36),,DA1121-91.44CM(36),4,0,0,0
REBEL MASS EXPORT PVT LTD,FTR25-0063 BEIGE,DA1124-76.20CM(30),76.20CM (30),,DA1124-76.20CM(30),4,0,0,0
REBEL MASS EXPORT PVT LTD,FTR25-0069 SEA GREEN,DA1162-86.36CM(34),86.36CM (34),,DA1162-86.36CM(34),4,0,0,0
REBEL MASS EXPORT PVT LTD,FTR25-18-0009-0007239 CHARCOAL,0007239-96.52CM(38),96.52CM (38),,0007239-96.52CM(38),4,0,0,0
REBEL MASS EXPORT PVT LTD,FTR25-18-0009-0007249 BROWN,0007249-86.36CM(34),86.36CM (34),,0007249-86.36CM(34),4,0,0,0
REBEL MASS EXPORT PVT LTD,FTR25-18-0009-0007251 BROWN,0007251-96.52CM(38),96.52CM (38),,0007251-96.52CM(38),4,0,0,0
REBEL MASS EXPORT PVT LTD,FTR25-18-0013-0007269 BLACK,0007269-96.52CM(38),96.52CM (38),,0007269-96.52CM(38),4,0,0,0
REBEL MASS EXPORT PVT LTD,FTR25-18-0013-0007273 NAVY,0007273-86.36CM(34),86.36CM (34),,0007273-86.36CM(34),4,0,0,0
REBEL MASS EXPORT PVT LTD,FTR25-18-0013-0007277 CHARCOAL,0007277-76.20CM(30),76.20CM (30),,0007277-76.20CM(30),4,0,0,0
REBEL MASS EXPORT PVT LTD,FTR25-18-0013-0007280 CHARCOAL,0007280-91.44CM(36),91.44CM (36),,0007280-91.44CM(36),4,0,0,0
REBEL MASS EXPORT PVT LTD,FTR25-18-0013-0007281 CHARCOAL,0007281-96.52CM(38),96.52CM (38),,0007281-96.52CM(38),4,0,0,0
REBEL MASS EXPORT PVT LTD,FTR25-18-0013-0007293 BLUE,0007293-96.52CM(38),96.52CM (38),,0007293-96.52CM(38),4,0,0,0
REBEL MASS EXPORT PVT LTD,FTR25-18-0015-0007301 D.GREY,0007301-76.20CM(30),76.20CM (30),,0007301-76.20CM(30),4,0,0,0
REBEL MASS EXPORT PVT LTD,FTR25-18-0015-0007305 D.GREY,0007305-96.52CM(38),96.52CM (38),,0007305-96.52CM(38),4,0,0,0
REBEL MASS EXPORT PVT LTD,FTR25-18-0020-0007335 BLACK,0007335-96.52CM(38),96.52CM (38),,0007335-96.52CM(38),4,0,0,0
REBEL MASS EXPORT PVT LTD,FTR25-18-0021-0007340 GREY,0007340-91.44CM(36),91.44CM (36),,0007340-91.44CM(36),4,0,0,0
REBEL MASS EXPORT PVT LTD,FTR25-18-0024-0007356 NAVY,0007356-81.28CM(32),81.28CM (32),,0007356-81.28CM(32),4,0,0,0
REBEL MASS EXPORT PVT LTD,FTR25-18-0024-0007357 NAVY,0007357-86.36CM(34),86.36CM (34),,0007357-86.36CM(34),4,0,0,0
REBEL MASS EXPORT PVT LTD,FTR25-18-0024-0007366 GREY,0007366-101.6CM(40),101.6CM (40),,0007366-101.6CM(40),4,0,0,0
REBEL MASS EXPORT PVT LTD,FTR25-18-0024-0007367 CREAM,0007367-76.20CM(30),76.20CM (30),,0007367-76.20CM(30),4,0,0,0
REBEL MASS EXPORT PVT LTD,FTR25-18-0025-0007383 D.NAVY,0007383-96.52CM(38),96.52CM (38),,0007383-96.52CM(38),4,0,0,0
REBEL MASS EXPORT PVT LTD,FTR25-18-0025-0007386 BLUE,0007386-81.28CM(32),81.28CM (32),,0007386-81.28CM(32),4,0,0,0
REBEL MASS EXPORT PVT LTD,FTR25-18-0025-0007388 BLUE,0007388-91.44CM(36),91.44CM (36),,0007388-91.44CM(36),4,0,0,0
REBEL MASS EXPORT PVT LTD,FTR25-18-0025-0007390 BLUE,0007390-101.6CM(40),101.6CM (40),,0007390-101.6CM(40),4,0,0,0
REBEL MASS EXPORT PVT LTD,FTR25-18-0026-0007409 D.NAVY,0007409-76.20CM(30),76.20CM (30),,0007409-76.20CM(30),4,0,0,0
REBEL MASS EXPORT PVT LTD,FTR25-18-0026-0007414 D.NAVY,0007414-101.6CM(40),101.6CM (40),,0007414-101.6CM(40),4,0,0,0
REBEL MASS EXPORT PVT LTD,FTR25-18-0027-0007429 GREY,0007429-86.36CM(34),86.36CM (34),,0007429-86.36CM(34),4,0,0,0
REBEL MASS EXPORT PVT LTD,FTR25-18-0027-0007432 GREY,0007432-101.6CM(40),101.6CM (40),,0007432-101.6CM(40),4,0,0,0
REBEL MASS EXPORT PVT LTD,FTR25-18-0028-0007699 CHARCOAL,0007699-86.36CM(34),86.36CM (34),,0007699-86.36CM(34),4,0,0,0
REBEL MASS EXPORT PVT LTD,FTR25-18-0029-0007708 GREY,0007708-101.6CM(40),101.6CM (40),,0007708-101.6CM(40),4,0,0,0
REBEL MASS EXPORT PVT LTD,FTR25-18-0030-0007712 NAVY,0007712-91.44CM(36),91.44CM (36),,0007712-91.44CM(36),4,0,0,0
REBEL MASS EXPORT PVT LTD,FTR25-18-0035-0007865 BLACK,0007865-96.52CM(38),96.52CM (38),,0007865-96.52CM(38),4,0,0,0
REBEL MASS EXPORT PVT LTD,FTR25-18-0039-0007883 SKY BLUE,0007883-76.2CM(30),76.2CM (30),,0007883-76.2CM(30),4,0,0,0
REBEL MASS EXPORT PVT LTD,FTR25-18-0040-0008082 BLACK,0008082-76.20CM(30),76.20CM (30),,0008082-76.20CM(30),4,0,0,0
REBEL MASS EXPORT PVT LTD,FTR25-18-0040-0008086 BLACK,0008086-101.6CM(40),101.6CM (40),,0008086-101.6CM(40),4,0,0,0
REBEL MASS EXPORT PVT LTD,FTR25-18-0042-0008105 L.GREY,0008105-76.20CM(30),76.20CM (30),,0008105-76.20CM(30),4,0,0,0
REBEL MASS EXPORT PVT LTD,FTR25-18-0042-0008107 L.GREY,0008107-86.36CM(34),86.36CM (34),,0008107-86.36CM(34),4,0,0,0
REBEL MASS EXPORT PVT LTD,FTR25-18-0043-0008269 TEAL,0008269-86.36CM(34),86.36CM (34),,0008269-86.36CM(34),4,0,0,0
REBEL MASS EXPORT PVT LTD,FTR25-18-0044 GREY/BLUE,DA1453-81.28CM(32),81.28CM (32),,DA1453-81.28CM(32),4,0,0,0
REBEL MASS EXPORT PVT LTD,FTR25-18-0044 GREY/BLUE,DA1454-86.36CM(34),86.36CM (34),,DA1454-86.36CM(34),4,0,0,0
REBEL MASS EXPORT PVT LTD,FTR25-18-0044 GREY/BLUE,DA1456-96.52CM(38),96.52CM (38),,DA1456-96.52CM(38),4,0,0,0
REBEL MASS EXPORT PVT LTD,FTR25-18-0046 BLACK,DA1467-91.44CM(36),91.44CM (36),,DA1467-91.44CM(36),4,0,0,0
REBEL MASS EXPORT PVT LTD,FTR25-18-0054 CHARCOAL,DA1512-76.20CM(30),76.20CM (30),,DA1512-76.20CM(30),4,0,0,0
REBEL MASS EXPORT PVT LTD,FTR25-18-0054 CHARCOAL,DA1513-81.28CM(32),81.28CM (32),,DA1513-81.28CM(32),4,0,0,0
REBEL MASS EXPORT PVT LTD,FTR25-36-0044 L.GREY,DA1962-81.28CM(32),81.28CM (32),,DA1962-81.28CM(32),4,0,0,0
REBEL MASS EXPORT PVT LTD,MBDNM0002-0000480 MID  BLUE,0000480-30,30,,0000480-30,4,0,0,0
REBEL MASS EXPORT PVT LTD,MBDNM0002-0000482 MID  BLUE,0000482-38,38,,0000482-38,4,0,0,0
REBEL MASS EXPORT PVT LTD,MBDNM0003-0000486 CARBON BLUE,0000486-36,36,,0000486-36,4,0,0,0
REBEL MASS EXPORT PVT LTD,MBDNM0006-0000507 CARBON BLUE,0000507-36,36,,0000507-36,4,0,0,0
REBEL MASS EXPORT PVT LTD,MBDNM0007-0000511 GREY,0000511-28,28,,0000511-28,4,0,0,0
REBEL MASS EXPORT PVT LTD,MBDNM0008-0000516 DARK BLUE,0000516-28,28,,0000516-28,4,0,0,0
REBEL MASS EXPORT PVT LTD,MBDNM0010-0000530 MERCRIZE BLUE,0000530-30,30,,0000530-30,4,0,0,0
REBEL MASS EXPORT PVT LTD,MBDNM0015-0000864 DIRTY GREEN,0000864-32,32,,0000864-32,4,0,0,0
REBEL MASS EXPORT PVT LTD,MBDNM0016-0000868 MID  BLUE,0000868-38,38,,0000868-38,4,0,0,0
REBEL MASS EXPORT PVT LTD,MBDNM0016-0000872 MID  BLUE,0000872-30,30,,0000872-30,4,0,0,0
REBEL MASS EXPORT PVT LTD,MBDNM0021-0001678 WHITE,0001678-30,30,,0001678-30,4,0,0,0
REBEL MASS EXPORT PVT LTD,MBDNM0024-0001690 BLUE,0001690-30,30,,0001690-30,4,0,0,0
REBEL MASS EXPORT PVT LTD,MBDNM0024-0001693 BLUE,0001693-36,36,,0001693-36,4,0,0,0
REBEL MASS EXPORT PVT LTD,MBDNM0024-0001700 BLACK,0001700-38,38,,0001700-38,4,0,0,0
REBEL MASS EXPORT PVT LTD,MBDNM0029-0001775 MERCRIZED BLUE,0001775-91.44CM(36INCH),91.44 CM (36 INCH),,0001775-91.44CM(36INCH),4,0,0,0
REBEL MASS EXPORT PVT LTD,MCBLZ0003-0000669 DARK BLUE,0000669-40,40,,0000669-40,4,0,0,0
REBEL MASS EXPORT PVT LTD,MCBLZ0009-0000693 TAN,0000693-40,40,,0000693-40,4,0,0,0
REBEL MASS EXPORT PVT LTD,MCBLZ0010-0000696 BLUE,0000696-38,38,,0000696-38,4,0,0,0
REBEL MASS EXPORT PVT LTD,MCBLZ0010-0000699 BLUE,0000699-40,40,,0000699-40,4,0,0,0
REBEL MASS EXPORT PVT LTD,MCBLZ0013-0000709 SILVER,0000709-44,44,,0000709-44,4,0,0,0
REBEL MASS EXPORT PVT LTD,MCBLZ0015-0000718 GREY,0000718-40,40,,0000718-40,4,0,0,0
REBEL MASS EXPORT PVT LTD,MCBLZ0016-0000721 BLUE,0000721-44,44,,0000721-44,4,0,0,0
REBEL MASS EXPORT PVT LTD,MCBLZ0021-0000740 TAN,0000740-44,44,,0000740-44,4,0,0,0
REBEL MASS EXPORT PVT LTD,MCBLZ0023-0000748 BLUE,0000748-44,44,,0000748-44,4,0,0,0
REBEL MASS EXPORT PVT LTD,MCBLZ0025-0000758 D.PURPLE,0000758-44,44,,0000758-44,4,0,0,0
REBEL MASS EXPORT PVT LTD,MCBLZ0025-0000759 D.PURPLE,0000759-38,38,,0000759-38,4,0,0,0
REBEL MASS EXPORT PVT LTD,MCBLZ0026-0000762 GREEN,0000762-44,44,,0000762-44,4,0,0,0
REBEL MASS EXPORT PVT LTD,MCBLZ0028-0000770 LAVENDER,0000770-40,40,,0000770-40,4,0,0,0
REBEL MASS EXPORT PVT LTD,MCBLZ0029-0000774 BROWN,0000774-38,38,,0000774-38,4,0,0,0
REBEL MASS EXPORT PVT LTD,MCBLZ0032-0000785 BLUE,0000785-38,38,,0000785-38,4,0,0,0
REBEL MASS EXPORT PVT LTD,MCBLZ0033-0000790 L.BLUE,0000790-42,42,,0000790-42,4,0,0,0
REBEL MASS EXPORT PVT LTD,MCBLZ0035-0001143 GREY,0001143-40,40,,0001143-40,4,0,0,0
REBEL MASS EXPORT PVT LTD,MCBLZ0036-0001146 WHITE,0001146-38,38,,0001146-38,4,0,0,0
REBEL MASS EXPORT PVT LTD,MCBLZ0036-0001149 WHITE,0001149-44,44,,0001149-44,4,0,0,0
REBEL MASS EXPORT PVT LTD,MCBLZ0039-0001161 FAWN,0001161-44,44,,0001161-44,4,0,0,0
REBEL MASS EXPORT PVT LTD,MCBLZ0040-0001162 MEHROON,0001162-38,38,,0001162-38,4,0,0,0
REBEL MASS EXPORT PVT LTD,MCBLZ0040-0001165 MEHROON,0001165-44,44,,0001165-44,4,0,0,0
REBEL MASS EXPORT PVT LTD,MCBLZ0042-0001173 BEIJE,0001173-44,44,,0001173-44,4,0,0,0
REBEL MASS EXPORT PVT LTD,MCBLZ0045-0001185 GREY,0001185-44,44,,0001185-44,4,0,0,0
REBEL MASS EXPORT PVT LTD,MCBLZ0046-0001189 DARK GREY,0001189-44,44,,0001189-44,4,0,0,0
REBEL MASS EXPORT PVT LTD,MCBLZ0052-0001401 NAVY,0001401-S,S,,0001401-S,4,0,0,0
REBEL MASS EXPORT PVT LTD,MCBLZ0059-0001378 BROWN,0001378-XL,XL,,0001378-XL,4,0,0,0
REBEL MASS EXPORT PVT LTD,MCC2ST012-0001554 D.GREY,0001554-42,42,,0001554-42,4,0,0,0
REBEL MASS EXPORT PVT LTD,MCC2ST014-0001562 BLACK,0001562-42,42,,0001562-42,4,0,0,0
REBEL MASS EXPORT PVT LTD,MCC2ST017-0001574 GREY,0001574-42,42,,0001574-42,4,0,0,0
REBEL MASS EXPORT PVT LTD,MCC2ST025-0001607 BLACK,0001607-44,44,,0001607-44,4,0,0,0
REBEL MASS EXPORT PVT LTD,MCC2ST026-0001611 BLACK,0001611-44,44,,0001611-44,4,0,0,0
REBEL MASS EXPORT PVT LTD,MCC2ST028-0001618 KHAKI,0001618-42,42,,0001618-42,4,0,0,0
REBEL MASS EXPORT PVT LTD,MCKRT0001-0001906 WINE,0001906-XL,XL,,0001906-XL,4,0,0,0
REBEL MASS EXPORT PVT LTD,MCKRT0001-0001912 L.BROWN,0001912-M,M,,0001912-M,4,0,0,0
REBEL MASS EXPORT PVT LTD,MCKRT0001-0001922 BLACK,0001922-XL,XL,,0001922-XL,4,0,0,0
REBEL MASS EXPORT PVT LTD,MCSHT0001-0000380 PINK,0000380-XL,XL,,0000380-XL,4,0,0,0
REBEL MASS EXPORT PVT LTD,MCTRZ0001-0000986 OLIVE,0000986-36,36,,0000986-36,4,0,0,0
REBEL MASS EXPORT PVT LTD,MCTRZ0003-0000995 PISTA GREEN,0000995-34,34,,0000995-34,4,0,0,0
REBEL MASS EXPORT PVT LTD,MCTRZ0004-0000998 DARK GREY,0000998-30,30,,0000998-30,4,0,0,0
REBEL MASS EXPORT PVT LTD,MCWCT0002-0000797 L.BLUE,0000797-44,44,,0000797-44,4,0,0,0
REBEL MASS EXPORT PVT LTD,MCWCT0002-0000799 L.BLUE,0000799-38,38,,0000799-38,4,0,0,0
REBEL MASS EXPORT PVT LTD,MCWCT0003-0000801 RED,0000801-40,40,,0000801-40,4,0,0,0
REBEL MASS EXPORT PVT LTD,MCWCT0005-0000810 SKY,0000810-38,38,,0000810-38,4,0,0,0
REBEL MASS EXPORT PVT LTD,MCWCT0005-0000812 SKY,0000812-42,42,,0000812-42,4,0,0,0
REBEL MASS EXPORT PVT LTD,MCWCT0011-0000835 SILVER,0000835-38,38,,0000835-38,4,0,0,0
REBEL MASS EXPORT PVT LTD,MFSHT0002-0000538 LIGHT GREY,0000538-L,L,,0000538-L,4,0,0,0
REBEL MASS EXPORT PVT LTD,MFSHT0004-0000547 DARK GREY,0000547-M,M,,0000547-M,4,0,0,0
REBEL MASS EXPORT PVT LTD,MFSHT0011-0000908 MID  BLUE,0000908-L,L,,0000908-L,4,0,0,0
REBEL MASS EXPORT PVT LTD,MFSHT0013-0000917 YELLOW,0000917-XL,XL,,0000917-XL,4,0,0,0
REBEL MASS EXPORT PVT LTD,MFSHT0014-0000921 L.BLUE,0000921-XL,XL,,0000921-XL,4,0,0,0
REBEL MASS EXPORT PVT LTD,MFSHT0017-0000932 YELLOW,0000932-L,L,,0000932-L,4,0,0,0
REBEL MASS EXPORT PVT LTD,MFSHT0020-0000946 MID  BLUE,0000946-XXL,XXL,,0000946-XXL,4,0,0,0
REBEL MASS EXPORT PVT LTD,MFSHT0023-0000958 SKY BLUE,0000958-XXL,XXL,,0000958-XXL,4,0,0,0
REBEL MASS EXPORT PVT LTD,MFSHT0025-0000964 DARK BLUE,0000964-L,L,,0000964-L,4,0,0,0
REBEL MASS EXPORT PVT LTD,MFTRZ0001-0000429 GREY,0000429-28,28,,0000429-28,4,0,0,0
REBEL MASS EXPORT PVT LTD,MFTRZ0003-0000437 DUSTY BLUE,0000437-28,28,,0000437-28,4,0,0,0
REBEL MASS EXPORT PVT LTD,MFTRZ0003-0000441 DUSTY BLUE,0000441-38,38,,0000441-38,4,0,0,0
REBEL MASS EXPORT PVT LTD,MFTRZ0004-0000442 NAVY,0000442-28,28,,0000442-28,4,0,0,0
REBEL MASS EXPORT PVT LTD,MFTRZ0007-0000463 NAVY,0000463-28,28,,0000463-28,4,0,0,0
REBEL MASS EXPORT PVT LTD,MFTRZ0016-0001067 BLUE,0001067-34,34,,0001067-34,4,0,0,0
REBEL MASS EXPORT PVT LTD,MFTRZ0016-0001072 BLUE,0001072-32,32,,0001072-32,4,0,0,0
REBEL MASS EXPORT PVT LTD,MFTRZ0021-0001116 KHAKI,0001116-38,38,,0001116-38,4,0,0,0
REBEL MASS EXPORT PVT LTD,MFTRZ0025-0001322 DARK GREY,0001322-34,34,,0001322-34,4,0,0,0
REBEL MASS EXPORT PVT LTD,MPSHT0003-0001638 INK BLUE,0001638-XL,XL,,0001638-XL,4,0,0,0
REBEL MASS EXPORT PVT LTD,MPSHT0003-0001641 TEAL,0001641-L,L,,0001641-L,4,0,0,0
REBEL MASS EXPORT PVT LTD,MSWTF0003-0001988 CREAM,0001988-L,L,,0001988-L,4,0,0,0
REBEL MASS EXPORT PVT LTD,MTSHS0001-0000556 CAMEL,0000556-XL,XL,,0000556-XL,4,0,0,0
REBEL MASS EXPORT PVT LTD,MTSHS0002-0000560 NAVY,0000560-M,M,,0000560-M,4,0,0,0
REBEL MASS EXPORT PVT LTD,MTSHS0012-0000601 L.BLUE,0000601-M,M,,0000601-M,4,0,0,0
REBEL MASS EXPORT PVT LTD,MTSHS0014-0000610 BLACK,0000610-M,M,,0000610-M,4,0,0,0
REBEL MASS EXPORT PVT LTD,MTSHS0014-0000611 BLACK,0000611-XXL,XXL,,0000611-XXL,4,0,0,0
REBEL MASS EXPORT PVT LTD,MTSHS0015-0000614 BLACK,0000614-L,L,,0000614-L,4,0,0,0
REBEL MASS EXPORT PVT LTD,MTSHS0021-0000636 RED,0000636-XXL,XXL,,0000636-XXL,4,0,0,0
REBEL MASS EXPORT PVT LTD,MTSHS0022-0000642 WHITE,0000642-L,L,,0000642-L,4,0,0,0
REBEL MASS EXPORT PVT LTD,MWSST0003-0001729 BROWN,0001729-M,M,,0001729-M,4,0,0,0
REBEL MASS EXPORT PVT LTD,MWSST0003-0001730 BROWN,0001730-L,L,,0001730-L,4,0,0,0
REBEL MASS EXPORT PVT LTD,SHORT25-0001 OLIVE,DA1310-L,L,,DA1310-L,4,0,0,0
REBEL MASS EXPORT PVT LTD,SHORT25-0001 OLIVE,DA1312-XXL,XXL,,DA1312-XXL,4,0,0,0
REBEL MASS EXPORT PVT LTD,SHORT25-0002 MEHANDI,DA1935-XL,XL,,DA1935-XL,4,0,0,0
REBEL MASS EXPORT PVT LTD,SS25-0001B WHITE,DA1235-XXL,XXL,,DA1235-XXL,4,0,0,0
REBEL MASS EXPORT PVT LTD,SS25-0002 RED,DA1237-L,L,,DA1237-L,4,0,0,0
REBEL MASS EXPORT PVT LTD,SS25-0003 DUSTY PINK,DA1243-XXL,XXL,,DA1243-XXL,4,0,0,0
REBEL MASS EXPORT PVT LTD,SS25-0004 CHARCOAL,DA1247-XXL,XXL,,DA1247-XXL,4,0,0,0
REBEL MASS EXPORT PVT LTD,SS25-0006 BLUE,DA1254-XL,XL,,DA1254-XL,4,0,0,0
REBEL MASS EXPORT PVT LTD,SS25-0006 BLUE,DA1255-XXL,XXL,,DA1255-XXL,4,0,0,0
REBEL MASS EXPORT PVT LTD,SS25-0009 BLACK,DA1355-M,M,,DA1355-M,4,0,0,0
REBEL MASS EXPORT PVT LTD,SS25-0009 BLACK,DA1357-XL,XL,,DA1357-XL,4,0,0,0
REBEL MASS EXPORT PVT LTD,TRC25-0002 ANTHRA,DA3286-L,L,,DA3286-L,4,0,0,2
REBEL MASS EXPORT PVT LTD,TRC25-0002 ANTHRA,DA3288-XXL,XXL,,DA3288-XXL,4,0,0,0
REBEL MASS EXPORT PVT LTD,TS25-0003A WHITE,DA0840-XL,XL,,DA0840-XL,4,0,0,0
REBEL MASS EXPORT PVT LTD,TS25-0005 SKY BLUE,DA0996-XL,XL,,DA0996-XL,4,0,0,0
REBEL MASS EXPORT PVT LTD,TS25-0006 SKY/BLU,DA0900-XXL,XXL,,DA0900-XXL,4,0,0,0
REBEL MASS EXPORT PVT LTD,TS25-0008 NAVY,DA0905-M,M,,DA0905-M,4,0,0,0
REBEL MASS EXPORT PVT LTD,TS25-0009 WHT/GREY,DA0910-L,L,,DA0910-L,4,0,0,0
REBEL MASS EXPORT PVT LTD,TS25-0009 WHT/GREY,DA0911-XL,XL,,DA0911-XL,4,0,0,0
REBEL MASS EXPORT PVT LTD,TS25-0010 GREEN,DA2135-M,M,,DA2135-M,4,0,0,0
REBEL MASS EXPORT PVT LTD,TS25-0012 B.GREEN,DA1184-M,M,,DA1184-M,4,0,0,0
REBEL MASS EXPORT PVT LTD,TS25-0012 PISTA,DA1011-L,L,,DA1011-L,4,0,0,0
REBEL MASS EXPORT PVT LTD,TS25-0013A PISTA,DA1207-XXL,XXL,,DA1207-XXL,4,0,0,0
REBEL MASS EXPORT PVT LTD,TS25-0014 MULTY,DA1226-XL,XL,,DA1226-XL,4,0,0,0
REBEL MASS EXPORT PVT LTD,TS25-0015C GREY,DA1630-M,M,,DA1630-M,4,0,0,0
REBEL MASS EXPORT PVT LTD,TS25-0015D GREY,DA1634-M,M,,DA1634-M,4,0,0,0
REBEL MASS EXPORT PVT LTD,TS25-0024 TEAL,DA1677-XXL,XXL,,DA1677-XXL,4,0,0,0
REBEL MASS EXPORT PVT LTD,TS25-0030 MAROON,DA1706-M,M,,DA1706-M,4,0,0,0
REBEL MASS EXPORT PVT LTD,TS25-0031 BLUE,DA1710-M,M,,DA1710-M,4,0,0,0
REBEL MASS EXPORT PVT LTD,TS25-0034 GREY,DA1907-S,S,,DA1907-S,4,0,0,0
REBEL MASS EXPORT PVT LTD,TS25-0055 OFF WHITE,DA2424-XL,XL,,DA2424-XL,4,0,0,0
REBEL MASS EXPORT PVT LTD,WATCH0001-0004454 BLACK,0004454-NA,NA,,0004454-NA,4,0,0,0
REBEL MASS EXPORT PVT LTD,WATCH0001-0004455 GREY,0004455-NA,NA,,0004455-NA,4,0,0,0
REBEL MASS EXPORT PVT LTD,TS26-0003 MEHROON,BM0078-L,L,,BM0078-L,4,0,0,0
REBEL MASS EXPORT PVT LTD,test item001,BM0273,S,Black,BM0273,4,0,0,0
REBEL MASS EXPORT PVT LTD,2PC25-0034 BEIGE,DA3409-111.76CM(44),111.76CM (44),,DA3409-111.76CM(44),3,0,0,0
REBEL MASS EXPORT PVT LTD,3PC25-0011 BOTTLE GREEN,DA2486-96.52CM(38),96.52CM (38),,DA2486-96.52CM(38),3,0,0,0
REBEL MASS EXPORT PVT LTD,3PC25-0011 CHARCOLE,DA2454-96.52CM(38),96.52CM (38),,DA2454-96.52CM(38),3,0,0,0
REBEL MASS EXPORT PVT LTD,3PC25-0011 L.GREY,DA2465-111.76CM(44),111.76CM (44),,DA2465-111.76CM(44),3,0,0,0
REBEL MASS EXPORT PVT LTD,3PC25-0011 NAVY,DA2475-101.6CM(40),101.6CM (40),,DA2475-101.6CM(40),3,0,0,0
REBEL MASS EXPORT PVT LTD,3PC25-0011 NAVY,DA2476-106.68CM(42),106.68CM (42),,DA2476-106.68CM(42),3,0,0,0
REBEL MASS EXPORT PVT LTD,3PC25-0011 NAVY,DA2477-111.76CM(44),111.76CM (44),,DA2477-111.76CM(44),3,0,0,0
REBEL MASS EXPORT PVT LTD,3PC25-0011 NAVY,DA2474-96.52CM(38),96.52CM (38),,DA2474-96.52CM(38),3,0,0,0
REBEL MASS EXPORT PVT LTD,3PC25-0011 WINE,DA2469-111.76CM(44),111.76CM (44),,DA2469-111.76CM(44),3,0,0,0
REBEL MASS EXPORT PVT LTD,3PC25-0011 WINE,DA2466-96.52CM(38),96.52CM (38),,DA2466-96.52CM(38),3,0,0,0
REBEL MASS EXPORT PVT LTD,BLZ25-0018 BEIGE,DA2555-111.76CM(44),111.76CM (44),,DA2555-111.76CM(44),3,0,0,0
REBEL MASS EXPORT PVT LTD,CSH25-0074 MAROON,DA2588-M,M,,DA2588-M,3,0,0,0
REBEL MASS EXPORT PVT LTD,CSH25-0094 RED,DA2688-M,M,,DA2688-M,3,0,0,0
REBEL MASS EXPORT PVT LTD,CSH25-0107 BLACK,DA3245-XXL,XXL,,DA3245-XXL,3,0,0,0
REBEL MASS EXPORT PVT LTD,CSH25-0107 NAVY,DA3265-S,S,,DA3265-S,3,0,0,0
REBEL MASS EXPORT PVT LTD,CSH25-0107 PISTA,DA3179-XXL,XXL,,DA3179-XXL,3,0,0,0
REBEL MASS EXPORT PVT LTD,CSH25-0107 SLATE GREY,DA3229-S,S,,DA3229-S,3,0,0,0
REBEL MASS EXPORT PVT LTD,CSH25-0107 SLATE GREY,DA3234-XXXL,XXXL,,DA3234-XXXL,3,0,0,0
REBEL MASS EXPORT PVT LTD,CSH25-0107 WINE,DA3217-S,S,,DA3217-S,3,0,0,0
REBEL MASS EXPORT PVT LTD,CSS26-0001 CREAM,DA3932-XL,XL,,DA3932-XL,3,0,0,0
REBEL MASS EXPORT PVT LTD,CSS26-0001 ICE GREY,DA3915-L,L,,DA3915-L,3,0,0,0
REBEL MASS EXPORT PVT LTD,CSS26-0001 ICE GREY,DA3916-XL,XL,,DA3916-XL,3,0,0,0
REBEL MASS EXPORT PVT LTD,CSS26-0001 ICE GREY,DA3917-XXL,XXL,,DA3917-XXL,3,0,0,0
REBEL MASS EXPORT PVT LTD,CSS26-0001 SKY BLUE,DA3929-XXL,XXL,,DA3929-XXL,3,0,0,0
REBEL MASS EXPORT PVT LTD,DNM26-0009 D. BLUE,BM0111-71.12CM(28),71.12CM (28),,BM0111-71.12CM(28),3,0,0,0
REBEL MASS EXPORT PVT LTD,FSH25-0062 L.BEIGE,DA2306-XXL,XXL,,DA2306-XXL,3,0,0,0
REBEL MASS EXPORT PVT LTD,FSH25-0062 PISTA,DA2323-XL,XL,,DA2323-XL,3,0,0,0
REBEL MASS EXPORT PVT LTD,FSH25-0065 WHITE,DA2855-XL,XL,,DA2855-XL,3,0,0,0
REBEL MASS EXPORT PVT LTD,FSH25-0067 WHITE,DA2864-XXL,XXL,,DA2864-XXL,3,0,0,0
REBEL MASS EXPORT PVT LTD,FSH25-0068A BLACK,DA3000-S,S,,DA3000-S,3,0,0,0
REBEL MASS EXPORT PVT LTD,FSH25-0069 D.PURPLE,DA3016-S,S,,DA3016-S,3,0,0,0
REBEL MASS EXPORT PVT LTD,FSH25-0069 L.GREY,DA2927-XL,XL,,DA2927-XL,3,0,0,0
REBEL MASS EXPORT PVT LTD,FSH25-0069 MAROON,DA2950-L,L,,DA2950-L,3,0,0,0
REBEL MASS EXPORT PVT LTD,FSH25-0069 MEHANDI,DA2942-L,L,,DA2942-L,3,0,0,0
REBEL MASS EXPORT PVT LTD,FSH25-0069 SKY,DA2873-M,M,,DA2873-M,3,0,0,0
REBEL MASS EXPORT PVT LTD,FSH25-0071 BLACK,DA3443-M,M,,DA3443-M,3,0,0,0
REBEL MASS EXPORT PVT LTD,FSH25-0071 STEEL GREY,DA3456-L,L,,DA3456-L,3,0,0,0
REBEL MASS EXPORT PVT LTD,FSH25-0071 STEEL GREY,DA3458-XXL,XXL,,DA3458-XXL,3,0,0,0
REBEL MASS EXPORT PVT LTD,FSH25-0071 WINE,DA3448-L,L,,DA3448-L,3,0,0,0
REBEL MASS EXPORT PVT LTD,FSH25-0072 BLACK,DA3491-M,M,,DA3491-M,3,0,0,0
REBEL MASS EXPORT PVT LTD,FSH25-0072 BLACK,DA3494-XXL,XXL,,DA3494-XXL,3,0,0,0
REBEL MASS EXPORT PVT LTD,FSH25-0072 GREY,DA3482-XXL,XXL,,DA3482-XXL,3,0,0,0
REBEL MASS EXPORT PVT LTD,FSH25-0072 SKY,DA3478-XXL,XXL,,DA3478-XXL,3,0,0,0
REBEL MASS EXPORT PVT LTD,FTR25-0081 BLUE,DA3109-81.28CM(32),81.28CM (32),,DA3109-81.28CM(32),3,0,0,0
REBEL MASS EXPORT PVT LTD,FTR25-0081 BLUE,DA3112-96.52CM(38),96.52CM (38),,DA3112-96.52CM(38),3,0,0,0
REBEL MASS EXPORT PVT LTD,FTR25-0083 KHAKI,DA3118-86.36CM(34),86.36CM (34),,DA3118-86.36CM(34),3,0,0,0
REBEL MASS EXPORT PVT LTD,FTR25-0083 KHAKI,DA3120-96.52CM(38),96.52CM (38),,DA3120-96.52CM(38),3,0,0,0
REBEL MASS EXPORT PVT LTD,FTR25-0084 MEHROON,DA3124-96.52CM(38),96.52CM (38),,DA3124-96.52CM(38),3,0,0,0
REBEL MASS EXPORT PVT LTD,JKT26-0001 BLACK,DA3890-M,M,,DA3890-M,3,0,0,0
REBEL MASS EXPORT PVT LTD,JKT26-0001 BLACK,DA3893-XXL,XXL,,DA3893-XXL,3,0,0,0
REBEL MASS EXPORT PVT LTD,JKT26-0001 GOLDEN,DA3895-L,L,,DA3895-L,3,0,0,0
REBEL MASS EXPORT PVT LTD,JKT26-0001 GOLDEN,DA3894-M,M,,DA3894-M,3,0,0,0
REBEL MASS EXPORT PVT LTD,LW25-0001 ANTHRA,DA2038-M,M,,DA2038-M,3,0,0,0
REBEL MASS EXPORT PVT LTD,LW25-0001 BLACK,DA2033-XXL,XXL,,DA2033-XXL,3,0,0,0
REBEL MASS EXPORT PVT LTD,LW25-0001 MAROON,DA2036-XL,XL,,DA2036-XL,3,0,0,0
REBEL MASS EXPORT PVT LTD,LW26-0001 AIR FORCE,DA3833-XXL,XXL,,DA3833-XXL,3,0,0,0
REBEL MASS EXPORT PVT LTD,LW26-0001 BROWN,DA3826-M,M,,DA3826-M,3,0,0,0
REBEL MASS EXPORT PVT LTD,LW26-0001 BROWN,DA3828-XL,XL,,DA3828-XL,3,0,0,0
REBEL MASS EXPORT PVT LTD,LW26-0001 BROWN,DA3829-XXL,XXL,,DA3829-XXL,3,0,0,0
REBEL MASS EXPORT PVT LTD,LW26-0001 CHARCOLE,DA3867-L,L,,DA3867-L,3,0,0,0
REBEL MASS EXPORT PVT LTD,LW26-0001 CHARCOLE,DA3866-M,M,,DA3866-M,3,0,0,0
REBEL MASS EXPORT PVT LTD,LW26-0001 CHARCOLE,DA3869-XXL,XXL,,DA3869-XXL,3,0,0,0
REBEL MASS EXPORT PVT LTD,LW26-0001 MEHANDI,DA3824-XL,XL,,DA3824-XL,3,0,0,0
REBEL MASS EXPORT PVT LTD,LW26-0001 OLIVE,DA3803-L,L,,DA3803-L,3,0,0,0
REBEL MASS EXPORT PVT LTD,LW26-0001 PINK,DA3792-XL,XL,,DA3792-XL,3,0,0,0
REBEL MASS EXPORT PVT LTD,LW26-0001 PISTA,DA3808-XL,XL,,DA3808-XL,3,0,0,0
REBEL MASS EXPORT PVT LTD,LW26-0001 PISTA,DA3809-XXL,XXL,,DA3809-XXL,3,0,0,0
REBEL MASS EXPORT PVT LTD,LW26-0003 G.BLUE,DA3899-L,L,,DA3899-L,3,0,0,0
REBEL MASS EXPORT PVT LTD,LW26-0003 G.BLUE,DA3901-XXL,XXL,,DA3901-XXL,3,0,0,0
REBEL MASS EXPORT PVT LTD,LW26-0005 BLACK,DA4080-XL,XL,,DA4080-XL,3,0,0,0
REBEL MASS EXPORT PVT LTD,SHORT-0003 BLACK PRINT,DA2354-XXL,XXL,,DA2354-XXL,3,0,0,0
REBEL MASS EXPORT PVT LTD,SHORT25-0004 BROWN,DA3040-76.20CM(30),76.20CM (30),,DA3040-76.20CM(30),3,0,0,0
REBEL MASS EXPORT PVT LTD,SHORTSET26-001 CREAM,BM0218-XXL,XXL,,BM0218-XXL,3,0,0,0
REBEL MASS EXPORT PVT LTD,SHORTSET26-001 STEEL GREY,BM0213-XL,XL,,BM0213-XL,3,0,0,0
REBEL MASS EXPORT PVT LTD,SHORTSET26-001 TEAL,BM0220-L,L,,BM0220-L,3,0,0,0
REBEL MASS EXPORT PVT LTD,TS25-0012 MAROON,DA2338-M,M,,DA2338-M,3,0,0,0
REBEL MASS EXPORT PVT LTD,TS25-0012 OLIVE,DA2123-M,M,,DA2123-M,3,0,0,0
REBEL MASS EXPORT PVT LTD,TS25-0020 BLACK,DA2111-M,M,,DA2111-M,3,0,0,0
REBEL MASS EXPORT PVT LTD,TS25-0038 OLIVE,DA1979-XL,XL,,DA1979-XL,3,0,0,0
REBEL MASS EXPORT PVT LTD,TS25-0041 BLACK,DA2042-M,M,,DA2042-M,3,0,0,0
REBEL MASS EXPORT PVT LTD,TS25-0050 NAVY,DA2213-XXL,XXL,,DA2213-XXL,3,0,0,0
REBEL MASS EXPORT PVT LTD,TS25-0054A NAVY,DA2371-S,S,,DA2371-S,3,0,0,0
REBEL MASS EXPORT PVT LTD,TS25-0054B NAVY,DA2376-S,S,,DA2376-S,3,0,0,0
REBEL MASS EXPORT PVT LTD,TS26-0002 NAVY/BLUE,BM0155-XL,XL,,BM0155-XL,3,0,0,0
REBEL MASS EXPORT PVT LTD,TS26-0002 PISTA,BM0150-L,L,,BM0150-L,3,0,0,0
REBEL MASS EXPORT PVT LTD,TS26-0002 PISTA,BM0152-XXL,XXL,,BM0152-XXL,3,0,0,0
REBEL MASS EXPORT PVT LTD,TS26-0002 R.GREEN,BM0003-XL,XL,,BM0003-XL,3,0,0,0
REBEL MASS EXPORT PVT LTD,TS26-0008 GREY/WHITE,BM0088-XXL,XXL,,BM0088-XXL,3,0,0,0
REBEL MASS EXPORT PVT LTD,2PC25-0002 ROYAL BLUE,DA0710-111.76CM(44),111.76CM (44),,DA0710-111.76CM(44),3,0,0,0
REBEL MASS EXPORT PVT LTD,2PC25-0005 TURQ,DA0720-101.6CM(40),101.6CM (40),,DA0720-101.6CM(40),3,0,0,0
REBEL MASS EXPORT PVT LTD,2PC25-0008 BLACK,DA0733-106.68CM(42),106.68CM (42),,DA0733-106.68CM(42),3,0,0,0
REBEL MASS EXPORT PVT LTD,2PC25-0009 BLACK,DA0738-111.76CM(44),111.76CM (44),,DA0738-111.76CM(44),3,0,0,0
REBEL MASS EXPORT PVT LTD,2PC25-0009 BLACK,DA0735-96.52CM(38),96.52CM (38),,DA0735-96.52CM(38),3,0,0,0
REBEL MASS EXPORT PVT LTD,2PC25-0012 CREAM,DA0750-111.76CM(44),111.76CM (44),,DA0750-111.76CM(44),3,0,0,0
REBEL MASS EXPORT PVT LTD,2PC25-0015 GREY,DA0760-101.6CM(40),101.6CM (40),,DA0760-101.6CM(40),3,0,0,0
REBEL MASS EXPORT PVT LTD,2PC25-0015 GREY,DA0761-106.68CM(42),106.68CM (42),,DA0761-106.68CM(42),3,0,0,0
REBEL MASS EXPORT PVT LTD,2PC25-0017 NAVY/BLU,DA1844-106.68CM(42),106.68CM (42),,DA1844-106.68CM(42),3,0,0,0
REBEL MASS EXPORT PVT LTD,2PC25-0017 NAVY/BLU,DA1845-111.76CM(44),111.76CM (44),,DA1845-111.76CM(44),3,0,0,0
REBEL MASS EXPORT PVT LTD,2PC25-0019 WINE,DA1850-96.52CM(38),96.52CM (38),,DA1850-96.52CM(38),3,0,0,0
REBEL MASS EXPORT PVT LTD,2PC25-0022 BLACK,DA1863-101.6CM(40),101.6CM (40),,DA1863-101.6CM(40),3,0,0,0
REBEL MASS EXPORT PVT LTD,2PC25-0024 BLUE,DA1871-101.6CM(40),101.6CM (40),,DA1871-101.6CM(40),3,0,0,0
REBEL MASS EXPORT PVT LTD,2PC25-0024 BLUE,DA1873-111.76CM(44),111.76CM (44),,DA1873-111.76CM(44),3,0,0,0
REBEL MASS EXPORT PVT LTD,2PC25-0025 CHARCOAL,DA1874-96.52CM(38),96.52CM (38),,DA1874-96.52CM(38),3,0,0,0
REBEL MASS EXPORT PVT LTD,2PC25-0026 GREY,DA1878-96.52CM(38),96.52CM (38),,DA1878-96.52CM(38),3,0,0,0
REBEL MASS EXPORT PVT LTD,3PC25-0002 L.GREY,DA0928-101.6CM(40),101.6CM (40),,DA0928-101.6CM(40),3,0,0,0
REBEL MASS EXPORT PVT LTD,3PC25-0002 L.GREY,DA0927-96.52CM(38),96.52CM (38),,DA0927-96.52CM(38),3,0,0,0
REBEL MASS EXPORT PVT LTD,3PC25-0003 CHARCOLE,DA0936-101.6CM(40),101.6CM (40),,DA0936-101.6CM(40),3,0,0,0
REBEL MASS EXPORT PVT LTD,3PC25-0003 CHARCOLE,DA0938-111.76CM(44),111.76CM (44),,DA0938-111.76CM(44),3,0,0,0
REBEL MASS EXPORT PVT LTD,3PC25-0004 BLACK,DA0946-111.76CM(44),111.76CM (44),,DA0946-111.76CM(44),3,0,0,0
REBEL MASS EXPORT PVT LTD,3PC25-0004 BLACK,DA0943-96.52CM(38),96.52CM (38),,DA0943-96.52CM(38),3,0,0,0
REBEL MASS EXPORT PVT LTD,3PC25-0004 NAVY,DA0949-101.6CM(40),101.6CM (40),,DA0949-101.6CM(40),3,0,0,0
REBEL MASS EXPORT PVT LTD,3PC25-0007 BLUE,DA1886-96.52CM(38),96.52CM (38),,DA1886-96.52CM(38),3,0,0,0
REBEL MASS EXPORT PVT LTD,3PC25-0008 GREY/BLK,DA1892-106.68CM(42),106.68CM (42),,DA1892-106.68CM(42),3,0,0,0
REBEL MASS EXPORT PVT LTD,3PC25-0009 GREY,DA1895-101.6CM(40),101.6CM (40),,DA1895-101.6CM(40),3,0,0,0
REBEL MASS EXPORT PVT LTD,3PC25-0010 NAVY/BLU,DA1899-101.6CM(40),101.6CM (40),,DA1899-101.6CM(40),3,0,0,0
REBEL MASS EXPORT PVT LTD,3PC25-0010 NAVY/BLU,DA1898-96.52CM(38),96.52CM (38),,DA1898-96.52CM(38),3,0,0,0
REBEL MASS EXPORT PVT LTD,ASRFTR-001 N/A,DA3054-91.44CM(36),91.44CM (36),,DA3054-91.44CM(36),3,0,0,0
REBEL MASS EXPORT PVT LTD,AW24BL0001-0002559 BEIGE,0002559-91.44CM(36),91.44CM (36),,0002559-91.44CM(36),3,0,0,0
REBEL MASS EXPORT PVT LTD,AW24BL0001-0002562 BEIGE,0002562-106.68CM.(42),106.68CM. (42),,0002562-106.68CM.(42),3,0,0,0
REBEL MASS EXPORT PVT LTD,AW24BL0001-0002563 BEIGE,0002563-111.76CM(44),111.76CM (44),,0002563-111.76CM(44),3,0,0,0
REBEL MASS EXPORT PVT LTD,AW24BL0001-0002569 BLUE,0002569-91.44CM(36),91.44CM (36),,0002569-91.44CM(36),3,0,0,0
REBEL MASS EXPORT PVT LTD,AW24BL0002-0002758 GREY,0002758-101.6CM(40),101.6CM (40),,0002758-101.6CM(40),3,0,0,0
REBEL MASS EXPORT PVT LTD,AW24BL0002-0002763 L.GREEN,0002763-96.52CM(38),96.52CM (38),,0002763-96.52CM(38),3,0,0,0
REBEL MASS EXPORT PVT LTD,AW24BL0002-0002778 NAVY,0002778-111.76CM(44),111.76CM (44),,0002778-111.76CM(44),3,0,0,0
REBEL MASS EXPORT PVT LTD,AW24BL0003-0003202 CAMEL,0003202-106.68CM(42),106.68CM (42),,0003202-106.68CM(42),3,0,0,0
REBEL MASS EXPORT PVT LTD,AW24BL0003-0003204 BROWN,0003204-96.52CM(38),96.52CM (38),,0003204-96.52CM(38),3,0,0,0
REBEL MASS EXPORT PVT LTD,AW24BL0003-0003207 BROWN,0003207-111.76CM(44),111.76CM (44),,0003207-111.76CM(44),3,0,0,0
REBEL MASS EXPORT PVT LTD,AW24BL0003-0003208 BLACK,0003208-96.52CM(38),96.52CM (38),,0003208-96.52CM(38),3,0,0,0
REBEL MASS EXPORT PVT LTD,AW24BL0003-0003209 BLACK,0003209-101.6CM(40),101.6CM (40),,0003209-101.6CM(40),3,0,0,0
REBEL MASS EXPORT PVT LTD,AW24BL0008-0003702 BL/GREY,0003702-111.76CM(44),111.76CM (44),,0003702-111.76CM(44),3,0,0,0
REBEL MASS EXPORT PVT LTD,AW24BL0008-0003703 BROWN,0003703-91.44CM(36),91.44CM(36),,0003703-91.44CM(36),3,0,0,0
REBEL MASS EXPORT PVT LTD,AW24BL0008-0003712 BR/GREY,0003712-111.76CM(44),111.76CM (44),,0003712-111.76CM(44),3,0,0,0
REBEL MASS EXPORT PVT LTD,AW24BL0009-0004089 L.GREEN,0004089-111.76CM(44),111.76CM (44),,0004089-111.76CM(44),3,0,0,0
REBEL MASS EXPORT PVT LTD,AW24BL0011-0004430 BLACK,0004430-96.52CM(38),96.52CM (38),,0004430-96.52CM(38),3,0,0,0
REBEL MASS EXPORT PVT LTD,AW24BL0014-0004442 ICE/BLUE,0004442-96.52CM(38),96.52CM (38),,0004442-96.52CM(38),3,0,0,0
REBEL MASS EXPORT PVT LTD,AW24BL0014-0004444 ICE/BLUE,0004444-106.68CM(42),106.68CM (42),,0004444-106.68CM(42),3,0,0,0
REBEL MASS EXPORT PVT LTD,AW24BL0014-0004449 BOTLE GREEN,0004449-111.76CM(44),111.76CM (44),,0004449-111.76CM(44),3,0,0,0
REBEL MASS EXPORT PVT LTD,AW24BL0016-0005207 GREY,0005207-111.76CM(44),111.76CM (44),,0005207-111.76CM(44),3,0,0,0
REBEL MASS EXPORT PVT LTD,AW24CR0001-0002417 BEIGE,0002417-91.44CM(36),91.44CM (36),,0002417-91.44CM(36),3,0,0,0
REBEL MASS EXPORT PVT LTD,AW24CR0002-0003496 TINT BLUE,0003496-81.28CM(32),81.28CM (32),,0003496-81.28CM(32),3,0,0,0
REBEL MASS EXPORT PVT LTD,AW24CR0002-0003497 TINT BLUE,0003497-86.36CM(34),86.36CM (34),,0003497-86.36CM(34),3,0,0,0
REBEL MASS EXPORT PVT LTD,AW24CR0002-0003498 TINT BLUE,0003498-91.44CM(36),91.44CM(36),,0003498-91.44CM(36),3,0,0,0
REBEL MASS EXPORT PVT LTD,AW24CR0002-0003499 TINT BLUE,0003499-96.52CM(38),96.52CM (38),,0003499-96.52CM(38),3,0,0,0
REBEL MASS EXPORT PVT LTD,AW24CTR0001-0002838 NAVY,0002838-96.52CM(38),96.52CM (38),,0002838-96.52CM(38),3,0,0,0
REBEL MASS EXPORT PVT LTD,AW24CTR0001-0002840 COFFEE,0002840-81.28CM(32),81.28CM (32),,0002840-81.28CM(32),3,0,0,0
REBEL MASS EXPORT PVT LTD,AW24CTR0002-0002855 BLACK,0002855-81.28CM(32),81.28CM (32),,0002855-81.28CM(32),3,0,0,0
REBEL MASS EXPORT PVT LTD,AW24CTR0002-0002862 GREY,0002862-91.44CM(36),91.44CM (36),,0002862-91.44CM(36),3,0,0,0
REBEL MASS EXPORT PVT LTD,AW24CTR0002-0002868 BLUE,0002868-96.52CM(38),96.52CM (38),,0002868-96.52CM(38),3,0,0,0
REBEL MASS EXPORT PVT LTD,AW24CTR0002-0002871 MOUSE,0002871-86.36CM(34),86.36CM (34),,0002871-86.36CM(34),3,0,0,0
REBEL MASS EXPORT PVT LTD,AW24CTR0002-0002873 MOUSE,0002873-96.52CM(38),96.52CM (38),,0002873-96.52CM(38),3,0,0,0
REBEL MASS EXPORT PVT LTD,AW24CTR0003-0004835 NAVY,0004835-81.28CM(32),81.28CM (32),,0004835-81.28CM(32),3,0,0,0
REBEL MASS EXPORT PVT LTD,AW24CTR0003-0004867 STEAL GREY,0004867-91.44CM(36),91.44CM (36),,0004867-91.44CM(36),3,0,0,0
REBEL MASS EXPORT PVT LTD,AW24CTR0004-0005739 BROWN,0005739-86.36CM(34),86.36CM (34),,0005739-86.36CM(34),3,0,0,0
REBEL MASS EXPORT PVT LTD,AW24CTR0005-0005757 STEAL GREY,0005757-76.20CM(30),76.20CM (30),,0005757-76.20CM(30),3,0,0,0
REBEL MASS EXPORT PVT LTD,AW24CTR0005-0005759 STEAL GREY,0005759-86.36CM(34),86.36CM (34),,0005759-86.36CM(34),3,0,0,0
REBEL MASS EXPORT PVT LTD,AW24CTR0005-0005764 OLIVE,0005764-86.36CM(34),86.36CM (34),,0005764-86.36CM(34),3,0,0,0
REBEL MASS EXPORT PVT LTD,AW24CTR0005-0005770 CREAM,0005770-91.44CM(36),91.44CM (36),,0005770-91.44CM(36),3,0,0,0
REBEL MASS EXPORT PVT LTD,AW24CTR0005-0005775 KHAKI,0005775-91.44CM(36),91.44CM (36),,0005775-91.44CM(36),3,0,0,0
REBEL MASS EXPORT PVT LTD,AW24CTR0005-0005780 GREY,0005780-91.44CM(36),91.44CM (36),,0005780-91.44CM(36),3,0,0,0
REBEL MASS EXPORT PVT LTD,AW24D0002-0002545 BLACK,0002545-91.44CM(36),91.44CM (36),,0002545-91.44CM(36),3,0,0,0
REBEL MASS EXPORT PVT LTD,AW24D0002-0002548 CARBON BLUE,0002548-76.20CM(30),76.20CM (30),,0002548-76.20CM(30),3,0,0,0
REBEL MASS EXPORT PVT LTD,AW24D0006-0003521 INDIGO BLUE,0003521-91.44CM(36),91.44CM(36),,0003521-91.44CM(36),3,0,0,0
REBEL MASS EXPORT PVT LTD,AW24D0012-0003899 GREY,0003899-76.20CM(30),76.20CM (30),,0003899-76.20CM(30),3,0,0,0
REBEL MASS EXPORT PVT LTD,AW24D0012-0003900 GREY,0003900-81.28CM(32),81.28CM (32),,0003900-81.28CM(32),3,0,0,0
REBEL MASS EXPORT PVT LTD,AW24D0018-0004396 BLUE,0004396-91.44CM(36),91.44CM(36),,0004396-91.44CM(36),3,0,0,0
REBEL MASS EXPORT PVT LTD,AW24FTR0001-0002523 GREY,0002523-101.6CM(40),101.6CM (40),,0002523-101.6CM(40),3,0,0,0
REBEL MASS EXPORT PVT LTD,AW24FTR0001-0002584 BLUE,0002584-76.20CM(30),76.20CM (30),,0002584-76.20CM(30),3,0,0,0
REBEL MASS EXPORT PVT LTD,AW24FTR0001-0002589 BLUE,0002589-101.6CM(40),101.6CM (40),,0002589-101.6CM(40),3,0,0,0
REBEL MASS EXPORT PVT LTD,AW24FTR0003-0002592 BEIGE,0002592-81.28CM(32),81.28CM (32),,0002592-81.28CM(32),3,0,0,0
REBEL MASS EXPORT PVT LTD,AW24FTR0003-0002598 DARK GREY,0002598-76.20CM(30),76.20CM (30),,0002598-76.20CM(30),3,0,0,0
REBEL MASS EXPORT PVT LTD,AW24FTR0003-0002603 DARK GREY,0002603-101.6CM(40),101.6CM (40),,0002603-101.6CM(40),3,0,0,0
REBEL MASS EXPORT PVT LTD,AW24FTR0005-0002996 SEA GREEN,0002996-71.12CM(28),71.12CM (28),,0002996-71.12CM(28),3,0,0,0
REBEL MASS EXPORT PVT LTD,AW24FTR0005-0003009 OFF WHITE,0003009-76.2CM(30),76.2CM (30),,0003009-76.2CM(30),3,0,0,0
REBEL MASS EXPORT PVT LTD,AW24FTR0005-0003015 GREY,0003015-76.2CM(30),76.2CM (30),,0003015-76.2CM(30),3,0,0,0
REBEL MASS EXPORT PVT LTD,AW24FTR0005-0003022 SKY BLUE,0003022-81.28CM(32),81.28CM (32),,0003022-81.28CM(32),3,0,0,0
REBEL MASS EXPORT PVT LTD,AW24FTR0005-0003027 GREEN,0003027-76.2CM(30),76.2CM (30),,0003027-76.2CM(30),3,0,0,0
REBEL MASS EXPORT PVT LTD,AW24FTR0005-0003032 MUSTARD.,0003032-71.12CM(28),71.12CM (28),,0003032-71.12CM(28),3,0,0,0
REBEL MASS EXPORT PVT LTD,AW24FTR0005-0003037 MUSTARD.,0003037-96.52CM(38),96.52CM (38),,0003037-96.52CM(38),3,0,0,0
REBEL MASS EXPORT PVT LTD,AW24FTR0005-0003040 CHARCOAL,0003040-81.28CM(32),81.28CM (32),,0003040-81.28CM(32),3,0,0,0
REBEL MASS EXPORT PVT LTD,AW24FTR0005-0003046 PISTA,0003046-81.28CM(32),81.28CM (32),,0003046-81.28CM(32),3,0,0,0
REBEL MASS EXPORT PVT LTD,AW24FTR0005-0003051 CHARCOAL,0003051-76.2CM(30),76.2CM (30),,0003051-76.2CM(30),3,0,0,0
REBEL MASS EXPORT PVT LTD,AW24FTR0005-0003057 L.GREEN,0003057-76.2CM(30),76.2CM (30),,0003057-76.2CM(30),3,0,0,0
REBEL MASS EXPORT PVT LTD,AW24FTR0005-0003068 CREAM,0003068-71.12CM(28),71.12CM (28),,0003068-71.12CM(28),3,0,0,0
REBEL MASS EXPORT PVT LTD,AW24FTR0005-0003078 KHAKI,0003078-91.44CM(36),91.44CM(36),,0003078-91.44CM(36),3,0,0,0
REBEL MASS EXPORT PVT LTD,AW24FTR0005-0003079 KHAKI,0003079-96.52CM(38),96.52CM (38),,0003079-96.52CM(38),3,0,0,0
REBEL MASS EXPORT PVT LTD,AW24FTR0005-0003080 MID GREEN,0003080-71.12CM(28),71.12CM (28),,0003080-71.12CM(28),3,0,0,0
REBEL MASS EXPORT PVT LTD,AW24FTR0005-0003081 MID GREEN,0003081-76.2CM(30),76.2CM (30),,0003081-76.2CM(30),3,0,0,0
REBEL MASS EXPORT PVT LTD,AW24FTR0005-0003083 MID GREEN,0003083-86.36CM(34),86.36CM (34),,0003083-86.36CM(34),3,0,0,0
REBEL MASS EXPORT PVT LTD,AW24FTR0005-0003084 MID GREEN,0003084-91.44CM(36),91.44CM(36),,0003084-91.44CM(36),3,0,0,0
REBEL MASS EXPORT PVT LTD,AW24FTR0005-0003085 MID GREEN,0003085-96.52CM(38),96.52CM (38),,0003085-96.52CM(38),3,0,0,0
REBEL MASS EXPORT PVT LTD,AW24FTR0005-0003086 D.KHAKI,0003086-71.12CM(28),71.12CM (28),,0003086-71.12CM(28),3,0,0,0
REBEL MASS EXPORT PVT LTD,AW24FTR0005-0003087 D.KHAKI,0003087-76.2CM(30),76.2CM (30),,0003087-76.2CM(30),3,0,0,0
REBEL MASS EXPORT PVT LTD,AW24FTR0005-0003088 D.KHAKI,0003088-81.28CM(32),81.28CM (32),,0003088-81.28CM(32),3,0,0,0
REBEL MASS EXPORT PVT LTD,AW24FTR0005-0003092 B.GREEN,0003092-71.12CM(28),71.12CM (28),,0003092-71.12CM(28),3,0,0,0
REBEL MASS EXPORT PVT LTD,AW24FTR0005-0003098 L.MUSTARD.,0003098-71.12CM(28),71.12CM (28),,0003098-71.12CM(28),3,0,0,0
REBEL MASS EXPORT PVT LTD,AW24FTR0005-0003099 L.MUSTARD.,0003099-76.2CM(30),76.2CM (30),,0003099-76.2CM(30),3,0,0,0
REBEL MASS EXPORT PVT LTD,AW24FTR0005-0003100 L.MUSTARD.,0003100-81.28CM(32),81.28CM (32),,0003100-81.28CM(32),3,0,0,0
REBEL MASS EXPORT PVT LTD,AW24FTR0005-0003101 L.MUSTARD.,0003101-86.36CM(34),86.36CM (34),,0003101-86.36CM(34),3,0,0,0
REBEL MASS EXPORT PVT LTD,AW24FTR0005-0003103 L.MUSTARD.,0003103-96.52CM(38),96.52CM (38),,0003103-96.52CM(38),3,0,0,0
REBEL MASS EXPORT PVT LTD,AW24FTR0005-0003105 D.KHAKI,0003105-76.2CM(30),76.2CM (30),,0003105-76.2CM(30),3,0,0,0
REBEL MASS EXPORT PVT LTD,AW24FTR0005-0003117 L.GREEN,0003117-76.2CM(30),76.2CM (30),,0003117-76.2CM(30),3,0,0,0
REBEL MASS EXPORT PVT LTD,AW24FTR0005-0003130 BROWN,0003130-81.28CM(32),81.28CM (32),,0003130-81.28CM(32),3,0,0,0
REBEL MASS EXPORT PVT LTD,AW24FTR0005-0003135 SEA GREEN,0003135-76.2CM(30),76.2CM (30),,0003135-76.2CM(30),3,0,0,0
REBEL MASS EXPORT PVT LTD,AW24FTR0005-0003140 L.BROWN,0003140-71.12CM(28),71.12CM (28),,0003140-71.12CM(28),3,0,0,0
REBEL MASS EXPORT PVT LTD,AW24FTR0005-0003146 PEACH,0003146-71.12CM(28),71.12CM (28),,0003146-71.12CM(28),3,0,0,0
REBEL MASS EXPORT PVT LTD,AW24FTR0005-0003147 PEACH,0003147-76.2CM(30),76.2CM (30),,0003147-76.2CM(30),3,0,0,0
REBEL MASS EXPORT PVT LTD,AW24FTR0005-0003152 VAILET,0003152-71.12CM(28),71.12CM (28),,0003152-71.12CM(28),3,0,0,0
REBEL MASS EXPORT PVT LTD,AW24FTR0005-0003166 L.GREY,0003166-81.28CM(32),81.28CM (32),,0003166-81.28CM(32),3,0,0,0
REBEL MASS EXPORT PVT LTD,AW24FTR0005-0003182 D.KHAKI,0003182-71.12CM(28),71.12CM (28),,0003182-71.12CM(28),3,0,0,0
REBEL MASS EXPORT PVT LTD,AW24FTR0005-0003183 D.KHAKI,0003183-76.2CM(30),76.2CM (30),,0003183-76.2CM(30),3,0,0,0
REBEL MASS EXPORT PVT LTD,AW24FTR0005-0003188 D.GREY,0003188-71.12CM(28),71.12CM (28),,0003188-71.12CM(28),3,0,0,0
REBEL MASS EXPORT PVT LTD,AW24FTR0005-0003192 D.GREY,0003192-91.44CM(36),91.44CM(36),,0003192-91.44CM(36),3,0,0,0
REBEL MASS EXPORT PVT LTD,AW24FTR0005-0003195 BEIGE,0003195-76.2CM(30),76.2CM (30),,0003195-76.2CM(30),3,0,0,0
REBEL MASS EXPORT PVT LTD,AW24FTR0007-0003381 D.BROWN,0003381-96.52CM(38),96.52CM (38),,0003381-96.52CM(38),3,0,0,0
REBEL MASS EXPORT PVT LTD,AW24FTR0007-0003382 D.BROWN,0003382-101.6CM(40),101.6CM (40),,0003382-101.6CM(40),3,0,0,0
REBEL MASS EXPORT PVT LTD,AW24FTR0009-0003410 WINE,0003410-101.6CM(40),101.6CM (40),,0003410-101.6CM(40),3,0,0,0
REBEL MASS EXPORT PVT LTD,AW24FTR0010-0003424 KHAKI,0003424-101.6CM(40),101.6CM (40),,0003424-101.6CM(40),3,0,0,0
REBEL MASS EXPORT PVT LTD,AW24FTR0010-0003425 BLACK,0003425-71.12CM(28),71.12CM (28),,0003425-71.12CM(28),3,0,0,0
REBEL MASS EXPORT PVT LTD,AW24FTR0010-0003428 BLACK,0003428-86.36CM(34),86.36CM (34),,0003428-86.36CM(34),3,0,0,0
REBEL MASS EXPORT PVT LTD,AW24FTR0010-0003439 BLUE,0003439-71.12CM(28),71.12CM (28),,0003439-71.12CM(28),3,0,0,0
REBEL MASS EXPORT PVT LTD,AW24FTR0010-0003444 BLUE,0003444-96.52CM(38),96.52CM (38),,0003444-96.52CM(38),3,0,0,0
REBEL MASS EXPORT PVT LTD,AW24FTR0010-0003454 L.BROWN,0003454-76.2CM(30),76.2CM (30),,0003454-76.2CM(30),3,0,0,0
REBEL MASS EXPORT PVT LTD,AW24FTR0010-0003459 L.BROWN,0003459-101.6CM(40),101.6CM (40),,0003459-101.6CM(40),3,0,0,0
REBEL MASS EXPORT PVT LTD,AW24FTR0010-0003461 L.KHAKI,0003461-76.2CM(30),76.2CM (30),,0003461-76.2CM(30),3,0,0,0
REBEL MASS EXPORT PVT LTD,AW24FTR0010-0003465 L.KHAKI,0003465-96.52CM(38),96.52CM (38),,0003465-96.52CM(38),3,0,0,0
REBEL MASS EXPORT PVT LTD,AW24FTR0010-0003469 SEA GREEN,0003469-81.28CM(32),81.28CM (32),,0003469-81.28CM(32),3,0,0,0
REBEL MASS EXPORT PVT LTD,AW24FTR0010-0003476 BEIGE,0003476-81.28CM(32),81.28CM (32),,0003476-81.28CM(32),3,0,0,0
REBEL MASS EXPORT PVT LTD,AW24FTR0010-0003481 MAHANDI,0003481-71.12CM(28),71.12CM (28),,0003481-71.12CM(28),3,0,0,0
REBEL MASS EXPORT PVT LTD,AW24FTR0010-0003486 MAHANDI,0003486-96.52CM(38),96.52CM (38),,0003486-96.52CM(38),3,0,0,0
REBEL MASS EXPORT PVT LTD,AW24FTR0010-0003977 OLIVE,0003977-71.12CM(28),71.12CM (28),,0003977-71.12CM(28),3,0,0,0
REBEL MASS EXPORT PVT LTD,AW24FTR0010-0003982 OLIVE,0003982-96.52CM(38),96.52CM (38),,0003982-96.52CM(38),3,0,0,0
REBEL MASS EXPORT PVT LTD,AW24FTR0010-0003983 OLIVE,0003983-101.6CM(40),101.6CM (40),,0003983-101.6CM(40),3,0,0,0
REBEL MASS EXPORT PVT LTD,AW24FTR0010-0003991 GREY,0003991-71.12CM(28),71.12CM (28),,0003991-71.12CM(28),3,0,0,0
REBEL MASS EXPORT PVT LTD,AW24FTR0010-0004027 L.GREY,0004027-76.2CM(30),76.2CM (30),,0004027-76.2CM(30),3,0,0,0
REBEL MASS EXPORT PVT LTD,AW24FTR0011-0004000 D.GREY,0004000-81.28CM(32),81.28CM (32),,0004000-81.28CM(32),3,0,0,0
REBEL MASS EXPORT PVT LTD,AW24FTR0011-0004015 CHARCOAL,0004015-86.36CM(34),86.36CM (34),,0004015-86.36CM(34),3,0,0,0
REBEL MASS EXPORT PVT LTD,AW24FTR0011-0004017 CHARCOAL,0004017-96.52CM(38),96.52CM (38),,0004017-96.52CM(38),3,0,0,0
REBEL MASS EXPORT PVT LTD,AW24FTR0014-0005346 CHARCOAL,0005346-101.6CM(40),101.6CM (40),,0005346-101.6CM(40),3,0,0,0
REBEL MASS EXPORT PVT LTD,AW24FTR0015-0004939 GREY,0004939-76.20CM(30),76.20CM (30),,0004939-76.20CM(30),3,0,0,0
REBEL MASS EXPORT PVT LTD,AW24FTR0015-0004941 GREY,0004941-86.36CM(34),86.36CM (34),,0004941-86.36CM(34),3,0,0,0
REBEL MASS EXPORT PVT LTD,AW24FTR0015-0005219 GREY,0005219-101.6CM(40),101.6CM (40),,0005219-101.6CM(40),3,0,0,0
REBEL MASS EXPORT PVT LTD,AW24FTR0016-0004951 GREY,0004951-76.20CM(30),76.20CM (30),,0004951-76.20CM(30),3,0,0,0
REBEL MASS EXPORT PVT LTD,AW24FTR0020-0004976 NAVY,0004976-81.28CM(32),81.28CM (32),,0004976-81.28CM(32),3,0,0,0
REBEL MASS EXPORT PVT LTD,AW24FTR0020-0004977 NAVY,0004977-86.36CM(34),86.36CM (34),,0004977-86.36CM(34),3,0,0,0
REBEL MASS EXPORT PVT LTD,AW24FTR0021-0004982 NAVY,0004982-81.28CM(32),81.28CM (32),,0004982-81.28CM(32),3,0,0,0
REBEL MASS EXPORT PVT LTD,AW24FTR0021-0004983 NAVY,0004983-86.36CM(34),86.36CM (34),,0004983-86.36CM(34),3,0,0,0
REBEL MASS EXPORT PVT LTD,AW24FTR0025-0005075 NAVY,0005075-76.20CM(30),76.20CM (30),,0005075-76.20CM(30),3,0,0,0
REBEL MASS EXPORT PVT LTD,AW24FTR0030-0006422 D.BLUE,0006422-76.20CM(30),76.20CM (30),,0006422-76.20CM(30),3,0,0,0
REBEL MASS EXPORT PVT LTD,AW24FTR0030-0006426 D.BLUE,0006426-96.52CM(38),96.52CM (38),,0006426-96.52CM(38),3,0,0,0
REBEL MASS EXPORT PVT LTD,AW24FTR0032-0005132 D.BROWN,0005132-71.12CM(28),71.12CM (28),,0005132-71.12CM(28),3,0,0,0
REBEL MASS EXPORT PVT LTD,AW24FTR0033-0005140 MOUSE,0005140-76.20CM(30),76.20CM (30),,0005140-76.20CM(30),3,0,0,0
REBEL MASS EXPORT PVT LTD,AW24FTR0033-0005142 MOUSE,0005142-86.36CM(34),86.36CM (34),,0005142-86.36CM(34),3,0,0,0
REBEL MASS EXPORT PVT LTD,AW24FTR0034-0005154 BLUE,0005154-76.20CM(30),76.20CM (30),,0005154-76.20CM(30),3,0,0,0
REBEL MASS EXPORT PVT LTD,AW24FTR0034-0005157 BLUE,0005157-91.44CM(36),91.44CM(36),,0005157-91.44CM(36),3,0,0,0
REBEL MASS EXPORT PVT LTD,AW24FTR0034-0005158 BLUE,0005158-96.52CM(38),96.52CM (38),,0005158-96.52CM(38),3,0,0,0
REBEL MASS EXPORT PVT LTD,AW24FTR0034-0005159 BLUE,0005159-101.6CM(40),101.6CM (40),,0005159-101.6CM(40),3,0,0,0
REBEL MASS EXPORT PVT LTD,AW24FTR0035-0005169 BLACK,0005169-81.28CM(32),81.28CM (32),,0005169-81.28CM(32),3,0,0,0
REBEL MASS EXPORT PVT LTD,AW24FTR0036-0005179 GREY,0005179-96.52CM(38),96.52CM (38),,0005179-96.52CM(38),3,0,0,0
REBEL MASS EXPORT PVT LTD,AW24FTR0036-0005183 BLUE,0005183-81.28CM(32),81.28CM (32),,0005183-81.28CM(32),3,0,0,0
REBEL MASS EXPORT PVT LTD,AW24FTR0037-0005793 GREY,0005793-76.20CM(30),76.20CM (30),,0005793-76.20CM(30),3,0,0,0
REBEL MASS EXPORT PVT LTD,AW24FTR0037-0005797 GREY,0005797-96.52CM(38),96.52CM (38),,0005797-96.52CM(38),3,0,0,0
REBEL MASS EXPORT PVT LTD,AW24FTR0038-0005799 BLACK,0005799-71.12CM(28),71.12CM (28),,0005799-71.12CM(28),3,0,0,0
REBEL MASS EXPORT PVT LTD,AW24FTR0038-0005805 BLACK,0005805-101.6CM(40),101.6CM (40),,0005805-101.6CM(40),3,0,0,0
REBEL MASS EXPORT PVT LTD,AW24FTR0039-0005810 NAVY,0005810-91.44CM(36),91.44CM (36),,0005810-91.44CM(36),3,0,0,0
REBEL MASS EXPORT PVT LTD,AW24FTR0040-0006587 D.NAVY,0006587-76.20CM(30),76.20CM (30),,0006587-76.20CM(30),3,0,0,0
REBEL MASS EXPORT PVT LTD,AW24FTR0040-0006591 D.NAVY,0006591-96.52CM(38),96.52CM (38),,0006591-96.52CM(38),3,0,0,0
REBEL MASS EXPORT PVT LTD,AW24-JKT0001-0001995 CREAM,0001995-XL,XL,,0001995-XL,3,0,0,0
REBEL MASS EXPORT PVT LTD,AW24-JKT0001-0001996 CREAM,0001996-XXL,XXL,,0001996-XXL,3,0,0,0
REBEL MASS EXPORT PVT LTD,AW24-JKT0001-0001997 CREAM,0001997-3XL,3XL,,0001997-3XL,3,0,0,0
REBEL MASS EXPORT PVT LTD,AW24-JKT0001-0002002 MOUSE,0002002-3XL,3XL,,0002002-3XL,3,0,0,0
REBEL MASS EXPORT PVT LTD,AW24-JKT0002-0002033 D.GREY,0002033-3XL,3XL,,0002033-3XL,3,0,0,0
REBEL MASS EXPORT PVT LTD,AW24-JKT0002-0002036 BLACK,0002036-XL,XL,,0002036-XL,3,0,0,0
REBEL MASS EXPORT PVT LTD,AW24-JKT0002-0002666 NAVY,0002666-M,M,,0002666-M,3,0,0,0
REBEL MASS EXPORT PVT LTD,AW24-JKT0002-0002667 NAVY,0002667-L,L,,0002667-L,3,0,0,0
REBEL MASS EXPORT PVT LTD,AW24-JKT0003-0002043 BLACK/GREY,0002043-3XL,3XL,,0002043-3XL,3,0,0,0
REBEL MASS EXPORT PVT LTD,AW24JKT0003-0002621 BEIGE,0002621-M,M,,0002621-M,3,0,0,0
REBEL MASS EXPORT PVT LTD,AW24JKT0003-0002622 BEIGE,0002622-L,L,,0002622-L,3,0,0,0
REBEL MASS EXPORT PVT LTD,AW24JKT0003-0002627 CREAM,0002627-L,L,,0002627-L,3,0,0,0
REBEL MASS EXPORT PVT LTD,AW24JKT0003-0002639 NAVY,0002639-XXL,XXL,,0002639-XXL,3,0,0,0
REBEL MASS EXPORT PVT LTD,AW24JKT0003-0002642 L.GREY,0002642-L,L,,0002642-L,3,0,0,0
REBEL MASS EXPORT PVT LTD,AW24JKT0003-0002647 KHAKI,0002647-L,L,,0002647-L,3,0,0,0
REBEL MASS EXPORT PVT LTD,AW24JKT0003-0005212 OLIVE,0005212-M,M,,0005212-M,3,0,0,0
REBEL MASS EXPORT PVT LTD,AW24JKT0003-0005213 OLIVE,0005213-L,L,,0005213-L,3,0,0,0
REBEL MASS EXPORT PVT LTD,AW24JKT0003-0005214 OLIVE,0005214-XL,XL,,0005214-XL,3,0,0,0
REBEL MASS EXPORT PVT LTD,AW24JKT0005-2432 NAVY,2432-M,M,,2432-M,3,0,0,0
REBEL MASS EXPORT PVT LTD,AW24JKT0005-2434 NAVY,2434-XL,XL,,2434-XL,3,0,0,1
REBEL MASS EXPORT PVT LTD,AW24JKT0005-2441 MOUSE,2441-L,L,,2441-L,3,0,0,0
REBEL MASS EXPORT PVT LTD,AW24JKT0006-0002477 KHAKI,0002477-L,L,,0002477-L,3,0,0,0
REBEL MASS EXPORT PVT LTD,AW24JKT0006-0002651 CREAM,0002651-M,M,,0002651-M,3,0,0,0
REBEL MASS EXPORT PVT LTD,AW24JKT0007-0002481 GREY,0002481-M,M,,0002481-M,3,0,0,0
REBEL MASS EXPORT PVT LTD,AW24JKT0007-0002482 GREY,0002482-L,L,,0002482-L,3,0,0,0
REBEL MASS EXPORT PVT LTD,AW24JKT0007-0002487 SKY BLUE,0002487-L,L,,0002487-L,3,0,0,0
REBEL MASS EXPORT PVT LTD,AW24JKT0007-0002488 SKY BLUE,0002488-XL,XL,,0002488-XL,3,0,0,0
REBEL MASS EXPORT PVT LTD,AW24JKT0008-0002499 D.GREY,0002499-XXL,XXL,,0002499-XXL,3,0,0,0
REBEL MASS EXPORT PVT LTD,AW24JKT0008-0002662 BEIGE,0002662-L,L,,0002662-L,3,0,0,0
REBEL MASS EXPORT PVT LTD,AW24JKT0008-0002663 BEIGE,0002663-XL,XL,,0002663-XL,3,0,0,0
REBEL MASS EXPORT PVT LTD,AW24JKT0012-0004462 BEIGE,0004462-XL,XL,,0004462-XL,3,0,0,0
REBEL MASS EXPORT PVT LTD,AW24JKT0012-0004466 NAVY,0004466-XL,XL,,0004466-XL,3,0,0,0
REBEL MASS EXPORT PVT LTD,AW24JKT0013-0004746 KHAKI,0004746-XL,XL,,0004746-XL,3,0,0,0
REBEL MASS EXPORT PVT LTD,AW24LC0001-0002780 OLIVE,0002780-91.44CM(36),91.44CM (36),,0002780-91.44CM(36),3,0,0,0
REBEL MASS EXPORT PVT LTD,AW24LC0001-0002782 OLIVE,0002782-101.6CM(40),101.6CM (40),,0002782-101.6CM(40),3,0,0,0
REBEL MASS EXPORT PVT LTD,AW24LC0001-0002796 TAN,0002796-111.76CM(44),111.76CM (44),,0002796-111.76CM(44),3,0,0,0
REBEL MASS EXPORT PVT LTD,AW24LC0002-0002804 D.GREY,0002804-91.44CM(36),91.44CM (36),,0002804-91.44CM(36),3,0,0,0
REBEL MASS EXPORT PVT LTD,AW24PO0001-0003566 BLUE,0003566-M,M,,0003566-M,3,0,0,0
REBEL MASS EXPORT PVT LTD,AW24PO0002-0003575 BLACK,0003575-M,M,,0003575-M,3,0,0,0
REBEL MASS EXPORT PVT LTD,AW24PO0002-0003577 BLACK,0003577-XL,XL,,0003577-XL,3,0,0,0
REBEL MASS EXPORT PVT LTD,AW24S20001-0004290 BLK/GREY.,0004290-106.68CM(42),106.68CM (42),,0004290-106.68CM(42),3,0,0,0
REBEL MASS EXPORT PVT LTD,AW24S20002-0004887 GREY,0004887-111.76CM(44),111.76CM (44),,0004887-111.76CM(44),3,0,0,0
REBEL MASS EXPORT PVT LTD,AW24S30001-0003830 WINE,0003830-106.68CM(42),106.68CM (42),,0003830-106.68CM(42),3,0,0,0
REBEL MASS EXPORT PVT LTD,AW24S30001-0003832 CHARCOAL,0003832-96.52CM(38),96.52CM (38),,0003832-96.52CM(38),3,0,0,0
REBEL MASS EXPORT PVT LTD,AW24S30004-0004148 CHARCOAL,0004148-101.6CM(40),101.6CM (40),,0004148-101.6CM(40),3,0,0,0
REBEL MASS EXPORT PVT LTD,AW24S30005-0004108 FAWN,0004108-106.68CM(42),106.68CM (42),,0004108-106.68CM(42),3,0,0,0
REBEL MASS EXPORT PVT LTD,AW24S30005-0004115 BLACK,0004115-101.6CM(40),101.6CM (40),,0004115-101.6CM(40),3,0,0,0
REBEL MASS EXPORT PVT LTD,AW24S30005-0004117 BLACK,0004117-111.76CM(44),111.76CM (44),,0004117-111.76CM(44),3,0,0,0
REBEL MASS EXPORT PVT LTD,AW24S30005-0004120 PISTA GREEN,0004120-106.68CM(42),106.68CM (42),,0004120-106.68CM(42),3,0,0,0
REBEL MASS EXPORT PVT LTD,AW24S30005-0004124 GREY,0004124-106.68CM(42),106.68CM (42),,0004124-106.68CM(42),3,0,0,0
REBEL MASS EXPORT PVT LTD,AW24S30006-0004153 WINE,0004153-106.68CM(42),106.68CM (42),,0004153-106.68CM(42),3,0,0,0
REBEL MASS EXPORT PVT LTD,AW24S30007-0004245 BLACK,0004245-106.68CM(42),106.68CM (42),,0004245-106.68CM(42),3,0,0,0
REBEL MASS EXPORT PVT LTD,AW24SH0001-0002010 ECRU,0002010-XL,XL,,0002010-XL,3,0,0,0
REBEL MASS EXPORT PVT LTD,AW24SH0001-0002060 PEACH,0002060-XXL,XXL,,0002060-XXL,3,0,0,0
REBEL MASS EXPORT PVT LTD,AW24SH0001-0002067 SEA GREEN,0002067-XL,XL,,0002067-XL,3,0,0,0
REBEL MASS EXPORT PVT LTD,AW24SH0001-0002222 PISTA,0002222-L,L,,0002222-L,3,0,0,0
REBEL MASS EXPORT PVT LTD,AW24SH0001-0002223 PISTA,0002223-XL,XL,,0002223-XL,3,0,0,0
REBEL MASS EXPORT PVT LTD,AW24SH0001-0002960 SEA GREEN,0002960-XL,XL,,0002960-XL,3,0,0,0
REBEL MASS EXPORT PVT LTD,AW24SH0001-0002961 SEA GREEN,0002961-XXL,XXL,,0002961-XXL,3,0,0,0
REBEL MASS EXPORT PVT LTD,AW24SH0003-0002077 GREY,0002077-M,M,,0002077-M,3,0,0,0
REBEL MASS EXPORT PVT LTD,AW24SH0003-0002079 GREY,0002079-XL,XL,,0002079-XL,3,0,0,0
REBEL MASS EXPORT PVT LTD,AW24SH0003-0002084 SEA GREEN,0002084-XXL,XXL,,0002084-XXL,3,0,0,0
REBEL MASS EXPORT PVT LTD,AW24SH0004-0002085 OLIVE,0002085-M,M,,0002085-M,3,0,0,0
REBEL MASS EXPORT PVT LTD,AW24SH0004-0002090 PINK,0002090-L,L,,0002090-L,3,0,0,0
REBEL MASS EXPORT PVT LTD,AW24SH0005-0002094 CREAM,0002094-L,L,,0002094-L,3,0,0,0
REBEL MASS EXPORT PVT LTD,AW24SH0005-0002099 BLUE,0002099-XL,XL,,0002099-XL,3,0,0,0
REBEL MASS EXPORT PVT LTD,AW24SH0006-0002105 SEA BROWN,0002105-M,M,,0002105-M,3,0,0,0
REBEL MASS EXPORT PVT LTD,AW24SH0006-0002107 SEA BROWN,0002107-XL,XL,,0002107-XL,3,0,0,0
REBEL MASS EXPORT PVT LTD,AW24SH0006-0002108 SEA BROWN,0002108-XXL,XXL,,0002108-XXL,3,0,0,0
REBEL MASS EXPORT PVT LTD,AW24SH0007-0002111 SKY BLUE,0002111-XL,XL,,0002111-XL,3,0,0,0
REBEL MASS EXPORT PVT LTD,AW24SH0007-0002116 TURQ,0002116-XL,XL,,0002116-XL,3,0,0,0
REBEL MASS EXPORT PVT LTD,AW24SH0007-0002118 TURQ,0002118-3XL,3XL,,0002118-3XL,3,0,0,0
REBEL MASS EXPORT PVT LTD,AW24SH0007-0002122 NAVY,0002122-XXL,XXL,,0002122-XXL,3,0,0,0
REBEL MASS EXPORT PVT LTD,AW24SH0007-0002129 WINE,0002129-M,M,,0002129-M,3,0,0,0
REBEL MASS EXPORT PVT LTD,AW24SH0007-0002138 COFFEE,0002138-3XL,3XL,,0002138-3XL,3,0,0,0
REBEL MASS EXPORT PVT LTD,AW24SH0007-0002140 WHITE,0002140-L,L,,0002140-L,3,0,0,0
REBEL MASS EXPORT PVT LTD,AW24SH0007-0002142 WHITE,0002142-XXL,XXL,,0002142-XXL,3,0,0,0
REBEL MASS EXPORT PVT LTD,AW24SH0007-0002502 BEIGE,0002502-L,L,,0002502-L,3,0,0,0
REBEL MASS EXPORT PVT LTD,AW24SH0008-0002149 TEAL,0002149-M,M,,0002149-M,3,0,0,0
REBEL MASS EXPORT PVT LTD,AW24SH0008-0002152 TEAL,0002152-XXL,XXL,,0002152-XXL,3,0,0,0
REBEL MASS EXPORT PVT LTD,AW24SH0008-0002156 WHITE,0002156-XL,XL,,0002156-XL,3,0,0,0
REBEL MASS EXPORT PVT LTD,AW24SH0008-0002157 WHITE,0002157-XXL,XXL,,0002157-XXL,3,0,0,0
REBEL MASS EXPORT PVT LTD,AW24SH0008-0002161 BEIGE,0002161-XL,XL,,0002161-XL,3,0,0,0
REBEL MASS EXPORT PVT LTD,AW24SH0013-0004654 BLUE,0004654-XL,XL,,0004654-XL,3,0,0,0
REBEL MASS EXPORT PVT LTD,AW24SH0016-0002228 TURQ,0002228-XXL,XXL,,0002228-XXL,3,0,0,0
REBEL MASS EXPORT PVT LTD,AW24SH0018-0002247 BLUE,0002247-XL,XL,,0002247-XL,3,0,0,0
REBEL MASS EXPORT PVT LTD,AW24SH0018-0002248 BLUE,0002248-XXL,XXL,,0002248-XXL,3,0,0,0
REBEL MASS EXPORT PVT LTD,AW24SH0019-0002252 CREAM,0002252-XXL,XXL,,0002252-XXL,3,0,0,0
REBEL MASS EXPORT PVT LTD,AW24SH0019-0002255 BLUE,0002255-XL,XL,,0002255-XL,3,0,0,0
REBEL MASS EXPORT PVT LTD,AW24SH0020-0002258 LEMON,0002258-L,L,,0002258-L,3,0,0,0
REBEL MASS EXPORT PVT LTD,AW24SH0021-0002288 CREAM,0002288-XXL,XXL,,0002288-XXL,3,0,0,0
REBEL MASS EXPORT PVT LTD,AW24SH0021-0002289 M..GREEN,0002289-M,M,,0002289-M,3,0,0,0
REBEL MASS EXPORT PVT LTD,AW24SH0021-0002294 GREEN,0002294-L,L,,0002294-L,3,0,0,0
REBEL MASS EXPORT PVT LTD,AW24SH0021-0002295 GREEN,0002295-XL,XL,,0002295-XL,3,0,0,0
REBEL MASS EXPORT PVT LTD,AW24SH0021-0002312 FAWN,0002312-XXL,XXL,,0002312-XXL,3,0,0,0
REBEL MASS EXPORT PVT LTD,AW24SH0021-0002314 L.GREY,0002314-L,L,,0002314-L,3,0,0,0
REBEL MASS EXPORT PVT LTD,AW24SH0021-0002320 YELLOW,0002320-XXL,XXL,,0002320-XXL,3,0,0,0
REBEL MASS EXPORT PVT LTD,AW24SH0021-0002356 GREY,0002356-XXL,XXL,,0002356-XXL,3,0,0,0
REBEL MASS EXPORT PVT LTD,AW24SH0021-0002359 CHARCOAL,0002359-XL,XL,,0002359-XL,3,0,0,0
REBEL MASS EXPORT PVT LTD,AW24SH0022-0002325 GREEN,0002325-M,M,,0002325-M,3,0,0,0
REBEL MASS EXPORT PVT LTD,AW24SH0022-0002328 GREEN,0002328-XXL,XXL,,0002328-XXL,3,0,0,0
REBEL MASS EXPORT PVT LTD,AW24SH0023-0002333 OLIVE,0002333-M,M,,0002333-M,3,0,0,0
REBEL MASS EXPORT PVT LTD,AW24SH0023-0002334 OLIVE,0002334-L,L,,0002334-L,3,0,0,0
REBEL MASS EXPORT PVT LTD,AW24SH0027-0002349 L.BLUE,0002349-M,M,,0002349-M,3,0,0,0
REBEL MASS EXPORT PVT LTD,AW24SH0029-0002969 GREEN,0002969-XXL,XXL,,0002969-XXL,3,0,0,0
REBEL MASS EXPORT PVT LTD,AW24SH0030-0002385 AQUA.,0002385-M,M,,0002385-M,3,0,0,0
REBEL MASS EXPORT PVT LTD,AW24SH0031-0002018 PEACH,0002018-XL,XL,,0002018-XL,3,0,0,0
REBEL MASS EXPORT PVT LTD,AW24SH0031-0002674 LEMON,0002674-XXL,XXL,,0002674-XXL,3,0,0,0
REBEL MASS EXPORT PVT LTD,AW24SH0033-0002712 BLACK,0002712-L,L,,0002712-L,3,0,0,0
REBEL MASS EXPORT PVT LTD,AW24SH0034-0002718 BEIGE,0002718-XXL,XXL,,0002718-XXL,3,0,0,0
REBEL MASS EXPORT PVT LTD,AW24SH0035-0002736 GREEN,0002736-L,L,,0002736-L,3,0,0,0
REBEL MASS EXPORT PVT LTD,AW24SH0035-0002738 GREEN,0002738-XXL,XXL,,0002738-XXL,3,0,0,0
REBEL MASS EXPORT PVT LTD,AW24SH0035-0002740 ORANGE,0002740-L,L,,0002740-L,3,0,0,0
REBEL MASS EXPORT PVT LTD,AW24SH0037-0002882 RUST,0002882-M,M,,0002882-M,3,0,0,0
REBEL MASS EXPORT PVT LTD,AW24SH0037-0002886 BLUE,0002886-M,M,,0002886-M,3,0,0,0
REBEL MASS EXPORT PVT LTD,AW24SH0037-0002891 D.GREY,0002891-L,L,,0002891-L,3,0,0,0
REBEL MASS EXPORT PVT LTD,AW24SH0037-0002893 D.GREY,0002893-XXL,XXL,,0002893-XXL,3,0,0,0
REBEL MASS EXPORT PVT LTD,AW24SH0037-0002897 BEIGE,0002897-XXL,XXL,,0002897-XXL,3,0,0,0
REBEL MASS EXPORT PVT LTD,AW24SH0038-0002922 BEIGE,0002922-M,M,,0002922-M,3,0,0,0
REBEL MASS EXPORT PVT LTD,AW24SH0038-0002929 SKY BLUE,0002929-XXL,XXL,,0002929-XXL,3,0,0,0
REBEL MASS EXPORT PVT LTD,AW24SH0039-0002930 LEMON,0002930-M,M,,0002930-M,3,0,0,0
REBEL MASS EXPORT PVT LTD,AW24SH0041-0002951 BLUE,0002951-L,L,,0002951-L,3,0,0,0
REBEL MASS EXPORT PVT LTD,AW24SH0041-0002957 WHITE,0002957-XXL,XXL,,0002957-XXL,3,0,0,0
REBEL MASS EXPORT PVT LTD,AW24SH0041-0004661 D.BLUE,0004661-L,L,,0004661-L,3,0,0,0
REBEL MASS EXPORT PVT LTD,AW24SH0045-0002987 GREY,0002987-L,L,,0002987-L,3,0,0,0
REBEL MASS EXPORT PVT LTD,AW24SH0046-0003219 PEACH,0003219-XXL,XXL,,0003219-XXL,3,0,0,0
REBEL MASS EXPORT PVT LTD,AW24SH0046-0003240 BEIGE,0003240-M,M,,0003240-M,3,0,0,0
REBEL MASS EXPORT PVT LTD,AW24SH0046-0003244 BLUE,0003244-M,M,,0003244-M,3,0,0,0
REBEL MASS EXPORT PVT LTD,AW24SH0048-0003256 L.GREY,0003256-M,M,,0003256-M,3,0,0,0
REBEL MASS EXPORT PVT LTD,AW24SH0048-0003259 L.GREY,0003259-XXL,XXL,,0003259-XXL,3,0,0,0
REBEL MASS EXPORT PVT LTD,AW24SH0048-0003263 BEIGE,0003263-XXL,XXL,,0003263-XXL,3,0,0,0
REBEL MASS EXPORT PVT LTD,AW24SH0049-0003279 WHT/BEIGE,0003279-XXL,XXL,,0003279-XXL,3,0,0,0
REBEL MASS EXPORT PVT LTD,AW24SH0050-0003283 SKY BLUE,0003283-XXL,XXL,,0003283-XXL,3,0,0,0
REBEL MASS EXPORT PVT LTD,AW24SH0051-0003284 BLUE,0003284-M,M,,0003284-M,3,0,0,0
REBEL MASS EXPORT PVT LTD,AW24SH0052-0003292 WHT/PINK,0003292-M,M,,0003292-M,3,0,0,0
REBEL MASS EXPORT PVT LTD,AW24SH0052-0003295 WHT/PINK,0003295-XXL,XXL,,0003295-XXL,3,0,0,0
REBEL MASS EXPORT PVT LTD,AW24SH0052-0003299 PINK,0003299-XXL,XXL,,0003299-XXL,3,0,0,0
REBEL MASS EXPORT PVT LTD,AW24SH0053-0003304 WHT/GREY,0003304-M,M,,0003304-M,3,0,0,0
REBEL MASS EXPORT PVT LTD,AW24SH0060-0003356 WHT/PINK,0003356-M,M,,0003356-M,3,0,0,0
REBEL MASS EXPORT PVT LTD,AW24SH0064-0003918 BEIGE,0003918-M,M,,0003918-M,3,0,0,0
REBEL MASS EXPORT PVT LTD,AW24SH0067-0003955 WHITE,0003955-L,L,,0003955-L,3,0,0,0
REBEL MASS EXPORT PVT LTD,AW24SH0067-0003956 WHITE,0003956-XL,XL,,0003956-XL,3,0,0,0
REBEL MASS EXPORT PVT LTD,AW24SH0071-0004035 WHITE,0004035-XL,XL,,0004035-XL,3,0,0,0
REBEL MASS EXPORT PVT LTD,AW24SH0071-0004036 WHITE,0004036-XXL,XXL,,0004036-XXL,3,0,0,0
REBEL MASS EXPORT PVT LTD,AW24SH0077-0004058 WHITE,0004058-M,M,,0004058-M,3,0,0,0
REBEL MASS EXPORT PVT LTD,AW24SH0078-0004062 WHITE,0004062-M,M,,0004062-M,3,0,0,0
REBEL MASS EXPORT PVT LTD,AW24SH0079-0004071 NAVY,0004071-L,L,,0004071-L,3,0,0,0
REBEL MASS EXPORT PVT LTD,AW24SH0079-0004075 BLACK,0004075-L,L,,0004075-L,3,0,0,0
REBEL MASS EXPORT PVT LTD,AW24SH0083-0004168 BLUE,0004168-L,L,,0004168-L,3,0,0,0
REBEL MASS EXPORT PVT LTD,AW24SH0083-0004191 FAWN,0004191-M,M,,0004191-M,3,0,0,0
REBEL MASS EXPORT PVT LTD,AW24SH0084-0004207 PINK,0004207-M,M,,0004207-M,3,0,0,0
REBEL MASS EXPORT PVT LTD,AW24SH0084-0004211 PISTA,0004211-M,M,,0004211-M,3,0,0,0
REBEL MASS EXPORT PVT LTD,AW24SH0084-0004214 PISTA,0004214-XXL,XXL,,0004214-XXL,3,0,0,0
REBEL MASS EXPORT PVT LTD,AW24SH0085-0004227 KHAKI,0004227-M,M,,0004227-M,3,0,0,0
REBEL MASS EXPORT PVT LTD,AW24SH0085-0004235 BROWN,0004235-M,M,,0004235-M,3,0,0,0
REBEL MASS EXPORT PVT LTD,AW24SH0086-0004504 CHARCOAL,0004504-M,M,,0004504-M,3,0,0,0
REBEL MASS EXPORT PVT LTD,AW24SH0087-0004515 SKY BLUE,0004515-XXL,XXL,,0004515-XXL,3,0,0,0
REBEL MASS EXPORT PVT LTD,AW24SH0089-0004560 SEA GREEN,0004560-M,M,,0004560-M,3,0,0,0
REBEL MASS EXPORT PVT LTD,AW24SH0089-0004576 BLUE,0004576-M,M,,0004576-M,3,0,0,0
REBEL MASS EXPORT PVT LTD,AW24SH0090-0004608 SKY BLUE,0004608-M,M,,0004608-M,3,0,0,0
REBEL MASS EXPORT PVT LTD,AW24SH0092-0004630 WHITE,0004630-XL,XL,,0004630-XL,3,0,0,0
REBEL MASS EXPORT PVT LTD,AW24SH0093-0004644 NAVY,0004644-M,M,,0004644-M,3,0,0,0
REBEL MASS EXPORT PVT LTD,AW24SH0094-0004696 L.GREY,0004696-M,M,,0004696-M,3,0,0,0
REBEL MASS EXPORT PVT LTD,AW24SH0094-0004703 SKY BLUE,0004703-XXL,XXL,,0004703-XXL,3,0,0,0
REBEL MASS EXPORT PVT LTD,AW24SH0094-0004717 NAVY,0004717-L,L,,0004717-L,3,0,0,0
REBEL MASS EXPORT PVT LTD,AW24SH0094-0004718 NAVY,0004718-XL,XL,,0004718-XL,3,0,0,0
REBEL MASS EXPORT PVT LTD,AW24SH0094-0004719 NAVY,0004719-XXL,XXL,,0004719-XXL,3,0,0,0
REBEL MASS EXPORT PVT LTD,AW24SH0096-0004783 BEIGE,0004783-XXL,XXL,,0004783-XXL,3,0,0,0
REBEL MASS EXPORT PVT LTD,AW24SH0096-0004792 WHITE,0004792-M,M,,0004792-M,3,0,0,0
REBEL MASS EXPORT PVT LTD,AW24SH0097-0004806 M.GREEN,0004806-XL,XL,,0004806-XL,3,0,0,0
REBEL MASS EXPORT PVT LTD,AW24SH0097-0004809 WINE,0004809-L,L,,0004809-L,3,0,0,0
REBEL MASS EXPORT PVT LTD,AW24SH0101-0005268 BR/BLUE,0005268-L,L,,0005268-L,3,0,0,0
REBEL MASS EXPORT PVT LTD,AW24SH0104-0005287 GREY,0005287-M,M,,0005287-M,3,0,0,0
REBEL MASS EXPORT PVT LTD,AW24SH0105-0005301 WHT/BEIGE,0005301-XL,XL,,0005301-XL,3,0,0,0
REBEL MASS EXPORT PVT LTD,AW24SH0105-0005302 WHT/BEIGE,0005302-XXL,XXL,,0005302-XXL,3,0,0,0
REBEL MASS EXPORT PVT LTD,AW24SH0105-0005353 GREY,0005353-XXL,XXL,,0005353-XXL,3,0,0,0
REBEL MASS EXPORT PVT LTD,AW24SH0108-0005341 BEIGE,0005341-XXL,XXL,,0005341-XXL,3,0,0,0
REBEL MASS EXPORT PVT LTD,AW24SH0110-0005471 NAVY,0005471-XXL,XXL,,0005471-XXL,3,0,0,0
REBEL MASS EXPORT PVT LTD,AW24SH0113-0005495 RED,0005495-XXL,XXL,,0005495-XXL,3,0,0,0
REBEL MASS EXPORT PVT LTD,AW24SH0114-0005500 NAVY,0005500-M,M,,0005500-M,3,0,0,0
REBEL MASS EXPORT PVT LTD,AW24SH0116-0005512 BLACK,0005512-M,M,,0005512-M,3,0,0,0
REBEL MASS EXPORT PVT LTD,AW24SH0116-0005519 NAVY,0005519-XXL,XXL,,0005519-XXL,3,0,0,0
REBEL MASS EXPORT PVT LTD,AW24SH0117-0005527 FIROZI,0005527-XXL,XXL,,0005527-XXL,3,0,0,0
REBEL MASS EXPORT PVT LTD,AW24SH0118-0005528 KHAKI,0005528-M,M,,0005528-M,3,0,0,0
REBEL MASS EXPORT PVT LTD,AW24SH0127-0005646 SKY BLUE,0005646-XXL,XXL,,0005646-XXL,3,0,0,0
REBEL MASS EXPORT PVT LTD,AW24SH0129-0005654 SKY BLUE,0005654-XXL,XXL,,0005654-XXL,3,0,0,0
REBEL MASS EXPORT PVT LTD,AW24SH0153-0005889 NAVY,0005889-M,M,,0005889-M,3,0,0,0
REBEL MASS EXPORT PVT LTD,AW24SH0157-0005946 OLIVE,0005946-L,L,,0005946-L,3,0,0,0
REBEL MASS EXPORT PVT LTD,AW24SH0158-0005953 GREY,0005953-M,M,,0005953-M,3,0,0,0
REBEL MASS EXPORT PVT LTD,AW24SH0161-0005977 LEMON,0005977-M,M,,0005977-M,3,0,0,0
REBEL MASS EXPORT PVT LTD,AW24SH0161-0005988 PEACH,0005988-XXL,XXL,,0005988-XXL,3,0,0,0
REBEL MASS EXPORT PVT LTD,AW24SH0161-0005997 T.BLUE,0005997-M,M,,0005997-M,3,0,0,0
REBEL MASS EXPORT PVT LTD,AW24SH0162-0006001 LEMON,0006001-M,M,,0006001-M,3,0,0,0
REBEL MASS EXPORT PVT LTD,AW24SH0162-0006004 LEMON,0006004-XXL,XXL,,0006004-XXL,3,0,0,0
REBEL MASS EXPORT PVT LTD,AW24SH0162-0006009 PINK,0006009-M,M,,0006009-M,3,0,0,0
REBEL MASS EXPORT PVT LTD,AW24SH0163-0006041 PEACH,0006041-M,M,,0006041-M,3,0,0,0
REBEL MASS EXPORT PVT LTD,AW24SH0177-0006148 SKY BLUE,0006148-XXL,XXL,,0006148-XXL,3,0,0,0
REBEL MASS EXPORT PVT LTD,AW24SH0178-0006156 SKY BLUE,0006156-XXL,XXL,,0006156-XXL,3,0,0,0
REBEL MASS EXPORT PVT LTD,AW24SH0179-0006173 T.GREEN,0006173-M,M,,0006173-M,3,0,0,0
REBEL MASS EXPORT PVT LTD,AW24SH0183-0006228 GREY,0006228-XXL,XXL,,0006228-XXL,3,0,0,0
REBEL MASS EXPORT PVT LTD,AW24SH0183-0006231 BEIGE,0006231-XL,XL,,0006231-XL,3,0,0,0
REBEL MASS EXPORT PVT LTD,AW24SH0185-0006241 KHAKI,0006241-M,M,,0006241-M,3,0,0,0
REBEL MASS EXPORT PVT LTD,AW24SH0185-0006248 BEIGE,0006248-XXL,XXL,,0006248-XXL,3,0,0,0
REBEL MASS EXPORT PVT LTD,AW24SH0188-0006266 BLUE,0006266-L,L,,0006266-L,3,0,0,0
REBEL MASS EXPORT PVT LTD,AW24SH0188-0006267 BLUE,0006267-XL,XL,,0006267-XL,3,0,0,0
REBEL MASS EXPORT PVT LTD,AW24SH0188-0006272 PINK,0006272-XXL,XXL,,0006272-XXL,3,0,0,0
REBEL MASS EXPORT PVT LTD,AW24SH0189-0006286 NAVY,0006286-L,L,,0006286-L,3,0,0,0
REBEL MASS EXPORT PVT LTD,AW24SH0190-0006292 GREY,0006292-XXL,XXL,,0006292-XXL,3,0,0,0
REBEL MASS EXPORT PVT LTD,AW24SH0190-0006293 OLIVE,0006293-M,M,,0006293-M,3,0,0,0
REBEL MASS EXPORT PVT LTD,AW24SH0191-0006298 D.NAVY,0006298-L,L,,0006298-L,3,0,0,0
REBEL MASS EXPORT PVT LTD,AW24SH0192-0006305 MAHROON,0006305-M,M,,0006305-M,3,0,0,0
REBEL MASS EXPORT PVT LTD,AW24SH0192-0006306 MAHROON,0006306-L,L,,0006306-L,3,0,0,0
REBEL MASS EXPORT PVT LTD,AW24SH0192-0006308 MAHROON,0006308-XXL,XXL,,0006308-XXL,3,0,0,0
REBEL MASS EXPORT PVT LTD,AW24SH0192-0006310 B.GREEN,0006310-L,L,,0006310-L,3,0,0,0
REBEL MASS EXPORT PVT LTD,AW24SH0192-0006311 B.GREEN,0006311-XL,XL,,0006311-XL,3,0,0,0
REBEL MASS EXPORT PVT LTD,AW24SH0192-0006312 B.GREEN,0006312-XXL,XXL,,0006312-XXL,3,0,0,0
REBEL MASS EXPORT PVT LTD,AW24SK0001-0002447 CREAM,0002447-XXL,XXL,,0002447-XXL,3,0,0,0
REBEL MASS EXPORT PVT LTD,AW24SK0001-0002456 ONION,0002456-M,M,,0002456-M,3,0,0,0
REBEL MASS EXPORT PVT LTD,AW24SK0001-0002460 L.PURPLE.,0002460-M,M,,0002460-M,3,0,0,0
REBEL MASS EXPORT PVT LTD,AW24SS0019-0005364 MUSTARD,0005364-XL,XL,,0005364-XL,3,0,0,0
REBEL MASS EXPORT PVT LTD,AW24SS0019-0005365 MUSTARD,0005365-XXL,XXL,,0005365-XXL,3,0,0,0
REBEL MASS EXPORT PVT LTD,AW24SS0020-0006313 CREAM,0006313-M,M,,0006313-M,3,0,0,0
REBEL MASS EXPORT PVT LTD,AW24SS0020-0006316 CREAM,0006316-XXL,XXL,,0006316-XXL,3,0,0,0
REBEL MASS EXPORT PVT LTD,AW24SS0021-0006336 GREY,0006336-XXL,XXL,,0006336-XXL,3,0,0,0
REBEL MASS EXPORT PVT LTD,AW24SS0022-0006345 ORANGE,0006345-M,M,,0006345-M,3,0,0,0
REBEL MASS EXPORT PVT LTD,AW24SS0023-0006369 OLIVE,0006369-M,M,,0006369-M,3,0,0,0
REBEL MASS EXPORT PVT LTD,AW24SS0024-0006509 D..NAVY,0006509-L,L,,0006509-L,3,0,0,0
REBEL MASS EXPORT PVT LTD,AW24TK0001-0004307 ANTRA,0004307-XL,XL,,0004307-XL,3,0,0,0
REBEL MASS EXPORT PVT LTD,AW24TK0003-0006357 BROWN,0006357-M,M,,0006357-M,3,0,0,1
REBEL MASS EXPORT PVT LTD,AW24TK0003-0006360 BROWN,0006360-XXL,XXL,,0006360-XXL,3,0,0,1
REBEL MASS EXPORT PVT LTD,AW24TS0001-0002164 BLUE,0002164-S,S,,0002164-S,3,0,0,0
REBEL MASS EXPORT PVT LTD,AW24TS0002-0006381 NAVY,0006381-M,M,,0006381-M,3,0,0,0
REBEL MASS EXPORT PVT LTD,AW24TS0003-0006394 OLIVE,0006394-L,L,,0006394-L,3,0,0,0
REBEL MASS EXPORT PVT LTD,AW24TS0003-0006395 OLIVE,0006395-XL,XL,,0006395-XL,3,0,0,0
REBEL MASS EXPORT PVT LTD,AW24TX0002-0004326 GREEN,0004326-96.52CM(38),96.52CM (38),,0004326-96.52CM(38),3,0,0,0
REBEL MASS EXPORT PVT LTD,AW24WL0002-0003787 MAROON,0003787-XXL,XXL,,0003787-XXL,3,0,0,0
REBEL MASS EXPORT PVT LTD,BELT0001-0001795 BLACK,0001795-120CM,120 CM,,0001795-120CM,3,0,0,0
REBEL MASS EXPORT PVT LTD,BELT0004-0001838 BLACK,0001838-110CM,110 CM,,0001838-110CM,3,0,0,0
REBEL MASS EXPORT PVT LTD,BELT0004-0001844 BROWN,0001844-115CM,115 CM,,0001844-115CM,3,0,0,0
REBEL MASS EXPORT PVT LTD,BELT0005-0001852 BROWN,0001852-130CM,130 CM,,0001852-130CM,3,0,0,0
REBEL MASS EXPORT PVT LTD,BELT0007-0001858 DARK BROWN,0001858-110CM,110 CM,,0001858-110CM,3,0,0,0
REBEL MASS EXPORT PVT LTD,BELT0008-0001869 ALL BROWN,0001869-104CM,104 CM,,0001869-104CM,3,0,0,0
REBEL MASS EXPORT PVT LTD,BELT0008-0001871 ALL BROWN,0001871-115CM,115 CM,,0001871-115CM,3,0,0,0
REBEL MASS EXPORT PVT LTD,BELT0009-0001876 BLACK,0001876-120CM,120 CM,,0001876-120CM,3,0,0,0
REBEL MASS EXPORT PVT LTD,BELT25-18-0003-0008055 BROWN,0008055-120CM,120 CM,BROWN,0008055-120CM,3,0,0,0
REBEL MASS EXPORT PVT LTD,BLZ25-0009 BLACK,DA0808-101.6CM(40),101.6CM (40),,DA0808-101.6CM(40),3,0,0,0
REBEL MASS EXPORT PVT LTD,BLZ25-0010 CHARCOLE/GREY,DA0862-111.76CM(44),111.76CM (44),,DA0862-111.76CM(44),3,0,0,0
REBEL MASS EXPORT PVT LTD,BLZ25-0010 GREY,DA0867-111.76CM(44),111.76CM (44),,DA0867-111.76CM(44),3,0,0,0
REBEL MASS EXPORT PVT LTD,BLZ25-0010 KHAKI,DA0868-91.44CM(36),91.44CM (36),,DA0868-91.44CM(36),3,0,0,0
REBEL MASS EXPORT PVT LTD,BLZ25-0012 GREY/BLK,DA0922-127CM(50),127CM (50),,DA0922-127CM(50),3,0,0,0
REBEL MASS EXPORT PVT LTD,BLZ25-0016 NAVY,DA1414-111.76CM(44),111.76CM (44),,DA1414-111.76CM(44),3,0,0,0
REBEL MASS EXPORT PVT LTD,BLZ25-0016 NAVY,DA1411-96.52CM(38),96.52CM (38),,DA1411-96.52CM(38),3,0,0,0
REBEL MASS EXPORT PVT LTD,BLZ25-0021 BEIGE/KHAKI,DA3392-1116.86CM(46),1116.86CM (46),,DA3392-1116.86CM(46),3,0,0,0
REBEL MASS EXPORT PVT LTD,BLZ25-0021 LT.GREY,DA3390-121.92CM(48),121.92CM (48),,DA3390-121.92CM(48),3,0,0,0
REBEL MASS EXPORT PVT LTD,BLZ25-0022 BLACK MELANGE,DA3436-106.68CM(42),106.68CM (42),,DA3436-106.68CM(42),3,0,0,0
REBEL MASS EXPORT PVT LTD,BLZ25-0022 BLUE MELANGE,DA3440-106.68CM(42),106.68CM (42),,DA3440-106.68CM(42),3,0,0,0
REBEL MASS EXPORT PVT LTD,BLZ25-0022 BLUE MELANGE,DA3441-111.76CM(44),111.76CM (44),,DA3441-111.76CM(44),3,0,0,0
REBEL MASS EXPORT PVT LTD,BLZ25-40-0002-0008140 NAVY,0008140-91.44CM(36),91.44CM(36),,0008140-91.44CM(36),3,0,0,0
REBEL MASS EXPORT PVT LTD,BLZ25-40-0002-0008144 NAVY,0008144-111.76CM(44),111.76CM (44),,0008144-111.76CM(44),3,0,0,0
REBEL MASS EXPORT PVT LTD,BLZ25-40-0004-0008150 GREY,0008150-91.44CM(36),91.44CM(36),,0008150-91.44CM(36),3,0,0,0
REBEL MASS EXPORT PVT LTD,BLZ25-40-0005-0008155 BROWN,0008155-91.44CM(36),91.44CM(36),,0008155-91.44CM(36),3,0,0,0
REBEL MASS EXPORT PVT LTD,CJKT25-15-0001-0007115 GREY,0007115-XL,XL,,0007115-XL,3,0,0,0
REBEL MASS EXPORT PVT LTD,CJKT25-15-0001-0007118 NAVY,0007118-L,L,,0007118-L,3,0,0,0
REBEL MASS EXPORT PVT LTD,CJKT25-15-0001-0007172 BLACK,0007172-XXL,XXL,,0007172-XXL,3,0,0,0
REBEL MASS EXPORT PVT LTD,CJKT25-15-0001-0007198 RED,0007198-L,L,,0007198-L,3,0,0,0
REBEL MASS EXPORT PVT LTD,CRC25-0001-0007602 OLIVE,0007602-101.6CM(40),101.6CM (40),,0007602-101.6CM(40),3,0,0,0
REBEL MASS EXPORT PVT LTD,CRC25-0002-0006807 CREAM,0006807-76.20CM(30),76.20CM (30),,0006807-76.20CM(30),3,0,0,0
REBEL MASS EXPORT PVT LTD,CRC25-0002-0006823 NAVY,0006823-96.52CM(38),96.52CM (38),,0006823-96.52CM(38),3,0,0,0
REBEL MASS EXPORT PVT LTD,CRC25-0002-0007628 L.GREY,0007628-81.28CM(32),81.28CM (32),,0007628-81.28CM(32),3,0,0,0
REBEL MASS EXPORT PVT LTD,CRC25-0002-0007629 L.GREY,0007629-86.36CM(34),86.36CM (34),,0007629-86.36CM(34),3,0,0,0
REBEL MASS EXPORT PVT LTD,CRC25-0002-0007635 STEAL GREY,0007635-86.36CM(34),86.36CM (34),,0007635-86.36CM(34),3,0,0,0
REBEL MASS EXPORT PVT LTD,CRC25-0002-0007636 STEAL GREY,0007636-91.44CM(36),91.44CM (36),,0007636-91.44CM(36),3,0,0,0
REBEL MASS EXPORT PVT LTD,CRC25-0002-0007637 STEAL GREY,0007637-96.52CM(38),96.52CM (38),,0007637-96.52CM(38),3,0,0,0
REBEL MASS EXPORT PVT LTD,CRC25-0002-0007638 STEAL GREY,0007638-101.6CM(40),101.6CM (40),,0007638-101.6CM(40),3,0,0,0
REBEL MASS EXPORT PVT LTD,CRC25-0002-0007639 OLIVE,0007639-76.20CM(30),76.20CM (30),,0007639-76.20CM(30),3,0,0,0
REBEL MASS EXPORT PVT LTD,CRC25-0004 BLACK,DA0047-91.44CM(36),91.44CM (36),,DA0047-91.44CM(36),3,0,0,0
REBEL MASS EXPORT PVT LTD,CRC25-0004 GREEN,DA0011-91.44CM(36),91.44CM (36),,DA0011-91.44CM(36),3,0,0,0
REBEL MASS EXPORT PVT LTD,CRC25-0004 ICE BLUE,DA0001-71.12CM(28),71.12CM (28),,DA0001-71.12CM(28),3,0,0,0
REBEL MASS EXPORT PVT LTD,CRC25-0004 ICE BLUE,DA0006-96.52CM(38),96.52CM (38),,DA0006-96.52CM(38),3,0,0,0
REBEL MASS EXPORT PVT LTD,CRC25-0004 L.GREEN,DA0475-91.44CM(36),91.44CM (36),,DA0475-91.44CM(36),3,0,0,0
REBEL MASS EXPORT PVT LTD,CRC25-0004 L.YELLOW,DA0060-96.52CM(38),96.52CM (38),,DA0060-96.52CM(38),3,0,0,0
REBEL MASS EXPORT PVT LTD,CRC25-0004 NAVY,DA0040-86.36CM(34),86.36CM (34),,DA0040-86.36CM(34),3,0,0,0
REBEL MASS EXPORT PVT LTD,CRC25-0004 NAVY,DA0041-91.44CM(36),91.44CM (36),,DA0041-91.44CM(36),3,0,0,0
REBEL MASS EXPORT PVT LTD,CRC25-0004 WHITE,DA0053-91.44CM(36),91.44CM (36),,DA0053-91.44CM(36),3,0,0,0
REBEL MASS EXPORT PVT LTD,CRC25-0004A MUSTARD,DA0219-71.12CM(28),71.12CM (28),,DA0219-71.12CM(28),3,0,0,0
REBEL MASS EXPORT PVT LTD,CRC25-0005 BLACK,DA0244-76.20CM(30),76.20CM (30),,DA0244-76.20CM(30),3,0,0,0
REBEL MASS EXPORT PVT LTD,CRC25-0005 D.GREY,DA0260-96.52CM(38),96.52CM (38),,DA0260-96.52CM(38),3,0,0,0
REBEL MASS EXPORT PVT LTD,CRC25-0005 GREY,DA0261-71.12CM(28),71.12CM (28),,DA0261-71.12CM(28),3,0,0,0
REBEL MASS EXPORT PVT LTD,CRC25-0005 GREY,DA0265-91.44CM(36),91.44CM (36),,DA0265-91.44CM(36),3,0,0,0
REBEL MASS EXPORT PVT LTD,CRC25-0005 KHAKI,DA0273-71.12CM(28),71.12CM (28),,DA0273-71.12CM(28),3,0,0,0
REBEL MASS EXPORT PVT LTD,CRC25-0005 KHAKI,DA0274-76.20CM(30),76.20CM (30),,DA0274-76.20CM(30),3,0,0,0
REBEL MASS EXPORT PVT LTD,CRC25-0005 NAVY,DA0249-71.12CM(28),71.12CM (28),,DA0249-71.12CM(28),3,0,0,0
REBEL MASS EXPORT PVT LTD,CRC25-0005 OFF WHITE,DA0236-96.52CM(38),96.52CM (38),,DA0236-96.52CM(38),3,0,0,0
REBEL MASS EXPORT PVT LTD,CRC25-0005 PISTA,DA0237-71.12CM(28),71.12CM (28),,DA0237-71.12CM(28),3,0,0,0
REBEL MASS EXPORT PVT LTD,CRC25-0006 SKY BLUE,DA0319-106.68CM(42),106.68CM (42),,DA0319-106.68CM(42),3,0,0,0
REBEL MASS EXPORT PVT LTD,CRC25-0007 BLACK,DA0367-76.20CM(30),76.20CM (30),,DA0367-76.20CM(30),3,0,0,0
REBEL MASS EXPORT PVT LTD,CRC25-0007 BLACK,DA0370-91.44CM(36),91.44CM (36),,DA0370-91.44CM(36),3,0,0,0
REBEL MASS EXPORT PVT LTD,CRC25-0007 BLACK,DA0371-96.52CM(38),96.52CM (38),,DA0371-96.52CM(38),3,0,0,0
REBEL MASS EXPORT PVT LTD,CRC25-0007 CREAM,DA0354-101.6CM(40),101.6CM (40),,DA0354-101.6CM(40),3,0,0,0
REBEL MASS EXPORT PVT LTD,CRC25-0007 CREAM,DA0349-76.20CM(30),76.20CM (30),,DA0349-76.20CM(30),3,0,0,0
REBEL MASS EXPORT PVT LTD,CRC25-0007 CREAM,DA0352-91.44CM(36),91.44CM (36),,DA0352-91.44CM(36),3,0,0,0
REBEL MASS EXPORT PVT LTD,CRC25-0007 CREAM,DA0353-96.52CM(38),96.52CM (38),,DA0353-96.52CM(38),3,0,0,0
REBEL MASS EXPORT PVT LTD,CRC25-0007 OLIVE,DA0345-101.6CM(40),101.6CM (40),,DA0345-101.6CM(40),3,0,0,0
REBEL MASS EXPORT PVT LTD,CRC25-0008 D.GREY,DA0419-111.76CM(44),111.76CM (44),,DA0419-111.76CM(44),3,0,0,0
REBEL MASS EXPORT PVT LTD,CRC25-0008 D.GREY,DA0412-76.20CM(30),76.20CM (30),,DA0412-76.20CM(30),3,0,0,0
REBEL MASS EXPORT PVT LTD,CRC25-0008 D.GREY,DA0413-81.28CM(32),81.28CM (32),,DA0413-81.28CM(32),3,0,0,0
REBEL MASS EXPORT PVT LTD,CRC25-0008 GREEN,DA0404-81.28CM(32),81.28CM (32),,DA0404-81.28CM(32),3,0,0,0
REBEL MASS EXPORT PVT LTD,CRC25-0008 GREY,DA0396-86.36CM(34),86.36CM (34),,DA0396-86.36CM(34),3,0,0,0
REBEL MASS EXPORT PVT LTD,CRC25-0008 GREY,DA0397-91.44CM(36),91.44CM (36),,DA0397-91.44CM(36),3,0,0,0
REBEL MASS EXPORT PVT LTD,CRC25-0009 GREY,DA0444-101.6CM(40),101.6CM (40),,DA0444-101.6CM(40),3,0,0,0
REBEL MASS EXPORT PVT LTD,CRC25-0009 GREY,DA0442-91.44CM(36),91.44CM (36),,DA0442-91.44CM(36),3,0,0,0
REBEL MASS EXPORT PVT LTD,CRC25-0009 GREY,DA0443-96.52CM(38),96.52CM (38),,DA0443-96.52CM(38),3,0,0,0
REBEL MASS EXPORT PVT LTD,CRC25-0009 MUSTARD,DA0435-101.6CM(40),101.6CM (40),,DA0435-101.6CM(40),3,0,0,0
REBEL MASS EXPORT PVT LTD,CRC25-0009 NAVY,DA0426-101.6CM(40),101.6CM (40),,DA0426-101.6CM(40),3,0,0,0
REBEL MASS EXPORT PVT LTD,CRC25-0010 BEIGE,DA2511-76.20CM(30),76.20CM (30),,DA2511-76.20CM(30),3,0,0,0
REBEL MASS EXPORT PVT LTD,CRC25-0010 BEIGE,DA2512-81.28CM(32),81.28CM (32),,DA2512-81.28CM(32),3,0,0,0
REBEL MASS EXPORT PVT LTD,CRC25-0010 BROWN,DA3295-71.12CM(28),71.12CM (28),,DA3295-71.12CM(28),3,0,0,0
REBEL MASS EXPORT PVT LTD,CRC25-0010 BROWN,DA3296-76.2CM(30),76.2CM (30),,DA3296-76.2CM(30),3,0,0,0
REBEL MASS EXPORT PVT LTD,CRC25-0010 DARK BROWN,DA2536-81.28CM(32),81.28CM (32),,DA2536-81.28CM(32),3,0,0,0
REBEL MASS EXPORT PVT LTD,CRC25-0010 KHAKI,DA3306-96.52CM(38),96.52CM (38),,DA3306-96.52CM(38),3,0,0,0
REBEL MASS EXPORT PVT LTD,CRC25-0010 PISTA,DA3308-76.2CM(30),76.2CM (30),,DA3308-76.2CM(30),3,0,0,0
REBEL MASS EXPORT PVT LTD,CRC25-0010 PISTA,DA3311-91.44CM(36),91.44CM (36),,DA3311-91.44CM(36),3,0,0,0
REBEL MASS EXPORT PVT LTD,CSH25-0001-0006647 WHT/GREY,0006647-XL,XL,,0006647-XL,3,0,0,0
REBEL MASS EXPORT PVT LTD,CSH25-0002-0006652 MID BLUE,0006652-S,S,,0006652-S,3,0,0,0
REBEL MASS EXPORT PVT LTD,CSH25-0002-0006675 WHT/GREY,0006675-XL,XL,,0006675-XL,3,0,0,0
REBEL MASS EXPORT PVT LTD,CSH25-0004-0006739 BLUE,0006739-XL,XL,,0006739-XL,3,0,0,0
REBEL MASS EXPORT PVT LTD,CSH25-0006-0006865 GREEN,0006865-M,M,,0006865-M,3,0,0,0
REBEL MASS EXPORT PVT LTD,CSH25-0007-0006872 BEIGE,0006872-XXL,XXL,,0006872-XXL,3,0,0,0
REBEL MASS EXPORT PVT LTD,CSH25-0010-0006900 D.NAVY,0006900-XXL,XXL,,0006900-XXL,3,0,0,0
REBEL MASS EXPORT PVT LTD,CSH25-0041 WHITE,DA0563-M,M,,DA0563-M,3,0,0,0
REBEL MASS EXPORT PVT LTD,CSH25-0065 CREAM,DA2397-XXL,XXL,,DA2397-XXL,3,0,0,0
REBEL MASS EXPORT PVT LTD,CSH25-0067 BLACK,DA3068-XXL,XXL,,DA3068-XXL,3,0,0,0
REBEL MASS EXPORT PVT LTD,CSH25-18-0018-0008031 BROWN,0008031-XL,XL,,0008031-XL,3,0,0,0
REBEL MASS EXPORT PVT LTD,CSH25-20-0012-0007064 SKY BLUE,0007064-XXL,XXL,,0007064-XXL,3,0,0,0
REBEL MASS EXPORT PVT LTD,CSH25-39-0016-0007565 GREY,0007565-XXL,XXL,,0007565-XXL,3,0,0,0
REBEL MASS EXPORT PVT LTD,CSH25-39-0026-0008202 L.GREY,0008202-M,M,,0008202-M,3,0,0,0
REBEL MASS EXPORT PVT LTD,CSH25-39-0027-0008206 BLUE,0008206-M,M,,0008206-M,3,0,0,0
REBEL MASS EXPORT PVT LTD,CSH25-39-0028-0008210 WHITE,0008210-M,M,,0008210-M,3,0,0,0
REBEL MASS EXPORT PVT LTD,CSS25-15-0001-0007161 YELLOW,0007161-M,M,,0007161-M,3,0,0,0
REBEL MASS EXPORT PVT LTD,CTR25-0007 NAVY,DA0147-96.52CM(38),96.52CM (38),,DA0147-96.52CM(38),3,0,0,0
REBEL MASS EXPORT PVT LTD,CTR25-0008 BEIGE,DA1424-86.36CM(34),86.36CM (34),,DA1424-86.36CM(34),3,0,0,0
REBEL MASS EXPORT PVT LTD,CTR25-0008 CHARCOAL,DA1432-76.20CM(30),76.20CM (30),,DA1432-76.20CM(30),3,0,0,0
REBEL MASS EXPORT PVT LTD,CTR25-0008 GREY,DA1442-76.20CM(30),76.20CM (30),,DA1442-76.20CM(30),3,0,0,0
REBEL MASS EXPORT PVT LTD,CTR25-0008 OLIVE,DA1429-86.36CM(34),86.36CM (34),,DA1429-86.36CM(34),3,0,0,0
REBEL MASS EXPORT PVT LTD,CTR25-04-0005-0007682 STEAL GREY,0007682-91.44CM(36),91.44CM (36),,0007682-91.44CM(36),3,0,0,0
REBEL MASS EXPORT PVT LTD,CTR25-36-0002-0007456 L.GREY,0007456-91.44CM(36),91.44CM (36),,0007456-91.44CM(36),3,0,0,0
REBEL MASS EXPORT PVT LTD,CTR25-36-0003 L.BROWN,DA0516-101.6CM(40),101.6CM (40),,DA0516-101.6CM(40),3,0,0,0
REBEL MASS EXPORT PVT LTD,CTR25-36-0003-0007467 BEIGE,0007467-96.52CM(38),96.52CM (38),,0007467-96.52CM(38),3,0,0,0
REBEL MASS EXPORT PVT LTD,CTR25-36-0004-0007507 BLACK,0007507-96.52CM(38),96.52CM (38),,0007507-96.52CM(38),3,0,0,0
REBEL MASS EXPORT PVT LTD,CWC25-0003 WINE,DA3342-101.6CM(40),101.6CM (40),,DA3342-101.6CM(40),3,0,0,0
REBEL MASS EXPORT PVT LTD,CWC25-0003 WINE,DA3343-106.68CM(42),106.68CM (42),,DA3343-106.68CM(42),3,0,0,0
REBEL MASS EXPORT PVT LTD,CWC25-0006 GOLD,DA3363-106.68CM(42),106.68CM (42),,DA3363-106.68CM(42),3,0,0,0
REBEL MASS EXPORT PVT LTD,CWC25-32-0012 GOLDEN,DA1607-101.6CM(40),101.6CM (40),,DA1607-101.6CM(40),3,0,0,0
REBEL MASS EXPORT PVT LTD,CWC25-32-0012 GOLDEN,DA1608-106.68CM(42),106.68CM (42),,DA1608-106.68CM(42),3,0,0,0
REBEL MASS EXPORT PVT LTD,CWL25-15-0001-0007142 MAHANDI,0007142-L,L,,0007142-L,3,0,0,0
REBEL MASS EXPORT PVT LTD,CWL25-15-0001-0007154 MAHROON,0007154-L,L,,0007154-L,3,0,0,0
REBEL MASS EXPORT PVT LTD,CWL25-15-0001-0007156 MAHROON,0007156-XXL,XXL,,0007156-XXL,3,0,0,0
REBEL MASS EXPORT PVT LTD,DNM25-0017 WHITE,DA1830-71.12CM(28),71.12CM (28),,DA1830-71.12CM(28),3,0,0,0
REBEL MASS EXPORT PVT LTD,DNM25-34-0001-0007512 L.BLUE,0007512-91.44CM(36),91.44CM (36),,0007512-91.44CM(36),3,0,0,0
REBEL MASS EXPORT PVT LTD,DNM25-34-0004-0007753 GREY,0007753-71.12CM(28),71.12CM (28),,0007753-71.12CM(28),3,0,0,0
REBEL MASS EXPORT PVT LTD,DNM25-34-0004-0007754 GREY,0007754-76.20CM(30),76.20CM (30),,0007754-76.20CM(30),3,0,0,0
REBEL MASS EXPORT PVT LTD,DNM25-34-0006-0007773 BLUE,0007773-81.28CM(32),81.28CM (32),,0007773-81.28CM(32),3,0,0,0
REBEL MASS EXPORT PVT LTD,DNM25-34-0006-0007776 BLUE,0007776-96.52CM(38),96.52CM (38),,0007776-96.52CM(38),3,0,0,0
REBEL MASS EXPORT PVT LTD,DNM25-34-0009-0007814 OLIVE,0007814-76.20CM(30),76.20CM (30),,0007814-76.20CM(30),3,0,0,0
REBEL MASS EXPORT PVT LTD,FSH25-0036 AQUA,DA1726-M,M,,DA1726-M,3,0,0,0
REBEL MASS EXPORT PVT LTD,FSH25-0037 BEIGE,DA1746-M,M,,DA1746-M,3,0,0,0
REBEL MASS EXPORT PVT LTD,FSH25-0037 S.BLUE,DA1738-M,M,,DA1738-M,3,0,0,0
REBEL MASS EXPORT PVT LTD,FSH25-0039 WHITE,DA1771-L,L,,DA1771-L,3,0,0,0
REBEL MASS EXPORT PVT LTD,FSH25-0041 NAVY,DA1798-M,M,,DA1798-M,3,0,0,0
REBEL MASS EXPORT PVT LTD,FSH25-0041 NAVY,DA1801-XXL,XXL,,DA1801-XXL,3,0,0,0
REBEL MASS EXPORT PVT LTD,FSH25-0061 BLACK,DA2244-M,M,,DA2244-M,3,0,0,0
REBEL MASS EXPORT PVT LTD,FSH25-39-0008-0007905 BEIGE,0007905-M,M,,0007905-M,3,0,0,0
REBEL MASS EXPORT PVT LTD,FSH25-39-0011-0007928 ROYAL BLUE,0007928-XXL,XXL,,0007928-XXL,3,0,0,0
REBEL MASS EXPORT PVT LTD,FSH25-39-0012-0007936 NAVY,0007936-XXL,XXL,,0007936-XXL,3,0,0,0
REBEL MASS EXPORT PVT LTD,FSH25-39-0013-0007941 ROYAL BLUE,0007941-M,M,,0007941-M,3,0,0,0
REBEL MASS EXPORT PVT LTD,FSH25-39-0019-0007996 D.BROWN,0007996-XXL,XXL,,0007996-XXL,3,0,0,0
REBEL MASS EXPORT PVT LTD,FTR25-0003-0006752 CHARCOAL,0006752-86.36CM(34),86.36CM (34),,0006752-86.36CM(34),3,0,0,0
REBEL MASS EXPORT PVT LTD,FTR25-0005-0006765 GREY,0006765-96.52CM(38),96.52CM (38),,0006765-96.52CM(38),3,0,0,0
REBEL MASS EXPORT PVT LTD,FTR25-0006-0006771 BLUE,0006771-96.52CM(38),96.52CM (38),,0006771-96.52CM(38),3,0,0,0
REBEL MASS EXPORT PVT LTD,FTR25-0033-0007728 GREY,0007728-76.20CM(30),76.20CM (30),,0007728-76.20CM(30),3,0,0,0
REBEL MASS EXPORT PVT LTD,FTR25-0033-0007731 GREY,0007731-91.44CM(36),91.44CM(36),,0007731-91.44CM(36),3,0,0,0
REBEL MASS EXPORT PVT LTD,FTR25-0033-0008293 OLIVE,0008293-91.44CM(36),91.44CM(36),,0008293-91.44CM(36),3,0,0,0
REBEL MASS EXPORT PVT LTD,FTR25-0033-0008294 OLIVE,0008294-96.52CM(38),96.52CM (38),,0008294-96.52CM(38),3,0,0,0
REBEL MASS EXPORT PVT LTD,FTR25-0044 KHAKI,DA0171-81.28CM(32),81.28CM (32),,DA0171-81.28CM(32),3,0,0,0
REBEL MASS EXPORT PVT LTD,FTR25-0044 OLIVE,DA0176-81.28CM(32),81.28CM (32),,DA0176-81.28CM(32),3,0,0,0
REBEL MASS EXPORT PVT LTD,FTR25-0045 BEIGE,DA0188-91.44CM(36),91.44CM (36),,DA0188-91.44CM(36),3,0,0,0
REBEL MASS EXPORT PVT LTD,FTR25-0045 BLUE,DA0193-91.44CM(36),91.44CM (36),,DA0193-91.44CM(36),3,0,0,0
REBEL MASS EXPORT PVT LTD,FTR25-0046 BLACK,DA1026-96.52CM(38),96.52CM (38),,DA1026-96.52CM(38),3,0,0,0
REBEL MASS EXPORT PVT LTD,FTR25-0049 BLACK,DA1040-76.20CM(30),76.20CM (30),,DA1040-76.20CM(30),3,0,0,0
REBEL MASS EXPORT PVT LTD,FTR25-0049 BLACK,DA1041-81.28CM(32),81.28CM (32),,DA1041-81.28CM(32),3,0,0,0
REBEL MASS EXPORT PVT LTD,FTR25-0050 GREY,DA1048-86.36CM(34),86.36CM (34),,DA1048-86.36CM(34),3,0,0,0
REBEL MASS EXPORT PVT LTD,FTR25-0057 DK. GREY,DA1089-81.28CM(32),81.28CM (32),,DA1089-81.28CM(32),3,0,0,0
REBEL MASS EXPORT PVT LTD,FTR25-0057 DK. GREY,DA1091-91.44CM(36),91.44CM (36),,DA1091-91.44CM(36),3,0,0,0
REBEL MASS EXPORT PVT LTD,FTR25-0059 BLACK,DA1102-86.36CM(34),86.36CM (34),,DA1102-86.36CM(34),3,0,0,0
REBEL MASS EXPORT PVT LTD,FTR25-0060 OFF WHITE,DA1106-76.20CM(30),76.20CM (30),,DA1106-76.20CM(30),3,0,0,0
REBEL MASS EXPORT PVT LTD,FTR25-0061 GREY,DA1113-81.28CM(32),81.28CM (32),,DA1113-81.28CM(32),3,0,0,0
REBEL MASS EXPORT PVT LTD,FTR25-0064 GREY,DA1130-76.20CM(30),76.20CM (30),,DA1130-76.20CM(30),3,0,0,0
REBEL MASS EXPORT PVT LTD,FTR25-0064 GREY,DA1132-86.36CM(34),86.36CM (34),,DA1132-86.36CM(34),3,0,0,0
REBEL MASS EXPORT PVT LTD,FTR25-0066 LT.BEIGE,DA1147-101.6CM(40),101.6CM (40),,DA1147-101.6CM(40),3,0,0,0
REBEL MASS EXPORT PVT LTD,FTR25-0069 SEA GREEN,DA1164-96.52CM(38),96.52CM (38),,DA1164-96.52CM(38),3,0,0,0
REBEL MASS EXPORT PVT LTD,FTR25-18-0009-0007229 ROYAL BLUE,0007229-76.20CM(30),76.20CM (30),,0007229-76.20CM(30),3,0,0,0
REBEL MASS EXPORT PVT LTD,FTR25-18-0009-0007232 ROYAL BLUE,0007232-36,36,,0007232-36,3,0,0,0
REBEL MASS EXPORT PVT LTD,FTR25-18-0009-0007234 ROYAL BLUE,0007234-101.6CM(40),101.6CM (40),,0007234-101.6CM(40),3,0,0,0
REBEL MASS EXPORT PVT LTD,FTR25-18-0009-0007241 KHAKI,0007241-76.20CM(30),76.20CM (30),,0007241-76.20CM(30),3,0,0,0
REBEL MASS EXPORT PVT LTD,FTR25-18-0009-0007242 KHAKI,0007242-81.28CM(32),81.28CM (32),,0007242-81.28CM(32),3,0,0,0
REBEL MASS EXPORT PVT LTD,FTR25-18-0009-0007247 BROWN,0007247-76.20CM(30),76.20CM (30),,0007247-76.20CM(30),3,0,0,0
REBEL MASS EXPORT PVT LTD,FTR25-18-0009-0007248 BROWN,0007248-81.28CM(32),81.28CM (32),,0007248-81.28CM(32),3,0,0,0
REBEL MASS EXPORT PVT LTD,FTR25-18-0009-0007250 BROWN,0007250-91.44CM(36),91.44CM(36),,0007250-91.44CM(36),3,0,0,0
REBEL MASS EXPORT PVT LTD,FTR25-18-0011-0007254 GREY,0007254-81.28CM(32),81.28CM (32),,0007254-81.28CM(32),3,0,0,0
REBEL MASS EXPORT PVT LTD,FTR25-18-0012-0007262 D.GREY,0007262-91.44CM(36),91.44CM (36),,0007262-91.44CM(36),3,0,0,0
REBEL MASS EXPORT PVT LTD,FTR25-18-0013-0007265 BLACK,0007265-76.20CM(30),76.20CM (30),,0007265-76.20CM(30),3,0,0,0
REBEL MASS EXPORT PVT LTD,FTR25-18-0013-0007266 BLACK,0007266-81.28CM(32),81.28CM (32),,0007266-81.28CM(32),3,0,0,0
REBEL MASS EXPORT PVT LTD,FTR25-18-0013-0007274 NAVY,0007274-91.44CM(36),91.44CM (36),,0007274-91.44CM(36),3,0,0,0
REBEL MASS EXPORT PVT LTD,FTR25-18-0013-0007278 CHARCOAL,0007278-81.28CM(32),81.28CM (32),,0007278-81.28CM(32),3,0,0,0
REBEL MASS EXPORT PVT LTD,FTR25-18-0013-0007279 CHARCOAL,0007279-86.36CM(34),86.36CM (34),,0007279-86.36CM(34),3,0,0,0
REBEL MASS EXPORT PVT LTD,FTR25-18-0013-0007283 OLIVE,0007283-76.20CM(30),76.20CM (30),,0007283-76.20CM(30),3,0,0,0
REBEL MASS EXPORT PVT LTD,FTR25-18-0013-0007288 OLIVE,0007288-101.6CM(40),101.6CM (40),,0007288-101.6CM(40),3,0,0,0
REBEL MASS EXPORT PVT LTD,FTR25-18-0015-0007302 D.GREY,0007302-81.28CM(32),81.28CM (32),,0007302-81.28CM(32),3,0,0,0
REBEL MASS EXPORT PVT LTD,FTR25-18-0015-0007306 D.GREY,0007306-101.6CM(40),101.6CM (40),,0007306-101.6CM(40),3,0,0,0
REBEL MASS EXPORT PVT LTD,FTR25-18-0021-0007341 GREY,0007341-96.52CM(38),96.52CM (38),,0007341-96.52CM(38),3,0,0,0
REBEL MASS EXPORT PVT LTD,FTR25-18-0024-0007355 NAVY,0007355-76.20CM(30),76.20CM (30),,0007355-76.20CM(30),3,0,0,0
REBEL MASS EXPORT PVT LTD,FTR25-18-0024-0007360 NAVY,0007360-101.6CM(40),101.6CM (40),,0007360-101.6CM(40),3,0,0,0
REBEL MASS EXPORT PVT LTD,FTR25-18-0024-0007363 GREY,0007363-86.36CM(34),86.36CM (34),,0007363-86.36CM(34),3,0,0,0
REBEL MASS EXPORT PVT LTD,FTR25-18-0024-0007368 CREAM,0007368-81.28CM(32),81.28CM (32),,0007368-81.28CM(32),3,0,0,0
REBEL MASS EXPORT PVT LTD,FTR25-18-0025-0007375 NAVY,0007375-86.36CM(34),86.36CM (34),,0007375-86.36CM(34),3,0,0,0
REBEL MASS EXPORT PVT LTD,FTR25-18-0025-0007377 NAVY,0007377-96.52CM(38),96.52CM (38),,0007377-96.52CM(38),3,0,0,0
REBEL MASS EXPORT PVT LTD,FTR25-18-0025-0007382 D.NAVY,0007382-91.44CM(36),91.44CM (36),,0007382-91.44CM(36),3,0,0,0
REBEL MASS EXPORT PVT LTD,FTR25-18-0026-0007398 BLUE,0007398-81.28CM(32),81.28CM (32),,0007398-81.28CM(32),3,0,0,0
REBEL MASS EXPORT PVT LTD,FTR25-18-0029-0007706 GREY,0007706-91.44CM(36),91.44CM (36),,0007706-91.44CM(36),3,0,0,0
REBEL MASS EXPORT PVT LTD,FTR25-18-0034-0007857 BLACK,0007857-86.36CM(34),86.36CM (34),,0007857-86.36CM(34),3,0,0,0
REBEL MASS EXPORT PVT LTD,FTR25-18-0034-0007858 BLACK,0007858-91.44CM(36),91.44CM(36),,0007858-91.44CM(36),3,0,0,0
REBEL MASS EXPORT PVT LTD,FTR25-18-0035-0007862 BLACK,0007862-81.28CM(32),81.28CM (32),,0007862-81.28CM(32),3,0,0,0
REBEL MASS EXPORT PVT LTD,FTR25-18-0035-0007866 BLACK,0007866-101.6CM(40),101.6CM (40),,0007866-101.6CM(40),3,0,0,0
REBEL MASS EXPORT PVT LTD,FTR25-18-0037-0007876 BLUE,0007876-91.44CM(36),91.44CM (36),,0007876-91.44CM(36),3,0,0,0
REBEL MASS EXPORT PVT LTD,FTR25-18-0038-0007878 BLUE,0007878-76.20CM(30),76.20CM (30),,0007878-76.20CM(30),3,0,0,0
REBEL MASS EXPORT PVT LTD,FTR25-18-0040-0008084 BLACK,0008084-86.36CM(34),86.36CM (34),,0008084-86.36CM(34),3,0,0,0
REBEL MASS EXPORT PVT LTD,FTR25-18-0043-0008276 L.GREY,0008276-96.52CM(38),96.52CM (38),,0008276-96.52CM(38),3,0,0,0
REBEL MASS EXPORT PVT LTD,FTR25-18-0043-0008277 L.GREY,0008277-76.20CM(30),76.20CM (30),,0008277-76.20CM(30),3,0,0,0
REBEL MASS EXPORT PVT LTD,FTR25-18-0043-0008281 SKY BLUE,0008281-96.52CM(38),96.52CM (38),,0008281-96.52CM(38),3,0,0,0
REBEL MASS EXPORT PVT LTD,FTR25-18-0046 BLACK,DA1465-81.28CM(32),81.28CM (32),,DA1465-81.28CM(32),3,0,0,0
REBEL MASS EXPORT PVT LTD,FTR25-18-0046 BLACK,DA1468-96.52CM(38),96.52CM (38),,DA1468-96.52CM(38),3,0,0,0
REBEL MASS EXPORT PVT LTD,FTR25-18-0051 BROWN,DA1499-101.6CM(40),101.6CM (40),,DA1499-101.6CM(40),3,0,0,0
REBEL MASS EXPORT PVT LTD,FTR25-18-0054 CHARCOAL,DA1515-91.44CM(36),91.44CM (36),,DA1515-91.44CM(36),3,0,0,0
REBEL MASS EXPORT PVT LTD,FTR25-18-0057 GREY/BLUE,DA1534-96.52CM(38),96.52CM (38),,DA1534-96.52CM(38),3,0,0,0
REBEL MASS EXPORT PVT LTD,FTR25-18-0059 G.BLUE,DA1542-76.20CM(30),76.20CM (30),,DA1542-76.20CM(30),3,0,0,0
REBEL MASS EXPORT PVT LTD,FTR25-18-0059 G.BLUE,DA1546-96.52CM(38),96.52CM (38),,DA1546-96.52CM(38),3,0,0,0
REBEL MASS EXPORT PVT LTD,FTR25-18-0060 BLUE,DA1553-101.6CM(40),101.6CM (40),,DA1553-101.6CM(40),3,0,0,0
REBEL MASS EXPORT PVT LTD,FTR25-18-0060 G.BLUE,DA1550-86.36CM(34),86.36CM (34),,DA1550-86.36CM(34),3,0,0,0
REBEL MASS EXPORT PVT LTD,FTR25-18-0061 BLUE,DA1557-91.44CM(36),91.44CM (36),,DA1557-91.44CM(36),3,0,0,0
REBEL MASS EXPORT PVT LTD,FTR25-36-0044 GREY,DA1968-86.36CM(34),86.36CM (34),,DA1968-86.36CM(34),3,0,0,0
REBEL MASS EXPORT PVT LTD,MBDNM0001-0000474 BLACK,0000474-32,32,,0000474-32,3,0,0,0
REBEL MASS EXPORT PVT LTD,MBDNM0003-0000489 CARBON BLUE,0000489-38,38,,0000489-38,3,0,0,0
REBEL MASS EXPORT PVT LTD,MBDNM0006-0000503 CARBON BLUE,0000503-30,30,,0000503-30,3,0,0,0
REBEL MASS EXPORT PVT LTD,MBDNM0007-0000512 GREY,0000512-30,30,,0000512-30,3,0,0,0
REBEL MASS EXPORT PVT LTD,MBDNM0008-0000519 DARK BLUE,0000519-36,36,,0000519-36,3,0,0,0
REBEL MASS EXPORT PVT LTD,MBDNM0009-0000522 BLACK,0000522-30,30,,0000522-30,3,0,0,0
REBEL MASS EXPORT PVT LTD,MBDNM0010-0000529 MERCRIZE BLUE,0000529-36,36,,0000529-36,3,0,0,0
REBEL MASS EXPORT PVT LTD,MBDNM0010-0000531 MERCRIZE BLUE,0000531-38,38,,0000531-38,3,0,0,0
REBEL MASS EXPORT PVT LTD,MBDNM0014-0000855 MID  BLUE,0000855-34,34,,0000855-34,3,0,0,0
REBEL MASS EXPORT PVT LTD,MBDNM0014-0000858 MID  BLUE,0000858-32,32,,0000858-32,3,0,0,0
REBEL MASS EXPORT PVT LTD,MBDNM0014-0000859 MID  BLUE,0000859-36,36,,0000859-36,3,0,0,0
REBEL MASS EXPORT PVT LTD,MBDNM0015-0000865 DIRTY GREEN,0000865-38,38,,0000865-38,3,0,0,0
REBEL MASS EXPORT PVT LTD,MBDNM0015-0000866 DIRTY GREEN,0000866-30,30,,0000866-30,3,0,0,0
REBEL MASS EXPORT PVT LTD,MBDNM0016-0000869 MID  BLUE,0000869-36,36,,0000869-36,3,0,0,0
REBEL MASS EXPORT PVT LTD,MBDNM0017-0000876 DIRTY EARTH,0000876-36,36,,0000876-36,3,0,0,0
REBEL MASS EXPORT PVT LTD,MBDNM0021-0001680 WHITE,0001680-34,34,,0001680-34,3,0,0,0
REBEL MASS EXPORT PVT LTD,MBDNM0022-0001684 BLACK,0001684-30,30,,0001684-30,3,0,0,0
REBEL MASS EXPORT PVT LTD,MBDNM0024-0001691 BLUE,0001691-32,32,,0001691-32,3,0,0,0
REBEL MASS EXPORT PVT LTD,MBDNM0024-0001692 BLUE,0001692-34,34,,0001692-34,3,0,0,0
REBEL MASS EXPORT PVT LTD,MBDNM0024-0001694 BLUE,0001694-38,38,,0001694-38,3,0,0,0
REBEL MASS EXPORT PVT LTD,MBDNM0024-0001696 BLACK,0001696-30,30,,0001696-30,3,0,0,0
REBEL MASS EXPORT PVT LTD,MBDNM0024-0001699 BLACK,0001699-36,36,,0001699-36,3,0,0,0
REBEL MASS EXPORT PVT LTD,MBDNM0030-0001778 MID BLUE,0001778-76.2CM(30INCH),76.2 CM (30 INCH),,0001778-76.2CM(30INCH),3,0,0,0
REBEL MASS EXPORT PVT LTD,MBDNM0032-0001805 ICE BLUE,0001805-91.44CM(36INCH),91.44 CM (36 INCH),,0001805-91.44CM(36INCH),3,0,0,0
REBEL MASS EXPORT PVT LTD,MCBLZ0001-0000663 BLACK,0000663-40,40,,0000663-40,3,0,0,0
REBEL MASS EXPORT PVT LTD,MCBLZ0002-0000665 L.SKY,0000665-42,42,,0000665-42,3,0,0,0
REBEL MASS EXPORT PVT LTD,MCBLZ0007-0000687 BROWN,0000687-40,40,,0000687-40,3,0,0,0
REBEL MASS EXPORT PVT LTD,MCBLZ0010-0000697 BLUE,0000697-42,42,,0000697-42,3,0,0,0
REBEL MASS EXPORT PVT LTD,MCBLZ0012-0000704 TAN,0000704-42,42,,0000704-42,3,0,0,0
REBEL MASS EXPORT PVT LTD,MCBLZ0012-0000706 TAN,0000706-40,40,,0000706-40,3,0,0,0
REBEL MASS EXPORT PVT LTD,MCBLZ0013-0000708 SILVER,0000708-42,42,,0000708-42,3,0,0,0
REBEL MASS EXPORT PVT LTD,MCBLZ0017-0000724 BLUE,0000724-38,38,,0000724-38,3,0,0,0
REBEL MASS EXPORT PVT LTD,MCBLZ0017-0000725 BLUE,0000725-40,40,,0000725-40,3,0,0,0
REBEL MASS EXPORT PVT LTD,MCBLZ0020-0000736 CHARCOAL,0000736-42,42,,0000736-42,3,0,0,0
REBEL MASS EXPORT PVT LTD,"MCBLZ0022-0000747 BLACK,BLUE",0000747-38,38,,0000747-38,3,0,0,0
REBEL MASS EXPORT PVT LTD,MCBLZ0024-0000753 L.GREEN,0000753-40,40,,0000753-40,3,0,0,0
REBEL MASS EXPORT PVT LTD,MCBLZ0027-0000767 BLUE,0000767-40,40,,0000767-40,3,0,0,0
REBEL MASS EXPORT PVT LTD,MCBLZ0031-0000781 GREY,0000781-38,38,,0000781-38,3,0,0,0
REBEL MASS EXPORT PVT LTD,MCBLZ0031-0000782 GREY,0000782-40,40,,0000782-40,3,0,0,0
REBEL MASS EXPORT PVT LTD,MCBLZ0034-0001139 BROWN,0001139-40,40,,0001139-40,3,0,0,0
REBEL MASS EXPORT PVT LTD,MCBLZ0038-0001154 GREY,0001154-38,38,,0001154-38,3,0,0,0
REBEL MASS EXPORT PVT LTD,MCBLZ0038-0001157 GREY,0001157-44,44,,0001157-44,3,0,0,0
REBEL MASS EXPORT PVT LTD,MCBLZ0046-0001187 DARK GREY,0001187-40,40,,0001187-40,3,0,0,0
REBEL MASS EXPORT PVT LTD,MCBLZ0049-0001338 MAHROON,0001338-XL,XL,,0001338-XL,3,0,0,0
REBEL MASS EXPORT PVT LTD,MCBLZ0052-0001351 NAVY,0001351-XXL,XXL,,0001351-XXL,3,0,0,0
REBEL MASS EXPORT PVT LTD,MCBLZ0055-0001360 DARK GREY,0001360-M,M,,0001360-M,3,0,0,0
REBEL MASS EXPORT PVT LTD,MCBLZ0055-0001362 DARK GREY,0001362-XL,XL,,0001362-XL,3,0,0,0
REBEL MASS EXPORT PVT LTD,MCBLZ0059-0001376 BROWN,0001376-M,M,,0001376-M,3,0,0,0
REBEL MASS EXPORT PVT LTD,MCBLZ0061-0001386 KHAKI,0001386-XL,XL,,0001386-XL,3,0,0,0
REBEL MASS EXPORT PVT LTD,MCC2ST001-0001510 LIGHT GREY,0001510-42,42,,0001510-42,3,0,0,0
REBEL MASS EXPORT PVT LTD,MCC2ST002-0001513 DARK GREY,0001513-40,40,,0001513-40,3,0,0,0
REBEL MASS EXPORT PVT LTD,MCC2ST002-0001515 DARK GREY,0001515-44,44,,0001515-44,3,0,0,0
REBEL MASS EXPORT PVT LTD,MCC2ST003-0001518 KHAKI,0001518-42,42,,0001518-42,3,0,0,0
REBEL MASS EXPORT PVT LTD,MCC2ST007-0001534 GREY,0001534-42,42,,0001534-42,3,0,0,0
REBEL MASS EXPORT PVT LTD,MCC2ST010-0001546 CHARCOAL,0001546-42,42,,0001546-42,3,0,0,0
REBEL MASS EXPORT PVT LTD,MCC2ST013-0001557 BLACK,0001557-40,40,,0001557-40,3,0,0,0
REBEL MASS EXPORT PVT LTD,MCC2ST025-0001606 BLACK,0001606-42,42,,0001606-42,3,0,0,0
REBEL MASS EXPORT PVT LTD,MCC2ST026-0001610 BLACK,0001610-42,42,,0001610-42,3,0,0,0
REBEL MASS EXPORT PVT LTD,MCKRT0001-0001908 LEMON,0001908-M,M,,0001908-M,3,0,0,0
REBEL MASS EXPORT PVT LTD,MCKRT0001-0001911 LEMON,0001911-XXL,XXL,,0001911-XXL,3,0,0,0
REBEL MASS EXPORT PVT LTD,MCSHT0001-0000382 PINK,0000382-L,L,,0000382-L,3,0,0,0
REBEL MASS EXPORT PVT LTD,MCSHT0002-0000385 PINK,0000385-XL,XL,,0000385-XL,3,0,0,0
REBEL MASS EXPORT PVT LTD,MCSHT0009-0000414 TURQUISE,0000414-L,L,,0000414-L,3,0,0,0
REBEL MASS EXPORT PVT LTD,MCSHT0010-0000417 BEIGE,0000417-XL,XL,,0000417-XL,3,0,0,0
REBEL MASS EXPORT PVT LTD,MCSHT0011-0000420 BEIGE,0000420-L,L,,0000420-L,3,0,0,0
REBEL MASS EXPORT PVT LTD,MCSHT0012-0001425 PINK,0001425-XXL,XXL,,0001425-XXL,3,0,0,0
REBEL MASS EXPORT PVT LTD,MCTRZ0001-0000983 OLIVE,0000983-30,30,,0000983-30,3,0,0,0
REBEL MASS EXPORT PVT LTD,MCTRZ0001-0000987 OLIVE,0000987-38,38,,0000987-38,3,0,0,0
REBEL MASS EXPORT PVT LTD,MCTRZ0002-0000992 TEAL,0000992-38,38,,0000992-38,3,0,0,0
REBEL MASS EXPORT PVT LTD,MCTRZ0004-0001001 DARK GREY,0001001-36,36,,0001001-36,3,0,0,0
REBEL MASS EXPORT PVT LTD,MCWCT0003-0000803 RED,0000803-38,38,,0000803-38,3,0,0,0
REBEL MASS EXPORT PVT LTD,MCWCT0007-0000817 BLUE,0000817-40,40,,0000817-40,3,0,0,0
REBEL MASS EXPORT PVT LTD,MCWCT0008-0000823 BROWN,0000823-40,40,,0000823-40,3,0,0,0
REBEL MASS EXPORT PVT LTD,MCWCT0009-0000828 TAN,0000828-38,38,,0000828-38,3,0,0,0
REBEL MASS EXPORT PVT LTD,MFSHT0001-0000534 NAVY,0000534-M,M,,0000534-M,3,0,0,0
REBEL MASS EXPORT PVT LTD,MFSHT0008-0000896 PINK,0000896-L,L,,0000896-L,3,0,0,0
REBEL MASS EXPORT PVT LTD,MFSHT0008-0000898 PINK,0000898-XXL,XXL,,0000898-XXL,3,0,0,0
REBEL MASS EXPORT PVT LTD,MFSHT0009-0000902 LAVENDER,0000902-XXL,XXL,,0000902-XXL,3,0,0,0
REBEL MASS EXPORT PVT LTD,MFSHT0010-0000904 VIOLET,0000904-L,L,,0000904-L,3,0,0,0
REBEL MASS EXPORT PVT LTD,MFSHT0010-0000905 VIOLET,0000905-XL,XL,,0000905-XL,3,0,0,0
REBEL MASS EXPORT PVT LTD,MFSHT0012-0000913 SKY BLUE,0000913-XL,XL,,0000913-XL,3,0,0,0
REBEL MASS EXPORT PVT LTD,MFSHT0012-0000914 SKY BLUE,0000914-XXL,XXL,,0000914-XXL,3,0,0,0
REBEL MASS EXPORT PVT LTD,MFSHT0015-0000924 GREY,0000924-L,L,,0000924-L,3,0,0,0
REBEL MASS EXPORT PVT LTD,MFSHT0015-0000925 GREY,0000925-XL,XL,,0000925-XL,3,0,0,0
REBEL MASS EXPORT PVT LTD,MFSHT0017-0000934 YELLOW,0000934-XXL,XXL,,0000934-XXL,3,0,0,0
REBEL MASS EXPORT PVT LTD,MFSHT0019-0000941 WHITE,0000941-XL,XL,,0000941-XL,3,0,0,0
REBEL MASS EXPORT PVT LTD,MFSHT0021-0000949 BLACK,0000949-XL,XL,,0000949-XL,3,0,0,0
REBEL MASS EXPORT PVT LTD,MFSHT0021-0000950 BLACK,0000950-XXL,XXL,,0000950-XXL,3,0,0,0
REBEL MASS EXPORT PVT LTD,MFSHT0024-0000962 LAVENDER,0000962-XXL,XXL,,0000962-XXL,3,0,0,0
REBEL MASS EXPORT PVT LTD,MFSHT0025-0000965 DARK BLUE,0000965-XL,XL,,0000965-XL,3,0,0,0
REBEL MASS EXPORT PVT LTD,MFSHT0027-0000971 TURQUOISE,0000971-M,M,,0000971-M,3,0,0,0
REBEL MASS EXPORT PVT LTD,MFSHT0030-0001190 DARK GREY,0001190-M,M,,0001190-M,3,0,0,0
REBEL MASS EXPORT PVT LTD,MFTRZ0001-0000425 GREY,0000425-32,32,,0000425-32,3,0,0,0
REBEL MASS EXPORT PVT LTD,MFTRZ0003-0000439 DUSTY BLUE,0000439-30,30,,0000439-30,3,0,0,0
REBEL MASS EXPORT PVT LTD,MFTRZ0004-0000447 NAVY,0000447-30,30,,0000447-30,3,0,0,0
REBEL MASS EXPORT PVT LTD,MFTRZ0006-0000454 DARK NAVY,0000454-30,30,,0000454-30,3,0,0,0
REBEL MASS EXPORT PVT LTD,MFTRZ0006-0000457 DARK NAVY,0000457-32,32,,0000457-32,3,0,0,0
REBEL MASS EXPORT PVT LTD,MFTRZ0006-0000458 DARK NAVY,0000458-28,28,,0000458-28,3,0,0,0
REBEL MASS EXPORT PVT LTD,MFTRZ0008-0000466 CREAM,0000466-32,32,,0000466-32,3,0,0,0
REBEL MASS EXPORT PVT LTD,MFTRZ0009-0001003 BROWN,0001003-30,30,,0001003-30,3,0,0,0
REBEL MASS EXPORT PVT LTD,MFTRZ0013-0001044 BLACK,0001044-32,32,,0001044-32,3,0,0,0
REBEL MASS EXPORT PVT LTD,MFTRZ0014-0001049 BLACK,0001049-32,32,,0001049-32,3,0,0,0
REBEL MASS EXPORT PVT LTD,MFTRZ0014-0001055 BLACK,0001055-34,34,,0001055-34,3,0,0,0
REBEL MASS EXPORT PVT LTD,MFTRZ0015-0001060 BLUE,0001060-38,38,,0001060-38,3,0,0,0
REBEL MASS EXPORT PVT LTD,MFTRZ0015-0001065 BLUE,0001065-30,30,,0001065-30,3,0,0,0
REBEL MASS EXPORT PVT LTD,MFTRZ0016-0001069 BLUE,0001069-28,28,,0001069-28,3,0,0,0
REBEL MASS EXPORT PVT LTD,MFTRZ0016-0001074 BLUE,0001074-38,38,,0001074-38,3,0,0,0
REBEL MASS EXPORT PVT LTD,MFTRZ0017-0001075 BROWN,0001075-30,30,,0001075-30,3,0,0,0
REBEL MASS EXPORT PVT LTD,MFTRZ0017-0001080 BROWN,0001080-34,34,,0001080-34,3,0,0,0
REBEL MASS EXPORT PVT LTD,MFTRZ0017-0001082 BROWN,0001082-32,32,,0001082-32,3,0,0,0
REBEL MASS EXPORT PVT LTD,MFTRZ0019-0001094 BLUE,0001094-30,30,,0001094-30,3,0,0,0
REBEL MASS EXPORT PVT LTD,MFTRZ0019-0001101 BLUE,0001101-44,44,,0001101-44,3,0,0,0
REBEL MASS EXPORT PVT LTD,MFTRZ0021-0001112 KHAKI,0001112-30,30,,0001112-30,3,0,0,0
REBEL MASS EXPORT PVT LTD,MFTRZ0021-0001113 KHAKI,0001113-32,32,,0001113-32,3,0,0,0
REBEL MASS EXPORT PVT LTD,MFTRZ0022-0001121 BLACK,0001121-30,30,,0001121-30,3,0,0,0
REBEL MASS EXPORT PVT LTD,MFTRZ0023-0001132 GREY,0001132-34,34,,0001132-34,3,0,0,0
REBEL MASS EXPORT PVT LTD,MFTRZ0025-0001321 DARK GREY,0001321-32,32,,0001321-32,3,0,0,0
REBEL MASS EXPORT PVT LTD,MJKTF0008-0001430 MUSTARD,0001430-M,M,,0001430-M,3,0,0,0
REBEL MASS EXPORT PVT LTD,MJKTF0008-0001431 MUSTARD,0001431-L,L,,0001431-L,3,0,0,0
REBEL MASS EXPORT PVT LTD,MJKTF0008-0006788 NAVY,0006788-XXL,XXL,,0006788-XXL,3,0,0,0
REBEL MASS EXPORT PVT LTD,MJKTF0009-0001445 WHITE,0001445-XXL,XXL,,0001445-XXL,3,0,0,0
REBEL MASS EXPORT PVT LTD,MPSHT0002-0001625 MEHANDI GREEN,0001625-L,L,,0001625-L,3,0,0,0
REBEL MASS EXPORT PVT LTD,MPSHT0003-0001642 TEAL,0001642-XL,XL,,0001642-XL,3,0,0,0
REBEL MASS EXPORT PVT LTD,MSWTF0003-0004250 GREEN,0004250-XXL,XXL,,0004250-XXL,3,0,0,0
REBEL MASS EXPORT PVT LTD,MSWTS0001-0001463 BROWN/LIGHT,0001463-M,M,,0001463-M,3,0,0,0
REBEL MASS EXPORT PVT LTD,MTSFS0005-0000574 NAVY,0000574-M,M,,0000574-M,3,0,0,0
REBEL MASS EXPORT PVT LTD,MTSFS0007-0000583 WHITE,0000583-XXL,XXL,,0000583-XXL,3,0,0,0
REBEL MASS EXPORT PVT LTD,MTSHS0001-0000559 CAMEL,0000559-M,M,,0000559-M,3,0,0,0
REBEL MASS EXPORT PVT LTD,MTSHS0009-0000590 NAVY,0000590-L,L,,0000590-L,3,0,0,0
REBEL MASS EXPORT PVT LTD,MTSHS0015-0000615 BLACK,0000615-M,M,,0000615-M,3,0,0,0
REBEL MASS EXPORT PVT LTD,MTSHS0017-0000623 WHITE,0000623-XXL,XXL,,0000623-XXL,3,0,0,0
REBEL MASS EXPORT PVT LTD,MTSHS0019-0000628 WHITE,0000628-XL,XL,,0000628-XL,3,0,0,0
REBEL MASS EXPORT PVT LTD,MTSHS0019-0000629 WHITE,0000629-L,L,,0000629-L,3,0,0,0
REBEL MASS EXPORT PVT LTD,MTSHS0020-0000635 WHITE,0000635-M,M,,0000635-M,3,0,0,0
REBEL MASS EXPORT PVT LTD,MTSHS0026-0000657 M.GREY,0000657-M,M,,0000657-M,3,0,0,0
REBEL MASS EXPORT PVT LTD,MWSST0001-0001722 BLACK,0001722-L,L,,0001722-L,3,0,0,0
REBEL MASS EXPORT PVT LTD,MWSST0002-0001727 NAVY,0001727-XL,XL,,0001727-XL,3,0,0,0
REBEL MASS EXPORT PVT LTD,MWSST0004-0001733 PINK,0001733-M,M,,0001733-M,3,0,0,0
REBEL MASS EXPORT PVT LTD,MWSST0004-0001735 PINK,0001735-XL,XL,,0001735-XL,3,0,0,0
REBEL MASS EXPORT PVT LTD,MWSST0006-0001819 BLACK MAROON.,0001819-XXL,XXL,,0001819-XXL,3,0,0,0
REBEL MASS EXPORT PVT LTD,SHORT25-0001 CREAM,DA1298-XXXL,XXXL,,DA1298-XXXL,3,0,0,0
REBEL MASS EXPORT PVT LTD,SHORT25-0001 NAVY,DA1307-XXL,XXL,,DA1307-XXL,3,0,0,0
REBEL MASS EXPORT PVT LTD,SHORT25-0001 OLIVE,DA1309-M,M,,DA1309-M,3,0,0,0
REBEL MASS EXPORT PVT LTD,SHORT25-0001 PISTA,DA1299-M,M,,DA1299-M,3,0,0,0
REBEL MASS EXPORT PVT LTD,SHORT25-0001 PISTA,DA1301-XL,XL,,DA1301-XL,3,0,0,0
REBEL MASS EXPORT PVT LTD,SS25-0001B WHITE,DA1232-M,M,,DA1232-M,3,0,0,0
REBEL MASS EXPORT PVT LTD,SS25-0002 RED,DA1236-M,M,,DA1236-M,3,0,0,0
REBEL MASS EXPORT PVT LTD,SS25-0004 CHARCOAL,DA1244-M,M,,DA1244-M,3,0,0,0
REBEL MASS EXPORT PVT LTD,SS25-0005 MAROON,DA1249-L,L,,DA1249-L,3,0,0,0
REBEL MASS EXPORT PVT LTD,SS25-0005 MAROON,DA1250-XL,XL,,DA1250-XL,3,0,0,0
REBEL MASS EXPORT PVT LTD,SS25-0005 MAROON,DA1251-XXL,XXL,,DA1251-XXL,3,0,0,0
REBEL MASS EXPORT PVT LTD,SS25-0008 TEAL,DA1261-L,L,,DA1261-L,3,0,0,0
REBEL MASS EXPORT PVT LTD,SS25-0008 TEAL,DA1260-M,M,,DA1260-M,3,0,0,0
REBEL MASS EXPORT PVT LTD,SS25-0008 TEAL,DA1262-XL,XL,,DA1262-XL,3,0,0,0
REBEL MASS EXPORT PVT LTD,SS25-0009 BLACK,DA1358-XXL,XXL,,DA1358-XXL,3,0,0,0
REBEL MASS EXPORT PVT LTD,SS25-0013 OLIVE,DA1376-L,L,,DA1376-L,3,0,0,0
REBEL MASS EXPORT PVT LTD,SS25-0013 OLIVE,DA1375-M,M,,DA1375-M,3,0,0,0
REBEL MASS EXPORT PVT LTD,SS25-0013 OLIVE,DA1377-XL,XL,,DA1377-XL,3,0,0,0
REBEL MASS EXPORT PVT LTD,TRC25-0002 ANTHRA,DA3287-XL,XL,,DA3287-XL,3,0,0,1
REBEL MASS EXPORT PVT LTD,TS25-0003C WHITE,DA0847-L,L,,DA0847-L,3,0,0,0
REBEL MASS EXPORT PVT LTD,TS25-0004 BLACK,DA0891-XL,XL,,DA0891-XL,3,0,0,0
REBEL MASS EXPORT PVT LTD,TS25-0005 BROWN,DA0880-XXL,XXL,,DA0880-XXL,3,0,0,0
REBEL MASS EXPORT PVT LTD,TS25-0005 SKY BLUE,DA0995-L,L,,DA0995-L,3,0,0,0
REBEL MASS EXPORT PVT LTD,TS25-0005 SKY BLUE,DA0994-M,M,,DA0994-M,3,0,0,0
REBEL MASS EXPORT PVT LTD,TS25-0005 SKY BLUE,DA0997-XXL,XXL,,DA0997-XXL,3,0,0,0
REBEL MASS EXPORT PVT LTD,TS25-0007 WHT/BLU,DA0902-L,L,,DA0902-L,3,0,0,0
REBEL MASS EXPORT PVT LTD,TS25-0010 PINK,DA0914-L,L,,DA0914-L,3,0,0,0
REBEL MASS EXPORT PVT LTD,TS25-0010 PINK,DA0915-XL,XL,,DA0915-XL,3,0,0,0
REBEL MASS EXPORT PVT LTD,TS25-0013 WHITE,DA1014-M,M,,DA1014-M,3,0,0,0
REBEL MASS EXPORT PVT LTD,TS25-0013A B.GREEN,DA1200-M,M,,DA1200-M,3,0,0,0
REBEL MASS EXPORT PVT LTD,TS25-0013A B.GREEN,DA1203-XXL,XXL,,DA1203-XXL,3,0,0,0
REBEL MASS EXPORT PVT LTD,TS25-0013A NAVY,DA1188-M,M,,DA1188-M,3,0,0,0
REBEL MASS EXPORT PVT LTD,TS25-0013A PISTA,DA1204-M,M,,DA1204-M,3,0,0,0
REBEL MASS EXPORT PVT LTD,TS25-0013A RED,DA1210-XL,XL,,DA1210-XL,3,0,0,0
REBEL MASS EXPORT PVT LTD,TS25-0013A RED,DA1211-XXL,XXL,,DA1211-XXL,3,0,0,0
REBEL MASS EXPORT PVT LTD,TS25-0015B GREY,DA1626-M,M,,DA1626-M,3,0,0,0
REBEL MASS EXPORT PVT LTD,TS25-0015D GREY,DA1637-XXL,XXL,,DA1637-XXL,3,0,0,0
REBEL MASS EXPORT PVT LTD,TS25-0016 SKY,DA1639-L,L,,DA1639-L,3,0,0,0
REBEL MASS EXPORT PVT LTD,TS25-0022 MAROON,DA1662-M,M,,DA1662-M,3,0,0,0
REBEL MASS EXPORT PVT LTD,TS25-0026 CHARCOAL,DA1686-M,M,,DA1686-M,3,0,0,0
REBEL MASS EXPORT PVT LTD,TS25-0026 CHARCOAL,DA1689-XXL,XXL,,DA1689-XXL,3,0,0,0
REBEL MASS EXPORT PVT LTD,TS25-0027 BLUE,DA1690-M,M,,DA1690-M,3,0,0,0
REBEL MASS EXPORT PVT LTD,TS25-0034 GREY,DA1908-M,M,,DA1908-M,3,0,0,0
REBEL MASS EXPORT PVT LTD,TS25-0034 OFF WHITE,DA1902-S,S,,DA1902-S,3,0,0,0
REBEL MASS EXPORT PVT LTD,TS25-0034 PISTA,DA1913-M,M,,DA1913-M,3,0,0,0
REBEL MASS EXPORT PVT LTD,TS25-0035 GREY,DA1938-L,L,,DA1938-L,3,0,0,0
REBEL MASS EXPORT PVT LTD,TS25-0058 WHT/OLIVE,DA2445-XXL,XXL,,DA2445-XXL,3,0,0,0
REBEL MASS EXPORT PVT LTD,TS26-0002 GREY/BLUE,BM0074-L,L,,BM0074-L,3,0,0,0
REBEL MASS EXPORT PVT LTD,3PC25-0011 SEA BLUE,DA2498-96.52CM(38),96.52CM (38),,DA2498-96.52CM(38),2,0,0,0
REBEL MASS EXPORT PVT LTD,BLZ25-0018 BLUE,DA2550-106.68CM(42),106.68CM (42),,DA2550-106.68CM(42),2,0,0,0
REBEL MASS EXPORT PVT LTD,BLZ25-0019 GREY,DA2563-111.76CM(44),111.76CM (44),,DA2563-111.76CM(44),2,0,0,0
REBEL MASS EXPORT PVT LTD,CSH25-0080 CREAM/BEIGE,DA2618-M,M,,DA2618-M,2,0,0,0
REBEL MASS EXPORT PVT LTD,CSH25-0084 BLACK,DA2638-M,M,,DA2638-M,2,0,0,0
REBEL MASS EXPORT PVT LTD,CSH25-0090 L.GREY,DA2668-M,M,,DA2668-M,2,0,0,0
REBEL MASS EXPORT PVT LTD,CSH25-0101 CREAM,DA2726-XXL,XXL,,DA2726-XXL,2,0,0,0
REBEL MASS EXPORT PVT LTD,CSH25-0107 OLIVE,DA3194-M,M,,DA3194-M,2,0,0,0
REBEL MASS EXPORT PVT LTD,CSH25-0107 OLIVE,DA3193-S,S,,DA3193-S,2,0,0,0
REBEL MASS EXPORT PVT LTD,CSH25-0107 OLIVE,DA3198-XXXL,XXXL,,DA3198-XXXL,2,0,0,0
REBEL MASS EXPORT PVT LTD,CSH25-0107 PISTA GREEN,DA3264-XXXL,XXXL,,DA3264-XXXL,2,0,0,0
REBEL MASS EXPORT PVT LTD,CSH25-0107 WINE,DA3222-XXXL,XXXL,,DA3222-XXXL,2,0,0,0
REBEL MASS EXPORT PVT LTD,CSH26-0001 GREY,DA3974-M,M,,DA3974-M,2,0,0,0
REBEL MASS EXPORT PVT LTD,CSH26-0001 GREY,DA3976-XL,XL,,DA3976-XL,2,0,0,0
REBEL MASS EXPORT PVT LTD,CSH26-0002 RED,DA3986-M,M,,DA3986-M,2,0,0,0
REBEL MASS EXPORT PVT LTD,CSH26-0002 RED,DA3988-XL,XL,,DA3988-XL,2,0,0,0
REBEL MASS EXPORT PVT LTD,CSS26-0001 GREY,DA3910-M,M,,DA3910-M,2,0,0,0
REBEL MASS EXPORT PVT LTD,DNM26-0003 ICE WASH,DA4215-96.52CM(38),96.52CM (38),,DA4215-96.52CM(38),2,0,0,0
REBEL MASS EXPORT PVT LTD,DNM26-0008 BLUE,BM0133-71.12CM(28),71.12CM (28),,BM0133-71.12CM(28),2,0,0,0
REBEL MASS EXPORT PVT LTD,FSH25-0062 L.BEIGE,DA2303-M,M,,DA2303-M,2,0,0,0
REBEL MASS EXPORT PVT LTD,FSH25-0062 PISTA,DA2322-L,L,,DA2322-L,2,0,0,0
REBEL MASS EXPORT PVT LTD,FSH25-0062 SKY,DA2264-XXL,XXL,,DA2264-XXL,2,0,0,0
REBEL MASS EXPORT PVT LTD,FSH25-0065 WHITE,DA2853-M,M,,DA2853-M,2,0,0,0
REBEL MASS EXPORT PVT LTD,FSH25-0065 WHITE,DA2856-XXL,XXL,,DA2856-XXL,2,0,0,0
REBEL MASS EXPORT PVT LTD,FSH25-0066 WHITE,DA2857-M,M,,DA2857-M,2,0,0,0
REBEL MASS EXPORT PVT LTD,FSH25-0068B BLACK,DA2872-XXL,XXL,,DA2872-XXL,2,0,0,0
REBEL MASS EXPORT PVT LTD,FSH25-0069 MAROON,DA3021-S,S,,DA3021-S,2,0,0,0
REBEL MASS EXPORT PVT LTD,FSH25-0071 PISTA,DA3471-M,M,,DA3471-M,2,0,0,0
REBEL MASS EXPORT PVT LTD,FSH25-0072 L. SKY,DA3490-XXL,XXL,,DA3490-XXL,2,0,0,0
REBEL MASS EXPORT PVT LTD,FSH25-0072 SKY,DA3475-M,M,,DA3475-M,2,0,0,0
REBEL MASS EXPORT PVT LTD,FTR25-0084 MEHROON,DA3122-86.36CM(34),86.36CM (34),,DA3122-86.36CM(34),2,0,0,0
REBEL MASS EXPORT PVT LTD,JKT26-0001 GOLDEN,DA3896-XL,XL,,DA3896-XL,2,0,0,0
REBEL MASS EXPORT PVT LTD,JKT26-0001 GOLDEN,DA3897-XXL,XXL,,DA3897-XXL,2,0,0,0
REBEL MASS EXPORT PVT LTD,JKT26-0001 WHITE,DA3887-L,L,,DA3887-L,2,0,0,0
REBEL MASS EXPORT PVT LTD,JKT26-0001 WHITE,DA3886-M,M,,DA3886-M,2,0,0,0
REBEL MASS EXPORT PVT LTD,JKT26-0001 WHITE,DA3888-XL,XL,,DA3888-XL,2,0,0,0
REBEL MASS EXPORT PVT LTD,LW25-0001 BLACK,DA2030-M,M,,DA2030-M,2,0,0,0
REBEL MASS EXPORT PVT LTD,LW25-0001 BLACK,DA2032-XL,XL,,DA2032-XL,2,0,0,0
REBEL MASS EXPORT PVT LTD,LW25-0001 PISTA,DA2027-L,L,,DA2027-L,2,0,0,0
REBEL MASS EXPORT PVT LTD,LW25-0001 PISTA,DA2029-XXL,XXL,,DA2029-XXL,2,0,0,0
REBEL MASS EXPORT PVT LTD,LW26-0001 BLUE,DA3819-L,L,,DA3819-L,2,0,0,0
REBEL MASS EXPORT PVT LTD,LW26-0001 MEHANDI,DA3825-XXL,XXL,,DA3825-XXL,2,0,0,0
REBEL MASS EXPORT PVT LTD,LW26-0001 MEHROON,DA3794-M,M,,DA3794-M,2,0,0,0
REBEL MASS EXPORT PVT LTD,LW26-0001 SKY,DA3871-L,L,,DA3871-L,2,0,0,0
REBEL MASS EXPORT PVT LTD,LW26-0001 SKY,DA3872-XL,XL,,DA3872-XL,2,0,0,0
REBEL MASS EXPORT PVT LTD,LW26-0001 TEAL,DA3882-M,M,,DA3882-M,2,0,0,0
REBEL MASS EXPORT PVT LTD,LW26-0001 TEAL,DA3884-XL,XL,,DA3884-XL,2,0,0,0
REBEL MASS EXPORT PVT LTD,LW26-0001 TEAL,DA3885-XXL,XXL,,DA3885-XXL,2,0,0,0
REBEL MASS EXPORT PVT LTD,LW26-0002 PEACH,DA3875-L,L,,DA3875-L,2,0,0,0
REBEL MASS EXPORT PVT LTD,LW26-0003 G.BLUE,DA3898-M,M,,DA3898-M,2,0,0,0
REBEL MASS EXPORT PVT LTD,LW26-0003 G.BLUE,DA3900-XL,XL,,DA3900-XL,2,0,0,0
REBEL MASS EXPORT PVT LTD,LW26-0005 BLACK,DA4079-L,L,,DA4079-L,2,0,0,0
REBEL MASS EXPORT PVT LTD,SHORT-0003 GREY PRINT,DA2362-XXL,XXL,,DA2362-XXL,2,0,0,0
REBEL MASS EXPORT PVT LTD,SHORT25-0004 BROWN,DA3039-71.12CM(28),71.12CM (28),,DA3039-71.12CM(28),2,0,0,0
REBEL MASS EXPORT PVT LTD,SHORT25-0004 BROWN,DA3041-81.28CM(32),81.28CM (32),,DA3041-81.28CM(32),2,0,0,0
REBEL MASS EXPORT PVT LTD,SHORT25-0004 BROWN,DA3044-96.52CM(38),96.52CM (38),,DA3044-96.52CM(38),2,0,0,0
REBEL MASS EXPORT PVT LTD,SHORTSET26-001 CREAM,BM0216-L,L,,BM0216-L,2,0,0,0
REBEL MASS EXPORT PVT LTD,SHORTSET26-001 CREAM,BM0215-M,M,,BM0215-M,2,0,0,0
REBEL MASS EXPORT PVT LTD,SHORTSET26-001 TEAL,BM0221-XL,XL,,BM0221-XL,2,0,0,0
REBEL MASS EXPORT PVT LTD,TS25-0012 OLIVE,DA2126-XXL,XXL,,DA2126-XXL,2,0,0,0
REBEL MASS EXPORT PVT LTD,TS25-0037 NAVY,DA1975-XXL,XXL,,DA1975-XXL,2,0,0,0
REBEL MASS EXPORT PVT LTD,TS25-0038 OLIVE,DA1977-M,M,,DA1977-M,2,0,0,0
REBEL MASS EXPORT PVT LTD,TS25-0038 OLIVE,DA1980-XXL,XXL,,DA1980-XXL,2,0,0,0
REBEL MASS EXPORT PVT LTD,TS25-0049 SKY BLUE,DA2208-XXL,XXL,,DA2208-XXL,2,0,0,0
REBEL MASS EXPORT PVT LTD,TS25-0050 NAVY,DA2212-XL,XL,,DA2212-XL,2,0,0,0
REBEL MASS EXPORT PVT LTD,TS26-0002 BLACK/WHT,BM0159-XL,XL,,BM0159-XL,2,0,0,0
REBEL MASS EXPORT PVT LTD,TS26-0002 PEACH,BM0143-XL,XL,,BM0143-XL,2,0,0,0
REBEL MASS EXPORT PVT LTD,TS26-0008 GREY/WHITE,BM0087-XL,XL,,BM0087-XL,2,0,0,0
REBEL MASS EXPORT PVT LTD,2PC25-0002 ROYAL BLUE,DA0707-96.52CM(38),96.52CM (38),,DA0707-96.52CM(38),2,0,0,0
REBEL MASS EXPORT PVT LTD,2PC25-0005 TURQ,DA0722-111.76CM(44),111.76CM (44),,DA0722-111.76CM(44),2,0,0,0
REBEL MASS EXPORT PVT LTD,2PC25-0006 B.GREEN,DA0726-111.76CM(44),111.76CM (44),,DA0726-111.76CM(44),2,0,0,0
REBEL MASS EXPORT PVT LTD,2PC25-0007 M.BLUE,DA0728-101.6CM(40),101.6CM (40),,DA0728-101.6CM(40),2,0,0,0
REBEL MASS EXPORT PVT LTD,2PC25-0007 M.BLUE,DA0729-106.68CM(42),106.68CM (42),,DA0729-106.68CM(42),2,0,0,0
REBEL MASS EXPORT PVT LTD,2PC25-0011 CHARCOAL,DA0746-111.76CM(44),111.76CM (44),,DA0746-111.76CM(44),2,0,0,0
REBEL MASS EXPORT PVT LTD,2PC25-0012 CREAM,DA0747-96.52CM(38),96.52CM (38),,DA0747-96.52CM(38),2,0,0,0
REBEL MASS EXPORT PVT LTD,2PC25-0013 BLUE,DA0754-111.76CM(44),111.76CM (44),,DA0754-111.76CM(44),2,0,0,0
REBEL MASS EXPORT PVT LTD,2PC25-0013 BLUE,DA0751-96.52CM(38),96.52CM (38),,DA0751-96.52CM(38),2,0,0,0
REBEL MASS EXPORT PVT LTD,2PC25-0016 BLK/MAHROON,DA0764-101.6CM(40),101.6CM (40),,DA0764-101.6CM(40),2,0,0,0
REBEL MASS EXPORT PVT LTD,2PC25-0016 BLK/MAHROON,DA0765-106.68CM(42),106.68CM (42),,DA0765-106.68CM(42),2,0,0,0
REBEL MASS EXPORT PVT LTD,2PC25-0018 BLACK,DA1848-106.68CM(42),106.68CM (42),,DA1848-106.68CM(42),2,0,0,0
REBEL MASS EXPORT PVT LTD,2PC25-0020 NAVY/BLU,DA1856-106.68CM(42),106.68CM (42),,DA1856-106.68CM(42),2,0,0,0
REBEL MASS EXPORT PVT LTD,2PC25-0020 NAVY/BLU,DA1857-111.76CM(44),111.76CM (44),,DA1857-111.76CM(44),2,0,0,0
REBEL MASS EXPORT PVT LTD,2PC25-0021 BLACK,DA1860-106.68CM(42),106.68CM (42),,DA1860-106.68CM(42),2,0,0,0
REBEL MASS EXPORT PVT LTD,2PC25-0022 BLACK,DA1862-96.52CM(38),96.52CM (38),,DA1862-96.52CM(38),2,0,0,0
REBEL MASS EXPORT PVT LTD,2PC25-0026 GREY,DA1941-116.84(46),116.84 (46),,DA1941-116.84(46),2,0,0,0
REBEL MASS EXPORT PVT LTD,3PC25-0002 L.GREY,DA0930-111.76CM(44),111.76CM (44),,DA0930-111.76CM(44),2,0,0,0
REBEL MASS EXPORT PVT LTD,3PC25-0003 GREY,DA0940-101.6CM(40),101.6CM (40),,DA0940-101.6CM(40),2,0,0,0
REBEL MASS EXPORT PVT LTD,3PC25-0003 GREY,DA0942-111.76CM(44),111.76CM (44),,DA0942-111.76CM(44),2,0,0,0
REBEL MASS EXPORT PVT LTD,3PC25-0003 GREY,DA0939-96.52CM(38),96.52CM (38),,DA0939-96.52CM(38),2,0,0,0
REBEL MASS EXPORT PVT LTD,3PC25-0003 KHAKI,DA0934-111.76CM(44),111.76CM (44),,DA0934-111.76CM(44),2,0,0,0
REBEL MASS EXPORT PVT LTD,3PC25-0003 KHAKI,DA0958-116.84CM(46),116.84CM (46),,DA0958-116.84CM(46),2,0,0,0
REBEL MASS EXPORT PVT LTD,3PC25-0003 KHAKI,DA0931-96.52CM(38),96.52CM (38),,DA0931-96.52CM(38),2,0,0,0
REBEL MASS EXPORT PVT LTD,3PC25-0004 NAVY,DA0951-111.76CM(44),111.76CM (44),,DA0951-111.76CM(44),2,0,0,0
REBEL MASS EXPORT PVT LTD,3PC25-0004 NAVY,DA0952-116.84CM(46),116.84CM (46),,DA0952-116.84CM(46),2,0,0,0
REBEL MASS EXPORT PVT LTD,3PC25-0004 NAVY,DA0948-96.52CM(38),96.52CM (38),,DA0948-96.52CM(38),2,0,0,0
REBEL MASS EXPORT PVT LTD,3PC25-0005 NAVY,DA0955-106.68CM(42),106.68CM (42),,DA0955-106.68CM(42),2,0,0,0
REBEL MASS EXPORT PVT LTD,3PC25-0007 BLUE,DA1887-101.6CM(40),101.6CM (40),,DA1887-101.6CM(40),2,0,0,0
REBEL MASS EXPORT PVT LTD,3PC25-0009 GREY,DA1896-106.68CM(42),106.68CM (42),,DA1896-106.68CM(42),2,0,0,0
REBEL MASS EXPORT PVT LTD,3PC25-0009 GREY,DA1894-96.52CM(38),96.52CM (38),,DA1894-96.52CM(38),2,0,0,0
REBEL MASS EXPORT PVT LTD,ASRFTR-001 N/A,DA3051-76.20CM(30),76.20CM (30),,DA3051-76.20CM(30),2,0,0,0
REBEL MASS EXPORT PVT LTD,AW24BL0002-0002762 L.GREEN,0002762-91.44CM(36),91.44CM (36),,0002762-91.44CM(36),2,0,0,0
REBEL MASS EXPORT PVT LTD,AW24BL0002-0002766 L.GREEN,0002766-111.76CM(44),111.76CM (44),,0002766-111.76CM(44),2,0,0,0
REBEL MASS EXPORT PVT LTD,AW24BL0002-0002769 KHAKI,0002769-96.52CM(38),96.52CM (38),,0002769-96.52CM(38),2,0,0,0
REBEL MASS EXPORT PVT LTD,AW24BL0003-0003201 CAMEL,0003201-101.6CM(40),101.6CM (40),,0003201-101.6CM(40),2,0,0,0
REBEL MASS EXPORT PVT LTD,AW24BL0003-0003213 NAVY,0003213-101.6CM(40),101.6CM (40),,0003213-101.6CM(40),2,0,0,0
REBEL MASS EXPORT PVT LTD,AW24BL0004-0008074 BEIGE,0008074-91.44CM(36),91.44CM(36),,0008074-91.44CM(36),2,0,0,0
REBEL MASS EXPORT PVT LTD,AW24BL0007-0003693 MULTI,0003693-91.44CM(36),91.44CM(36),,0003693-91.44CM(36),2,0,0,0
REBEL MASS EXPORT PVT LTD,AW24BL0007-0003694 MULTI,0003694-96.52CM(38),96.52CM (38),,0003694-96.52CM(38),2,0,0,0
REBEL MASS EXPORT PVT LTD,AW24BL0007-0003695 MULTI,0003695-101.6CM(40),101.6CM (40),,0003695-101.6CM(40),2,0,0,0
REBEL MASS EXPORT PVT LTD,AW24BL0007-0003696 MULTI,0003696-106.68CM(42),106.68CM (42),,0003696-106.68CM(42),2,0,0,0
REBEL MASS EXPORT PVT LTD,AW24BL0009-0004093 MAHROON,0004093-111.76CM(44),111.76CM (44),,0004093-111.76CM(44),2,0,0,0
REBEL MASS EXPORT PVT LTD,AW24BL0011-0004432 BLACK,0004432-106.68CM(42),106.68CM (42),,0004432-106.68CM(42),2,0,0,0
REBEL MASS EXPORT PVT LTD,AW24BL0014-0004445 ICE/BLUE,0004445-111.76CM(44),111.76CM (44),,0004445-111.76CM(44),2,0,0,0
REBEL MASS EXPORT PVT LTD,AW24BL0014-0004446 BOTLE GREEN,0004446-96.52CM(38),96.52CM (38),,0004446-96.52CM(38),2,0,0,0
REBEL MASS EXPORT PVT LTD,AW24BL0015-0005188 SEA GREEN,0005188-96.52CM(38),96.52CM (38),,0005188-96.52CM(38),2,0,0,0
REBEL MASS EXPORT PVT LTD,AW24BL0015-0005191 SEA GREEN,0005191-111.76CM(44),111.76CM (44),,0005191-111.76CM(44),2,0,0,0
REBEL MASS EXPORT PVT LTD,AW24BL0015-0005192 L.GREY,0005192-96.52CM(38),96.52CM (38),,0005192-96.52CM(38),2,0,0,0
REBEL MASS EXPORT PVT LTD,AW24BL0015-0005196 GREY,0005196-96.52CM(38),96.52CM (38),,0005196-96.52CM(38),2,0,0,0
REBEL MASS EXPORT PVT LTD,AW24BL0015-0005200 BLUE,0005200-96.52CM(38),96.52CM (38),,0005200-96.52CM(38),2,0,0,0
REBEL MASS EXPORT PVT LTD,AW24BL0015-0005203 BLUE,0005203-111.76CM(44),111.76CM (44),,0005203-111.76CM(44),2,0,0,0
REBEL MASS EXPORT PVT LTD,AW24CR0001-0002408 GREY,0002408-76.20CM(30),76.20CM (30),,0002408-76.20CM(30),2,0,0,0
REBEL MASS EXPORT PVT LTD,AW24CR0001-0002413 GREY,0002413-101.6CM(40),101.6CM (40),,0002413-101.6CM(40),2,0,0,0
REBEL MASS EXPORT PVT LTD,AW24CR0001-0002416 BEIGE,0002416-86.36CM(34),86.36CM (34),,0002416-86.36CM(34),2,0,0,0
REBEL MASS EXPORT PVT LTD,AW24CR0001-0002431 BLACK,0002431-101.6CM(40),101.6CM (40),,0002431-101.6CM(40),2,0,0,0
REBEL MASS EXPORT PVT LTD,AW24CTR0001-0002824 BLACK,0002824-76.20CM(30),76.20CM (30),,0002824-76.20CM(30),2,0,0,0
REBEL MASS EXPORT PVT LTD,AW24CTR0001-0002829 FAWN,0002829-76.20CM(30),76.20CM (30),,0002829-76.20CM(30),2,0,0,0
REBEL MASS EXPORT PVT LTD,AW24CTR0001-0002831 FAWN,0002831-86.36CM(34),86.36CM (34),,0002831-86.36CM(34),2,0,0,0
REBEL MASS EXPORT PVT LTD,AW24CTR0001-0002833 FAWN,0002833-96.52CM(38),96.52CM (38),,0002833-96.52CM(38),2,0,0,0
REBEL MASS EXPORT PVT LTD,AW24CTR0001-0002834 NAVY,0002834-76.20CM(30),76.20CM (30),,0002834-76.20CM(30),2,0,0,0
REBEL MASS EXPORT PVT LTD,AW24CTR0001-0002836 NAVY,0002836-86.36CM(34),86.36CM (34),,0002836-86.36CM(34),2,0,0,0
REBEL MASS EXPORT PVT LTD,AW24CTR0001-0002842 COFFEE,0002842-91.44CM(36),91.44CM (36),,0002842-91.44CM(36),2,0,0,0
REBEL MASS EXPORT PVT LTD,AW24CTR0001-0002846 BEIGE,0002846-86.36CM(34),86.36CM (34),,0002846-86.36CM(34),2,0,0,0
REBEL MASS EXPORT PVT LTD,AW24CTR0002-0002854 BLACK,0002854-76.20CM(30),76.20CM (30),,0002854-76.20CM(30),2,0,0,0
REBEL MASS EXPORT PVT LTD,AW24CTR0002-0002858 BLACK,0002858-96.52CM(38),96.52CM (38),,0002858-96.52CM(38),2,0,0,0
REBEL MASS EXPORT PVT LTD,AW24CTR0002-0002859 GREY,0002859-76.20CM(30),76.20CM (30),,0002859-76.20CM(30),2,0,0,0
REBEL MASS EXPORT PVT LTD,AW24CTR0002-0002864 BLUE,0002864-76.20CM(30),76.20CM (30),,0002864-76.20CM(30),2,0,0,0
REBEL MASS EXPORT PVT LTD,AW24CTR0003-0004834 NAVY,0004834-76.20CM(30),76.20CM (30),,0004834-76.20CM(30),2,0,0,0
REBEL MASS EXPORT PVT LTD,AW24CTR0003-0004840 BLACK,0004840-76.20CM(30),76.20CM (30),,0004840-76.20CM(30),2,0,0,0
REBEL MASS EXPORT PVT LTD,AW24CTR0003-0004842 BLACK,0004842-86.36CM(34),86.36CM (34),,0004842-86.36CM(34),2,0,0,0
REBEL MASS EXPORT PVT LTD,AW24CTR0003-0004849 WHITE,0004849-91.44CM(36),91.44CM (36),,0004849-91.44CM(36),2,0,0,0
REBEL MASS EXPORT PVT LTD,AW24CTR0005-0005755 COFFEE,0005755-91.44CM(36),91.44CM (36),,0005755-91.44CM(36),2,0,0,0
REBEL MASS EXPORT PVT LTD,AW24CTR0005-0005766 OLIVE,0005766-96.52CM(38),96.52CM (38),,0005766-96.52CM(38),2,0,0,0
REBEL MASS EXPORT PVT LTD,AW24CTR0005-0005771 CREAM,0005771-96.52CM(38),96.52CM (38),,0005771-96.52CM(38),2,0,0,0
REBEL MASS EXPORT PVT LTD,AW24D0002-0002550 CARBON BLUE,0002550-86.36CM(34),86.36CM (34),,0002550-86.36CM(34),2,0,0,0
REBEL MASS EXPORT PVT LTD,AW24D0005-0003514 ICE BLUE,0003514-86.36CM(34),86.36CM (34),,0003514-86.36CM(34),2,0,0,0
REBEL MASS EXPORT PVT LTD,AW24D0009-0003541 DARK BLUE,0003541-71.12CM(28),71.12CM (28),,0003541-71.12CM(28),2,0,0,0
REBEL MASS EXPORT PVT LTD,AW24D0009-0003543 DARK BLUE,0003543-81.28CM(32),81.28CM (32),,0003543-81.28CM(32),2,0,0,0
REBEL MASS EXPORT PVT LTD,AW24D0009A-0004271 ICE BLUE,0004271-81.28CM(32),81.28CM (32),,0004271-81.28CM(32),2,0,0,0
REBEL MASS EXPORT PVT LTD,AW24D0009A-0004272 ICE BLUE,0004272-86.36CM(34),86.36CM (34),,0004272-86.36CM(34),2,0,0,0
REBEL MASS EXPORT PVT LTD,AW24D0024-0005414 L.BLUE,0005414-91.44CM(36),91.44CM (36),,0005414-91.44CM(36),2,0,0,0
REBEL MASS EXPORT PVT LTD,AW24D0027-0005447 BLACK,0005447-76.20CM(30),76.20CM (30),,0005447-76.20CM(30),2,0,0,0
REBEL MASS EXPORT PVT LTD,AW24D0027-0005450 BLACK,0005450-91.44CM(36),91.44CM (36),,0005450-91.44CM(36),2,0,0,0
REBEL MASS EXPORT PVT LTD,AW24FTR0001-0002519 GREY,0002519-81.28CM(32),81.28CM (32),,0002519-81.28CM(32),2,0,0,0
REBEL MASS EXPORT PVT LTD,AW24FTR0001-0002586 BLUE,0002586-86.36CM(34),86.36CM (34),,0002586-86.36CM(34),2,0,0,0
REBEL MASS EXPORT PVT LTD,AW24FTR0001-0005164 CHARCOAL,0005164-91.44CM(36),91.44CM(36),,0005164-91.44CM(36),2,0,0,0
REBEL MASS EXPORT PVT LTD,AW24FTR0001-0005166 CHARCOAL,0005166-101.6CM(40),101.6CM (40),,0005166-101.6CM(40),2,0,0,0
REBEL MASS EXPORT PVT LTD,AW24FTR0004-0002610 BLACK,0002610-101.6CM(40),101.6CM (40),,0002610-101.6CM(40),2,0,0,0
REBEL MASS EXPORT PVT LTD,AW24FTR0005-0002999 SEA GREEN,0002999-86.36CM(34),86.36CM (34),,0002999-86.36CM(34),2,0,0,0
REBEL MASS EXPORT PVT LTD,AW24FTR0005-0003000 SEA GREEN,0003000-91.44CM(36),91.44CM(36),,0003000-91.44CM(36),2,0,0,0
REBEL MASS EXPORT PVT LTD,AW24FTR0005-0003014 GREY,0003014-71.12CM(28),71.12CM (28),,0003014-71.12CM(28),2,0,0,0
REBEL MASS EXPORT PVT LTD,AW24FTR0005-0003020 SKY BLUE,0003020-71.12CM(28),71.12CM (28),,0003020-71.12CM(28),2,0,0,0
REBEL MASS EXPORT PVT LTD,AW24FTR0005-0003023 SKY BLUE,0003023-86.36CM(34),86.36CM (34),,0003023-86.36CM(34),2,0,0,0
REBEL MASS EXPORT PVT LTD,AW24FTR0005-0003025 SKY BLUE,0003025-96.52CM(38),96.52CM (38),,0003025-96.52CM(38),2,0,0,0
REBEL MASS EXPORT PVT LTD,AW24FTR0005-0003031 GREEN,0003031-96.52CM(38),96.52CM (38),,0003031-96.52CM(38),2,0,0,0
REBEL MASS EXPORT PVT LTD,AW24FTR0005-0003038 CHARCOAL,0003038-71.12CM(28),71.12CM (28),,0003038-71.12CM(28),2,0,0,0
REBEL MASS EXPORT PVT LTD,AW24FTR0005-0003043 CHARCOAL,0003043-96.52CM(38),96.52CM (38),,0003043-96.52CM(38),2,0,0,0
REBEL MASS EXPORT PVT LTD,AW24FTR0005-0003044 PISTA,0003044-71.12CM(28),71.12CM (28),,0003044-71.12CM(28),2,0,0,0
REBEL MASS EXPORT PVT LTD,AW24FTR0005-0003045 PISTA,0003045-76.2CM(30),76.2CM (30),,0003045-76.2CM(30),2,0,0,0
REBEL MASS EXPORT PVT LTD,AW24FTR0005-0003052 CHARCOAL,0003052-81.28CM(32),81.28CM (32),,0003052-81.28CM(32),2,0,0,0
REBEL MASS EXPORT PVT LTD,AW24FTR0005-0003056 L.GREEN,0003056-71.12CM(28),71.12CM (28),,0003056-71.12CM(28),2,0,0,0
REBEL MASS EXPORT PVT LTD,AW24FTR0005-0003058 L.GREEN,0003058-81.28CM(32),81.28CM (32),,0003058-81.28CM(32),2,0,0,0
REBEL MASS EXPORT PVT LTD,AW24FTR0005-0003059 L.GREEN,0003059-86.36CM(34),86.36CM (34),,0003059-86.36CM(34),2,0,0,0
REBEL MASS EXPORT PVT LTD,AW24FTR0005-0003062 GREEN,0003062-71.12CM(28),71.12CM (28),,0003062-71.12CM(28),2,0,0,0
REBEL MASS EXPORT PVT LTD,AW24FTR0005-0003066 GREEN,0003066-91.44CM(36),91.44CM(36),,0003066-91.44CM(36),2,0,0,0
REBEL MASS EXPORT PVT LTD,AW24FTR0005-0003067 GREEN,0003067-96.52CM(38),96.52CM (38),,0003067-96.52CM(38),2,0,0,0
REBEL MASS EXPORT PVT LTD,AW24FTR0005-0003073 CREAM,0003073-96.52CM(38),96.52CM (38),,0003073-96.52CM(38),2,0,0,0
REBEL MASS EXPORT PVT LTD,AW24FTR0005-0003077 KHAKI,0003077-86.36CM(34),86.36CM (34),,0003077-86.36CM(34),2,0,0,0
REBEL MASS EXPORT PVT LTD,AW24FTR0005-0003089 D.KHAKI,0003089-86.36CM(34),86.36CM (34),,0003089-86.36CM(34),2,0,0,0
REBEL MASS EXPORT PVT LTD,AW24FTR0005-0003102 L.MUSTARD.,0003102-91.44CM(36),91.44CM(36),,0003102-91.44CM(36),2,0,0,0
REBEL MASS EXPORT PVT LTD,AW24FTR0005-0003104 D.KHAKI,0003104-71.12CM(28),71.12CM (28),,0003104-71.12CM(28),2,0,0,0
REBEL MASS EXPORT PVT LTD,AW24FTR0005-0003121 L.GREEN,0003121-96.52CM(38),96.52CM (38),,0003121-96.52CM(38),2,0,0,0
REBEL MASS EXPORT PVT LTD,AW24FTR0005-0003122 BLUE,0003122-71.12CM(28),71.12CM (28),,0003122-71.12CM(28),2,0,0,0
REBEL MASS EXPORT PVT LTD,AW24FTR0005-0003123 BLUE,0003123-76.2CM(30),76.2CM (30),,0003123-76.2CM(30),2,0,0,0
REBEL MASS EXPORT PVT LTD,AW24FTR0005-0003125 BLUE,0003125-86.36CM(34),86.36CM (34),,0003125-86.36CM(34),2,0,0,0
REBEL MASS EXPORT PVT LTD,AW24FTR0005-0003128 BROWN,0003128-71.12CM(28),71.12CM (28),,0003128-71.12CM(28),2,0,0,0
REBEL MASS EXPORT PVT LTD,AW24FTR0005-0003129 BROWN,0003129-76.2CM(30),76.2CM (30),,0003129-76.2CM(30),2,0,0,0
REBEL MASS EXPORT PVT LTD,AW24FTR0005-0003131 BROWN,0003131-86.36CM(34),86.36CM (34),,0003131-86.36CM(34),2,0,0,0
REBEL MASS EXPORT PVT LTD,AW24FTR0005-0003132 BROWN,0003132-91.44CM(36),91.44CM(36),,0003132-91.44CM(36),2,0,0,0
REBEL MASS EXPORT PVT LTD,AW24FTR0005-0003134 SEA GREEN,0003134-71.12CM(28),71.12CM (28),,0003134-71.12CM(28),2,0,0,0
REBEL MASS EXPORT PVT LTD,AW24FTR0005-0003144 L.BROWN,0003144-91.44CM(36),91.44CM(36),,0003144-91.44CM(36),2,0,0,0
REBEL MASS EXPORT PVT LTD,AW24FTR0005-0003145 L.BROWN,0003145-96.52CM(38),96.52CM (38),,0003145-96.52CM(38),2,0,0,0
REBEL MASS EXPORT PVT LTD,AW24FTR0005-0003150 PEACH,0003150-91.44CM(36),91.44CM(36),,0003150-91.44CM(36),2,0,0,0
REBEL MASS EXPORT PVT LTD,AW24FTR0005-0003158 MID  BLUE,0003158-71.12CM(28),71.12CM (28),,0003158-71.12CM(28),2,0,0,0
REBEL MASS EXPORT PVT LTD,AW24FTR0005-0003159 MID  BLUE,0003159-76.2CM(30),76.2CM (30),,0003159-76.2CM(30),2,0,0,0
REBEL MASS EXPORT PVT LTD,AW24FTR0005-0003160 MID  BLUE,0003160-81.28CM(32),81.28CM (32),,0003160-81.28CM(32),2,0,0,0
REBEL MASS EXPORT PVT LTD,AW24FTR0005-0003164 L.GREY,0003164-71.12CM(28),71.12CM (28),,0003164-71.12CM(28),2,0,0,0
REBEL MASS EXPORT PVT LTD,AW24FTR0005-0003169 L.GREY,0003169-96.52CM(38),96.52CM (38),,0003169-96.52CM(38),2,0,0,0
REBEL MASS EXPORT PVT LTD,AW24FTR0005-0003170 B.GREEN,0003170-71.12CM(28),71.12CM (28),,0003170-71.12CM(28),2,0,0,0
REBEL MASS EXPORT PVT LTD,AW24FTR0005-0003172 B.GREEN,0003172-81.28CM(32),81.28CM (32),,0003172-81.28CM(32),2,0,0,0
REBEL MASS EXPORT PVT LTD,AW24FTR0005-0003176 BEIGE,0003176-71.12CM(28),71.12CM (28),,0003176-71.12CM(28),2,0,0,0
REBEL MASS EXPORT PVT LTD,AW24FTR0005-0003181 BEIGE,0003181-96.52CM(38),96.52CM (38),,0003181-96.52CM(38),2,0,0,0
REBEL MASS EXPORT PVT LTD,AW24FTR0005-0003186 D.KHAKI,0003186-91.44CM(36),91.44CM(36),,0003186-91.44CM(36),2,0,0,0
REBEL MASS EXPORT PVT LTD,AW24FTR0005-0003191 D.GREY,0003191-86.36CM(34),86.36CM (34),,0003191-86.36CM(34),2,0,0,0
REBEL MASS EXPORT PVT LTD,AW24FTR0005-0003193 D.GREY,0003193-96.52CM(38),96.52CM (38),,0003193-96.52CM(38),2,0,0,0
REBEL MASS EXPORT PVT LTD,AW24FTR0005-0003198 BEIGE,0003198-91.44CM(36),91.44CM(36),,0003198-91.44CM(36),2,0,0,0
REBEL MASS EXPORT PVT LTD,AW24FTR0006-0003369 ML.YELLOW,0003369-71.12CM(28),71.12CM (28),,0003369-71.12CM(28),2,0,0,0
REBEL MASS EXPORT PVT LTD,AW24FTR0006-0003371 ML.YELLOW,0003371-81.28CM(32),81.28CM (32),,0003371-81.28CM(32),2,0,0,0
REBEL MASS EXPORT PVT LTD,AW24FTR0006-0003976 BLACK,0003976-101.6CMS(40),101.6 CMS (40 ),,0003976-101.6CMS(40),2,0,0,0
REBEL MASS EXPORT PVT LTD,AW24FTR0007-0003385 D.GREY,0003385-81.28CM(32),81.28CM (32),,0003385-81.28CM(32),2,0,0,0
REBEL MASS EXPORT PVT LTD,AW24FTR0007-0003386 D.GREY,0003386-86.36CM(34),86.36CM (34),,0003386-86.36CM(34),2,0,0,0
REBEL MASS EXPORT PVT LTD,AW24FTR0008-0003392 BLACK,0003392-81.28CM(32),81.28CM (32),,0003392-81.28CM(32),2,0,0,0
REBEL MASS EXPORT PVT LTD,AW24FTR0009-0003400 MEHANDI,0003400-86.36CM(34),86.36CM (34),,0003400-86.36CM(34),2,0,0,0
REBEL MASS EXPORT PVT LTD,AW24FTR0009-0003403 MEHANDI,0003403-101.6CM(40),101.6CM (40),,0003403-101.6CM(40),2,0,0,0
REBEL MASS EXPORT PVT LTD,AW24FTR0009-0003404 WINE,0003404-71.12CM(28),71.12CM (28),,0003404-71.12CM(28),2,0,0,0
REBEL MASS EXPORT PVT LTD,AW24FTR0009-0003409 WINE,0003409-96.52CM(38),96.52CM (38),,0003409-96.52CM(38),2,0,0,0
REBEL MASS EXPORT PVT LTD,AW24FTR0010-0003411 GREY,0003411-71.12CM(28),71.12CM (28),,0003411-71.12CM(28),2,0,0,0
REBEL MASS EXPORT PVT LTD,AW24FTR0010-0003413 GREY,0003413-81.28CM(32),81.28CM (32),,0003413-81.28CM(32),2,0,0,0
REBEL MASS EXPORT PVT LTD,AW24FTR0010-0003417 GREY,0003417-101.6CM(40),101.6CM (40),,0003417-101.6CM(40),2,0,0,0
REBEL MASS EXPORT PVT LTD,AW24FTR0010-0003423 KHAKI,0003423-96.52CM(38),96.52CM (38),,0003423-96.52CM(38),2,0,0,0
REBEL MASS EXPORT PVT LTD,AW24FTR0010-0003431 BLACK,0003431-101.6CM(40),101.6CM (40),,0003431-101.6CM(40),2,0,0,0
REBEL MASS EXPORT PVT LTD,AW24FTR0010-0003432 KHAKI,0003432-71.12CM(28),71.12CM (28),,0003432-71.12CM(28),2,0,0,0
REBEL MASS EXPORT PVT LTD,AW24FTR0010-0003448 D.GREY,0003448-81.28CM(32),81.28CM (32),,0003448-81.28CM(32),2,0,0,0
REBEL MASS EXPORT PVT LTD,AW24FTR0010-0003458 L.BROWN,0003458-96.52CM(38),96.52CM (38),,0003458-96.52CM(38),2,0,0,0
REBEL MASS EXPORT PVT LTD,AW24FTR0010-0003460 L.KHAKI,0003460-71.12CM(28),71.12CM (28),,0003460-71.12CM(28),2,0,0,0
REBEL MASS EXPORT PVT LTD,AW24FTR0010-0003463 L.KHAKI,0003463-86.36CM(34),86.36CM (34),,0003463-86.36CM(34),2,0,0,0
REBEL MASS EXPORT PVT LTD,AW24FTR0010-0003467 SEA GREEN,0003467-71.12CM(28),71.12CM (28),,0003467-71.12CM(28),2,0,0,0
REBEL MASS EXPORT PVT LTD,AW24FTR0010-0003468 SEA GREEN,0003468-76.2CM(30),76.2CM (30),,0003468-76.2CM(30),2,0,0,0
REBEL MASS EXPORT PVT LTD,AW24FTR0010-0003471 SEA GREEN,0003471-91.44CM(36),91.44CM(36),,0003471-91.44CM(36),2,0,0,0
REBEL MASS EXPORT PVT LTD,AW24FTR0010-0003474 BEIGE,0003474-71.12CM(28),71.12CM (28),,0003474-71.12CM(28),2,0,0,0
REBEL MASS EXPORT PVT LTD,AW24FTR0010-0003485 MAHANDI,0003485-91.44CM(36),91.44CM(36),,0003485-91.44CM(36),2,0,0,0
REBEL MASS EXPORT PVT LTD,AW24FTR0010-0003488 D.BROWN,0003488-71.12CM(28),71.12CM (28),,0003488-71.12CM(28),2,0,0,0
REBEL MASS EXPORT PVT LTD,AW24FTR0010-0003492 D.BROWN,0003492-91.44CM(36),91.44CM(36),,0003492-91.44CM(36),2,0,0,0
REBEL MASS EXPORT PVT LTD,AW24FTR0010-0003980 OLIVE,0003980-86.36CM(34),86.36CM (34),,0003980-86.36CM(34),2,0,0,0
REBEL MASS EXPORT PVT LTD,AW24FTR0010-0003987 L.BLUE,0003987-86.36CM(34),86.36CM (34),,0003987-86.36CM(34),2,0,0,0
REBEL MASS EXPORT PVT LTD,AW24FTR0010-0003993 GREY,0003993-81.28CM(32),81.28CM (32),,0003993-81.28CM(32),2,0,0,0
REBEL MASS EXPORT PVT LTD,AW24FTR0010-0003994 GREY,0003994-86.36CM(34),86.36CM (34),,0003994-86.36CM(34),2,0,0,0
REBEL MASS EXPORT PVT LTD,AW24FTR0011-0004003 D.GREY,0004003-96.52CM(38),96.52CM (38),,0004003-96.52CM(38),2,0,0,0
REBEL MASS EXPORT PVT LTD,AW24FTR0011-0004006 M.GREY,0004006-76.2CM(30),76.2CM (30),,0004006-76.2CM(30),2,0,0,0
REBEL MASS EXPORT PVT LTD,AW24FTR0011-0004007 M.GREY,0004007-81.28CM(32),81.28CM (32),,0004007-81.28CM(32),2,0,0,0
REBEL MASS EXPORT PVT LTD,AW24FTR0013-0004927 BLUE,0004927-76.20CM(30),76.20CM (30),,0004927-76.20CM(30),2,0,0,0
REBEL MASS EXPORT PVT LTD,AW24FTR0013-0004930 BLUE,0004930-91.44CM(36),91.44CM(36),,0004930-91.44CM(36),2,0,0,0
REBEL MASS EXPORT PVT LTD,AW24FTR0013-0005218 BLUE,0005218-101.6CM(40),101.6CM (40),,0005218-101.6CM(40),2,0,0,0
REBEL MASS EXPORT PVT LTD,AW24FTR0014-0004933 CHARCOAL,0004933-76.20CM(30),76.20CM (30),,0004933-76.20CM(30),2,0,0,0
REBEL MASS EXPORT PVT LTD,AW24FTR0014-0004937 CHARCOAL,0004937-96.52CM(38),96.52CM (38),,0004937-96.52CM(38),2,0,0,0
REBEL MASS EXPORT PVT LTD,AW24FTR0015-0004943 GREY,0004943-96.52CM(38),96.52CM (38),,0004943-96.52CM(38),2,0,0,0
REBEL MASS EXPORT PVT LTD,AW24FTR0016-0004953 GREY,0004953-86.36CM(34),86.36CM (34),,0004953-86.36CM(34),2,0,0,0
REBEL MASS EXPORT PVT LTD,AW24FTR0016-0004955 GREY,0004955-96.52CM(38),96.52CM (38),,0004955-96.52CM(38),2,0,0,0
REBEL MASS EXPORT PVT LTD,AW24FTR0019-0004973 NAVY,0004973-96.52CM(38),96.52CM (38),,0004973-96.52CM(38),2,0,0,0
REBEL MASS EXPORT PVT LTD,AW24FTR0020-0004975 NAVY,0004975-76.20CM(30),76.20CM (30),,0004975-76.20CM(30),2,0,0,0
REBEL MASS EXPORT PVT LTD,AW24FTR0023-0005066 GREY,0005066-91.44CM(36),91.44CM(36),,0005066-91.44CM(36),2,0,0,0
REBEL MASS EXPORT PVT LTD,AW24FTR0023-0005067 GREY,0005067-96.52CM(38),96.52CM (38),,0005067-96.52CM(38),2,0,0,0
REBEL MASS EXPORT PVT LTD,AW24FTR0025-0005079 NAVY,0005079-96.52CM(38),96.52CM (38),,0005079-96.52CM(38),2,0,0,0
REBEL MASS EXPORT PVT LTD,AW24FTR0030-0005108 NAVY,0005108-91.44CM(36),91.44CM(36),,0005108-91.44CM(36),2,0,0,0
REBEL MASS EXPORT PVT LTD,AW24FTR0030-0005109 NAVY,0005109-96.52CM(38),96.52CM (38),,0005109-96.52CM(38),2,0,0,0
REBEL MASS EXPORT PVT LTD,AW24FTR0032-0005133 D.BROWN,0005133-76.20CM(30),76.20CM (30),,0005133-76.20CM(30),2,0,0,0
REBEL MASS EXPORT PVT LTD,AW24FTR0032-0005135 D.BROWN,0005135-86.36CM(34),86.36CM (34),,0005135-86.36CM(34),2,0,0,0
REBEL MASS EXPORT PVT LTD,AW24FTR0032-0005137 D.BROWN,0005137-96.52CM(38),96.52CM (38),,0005137-96.52CM(38),2,0,0,0
REBEL MASS EXPORT PVT LTD,AW24FTR0032-0005138 D.BROWN,0005138-101.6CM(40),101.6CM (40),,0005138-101.6CM(40),2,0,0,0
REBEL MASS EXPORT PVT LTD,AW24FTR0034-0005155 BLUE,0005155-81.28CM(32),81.28CM (32),,0005155-81.28CM(32),2,0,0,0
REBEL MASS EXPORT PVT LTD,AW24FTR0035-0005167 BLACK,0005167-71.12CM(28),71.12CM (28),,0005167-71.12CM(28),2,0,0,0
REBEL MASS EXPORT PVT LTD,AW24FTR0035-0005173 BLACK,0005173-101.6CM(40),101.6CM (40),,0005173-101.6CM(40),2,0,0,0
REBEL MASS EXPORT PVT LTD,AW24FTR0036-0005175 GREY,0005175-76.20CM(30),76.20CM (30),,0005175-76.20CM(30),2,0,0,0
REBEL MASS EXPORT PVT LTD,AW24FTR0036-0005178 GREY,0005178-91.44CM(36),91.44CM(36),,0005178-91.44CM(36),2,0,0,0
REBEL MASS EXPORT PVT LTD,AW24FTR0036-0005185 BLUE,0005185-91.44CM(36),91.44CM(36),,0005185-91.44CM(36),2,0,0,0
REBEL MASS EXPORT PVT LTD,AW24FTR0036-0005186 BLUE,0005186-96.52CM(38),96.52CM (38),,0005186-96.52CM(38),2,0,0,0
REBEL MASS EXPORT PVT LTD,AW24FTR0038-0005804 BLACK,0005804-96.52CM(38),96.52CM (38),,0005804-96.52CM(38),2,0,0,0
REBEL MASS EXPORT PVT LTD,AW24FTR0040-0006589 D.NAVY,0006589-86.36CM(34),86.36CM (34),,0006589-86.36CM(34),2,0,0,0
REBEL MASS EXPORT PVT LTD,AW24-JKT0001-0002006 BLACK,0002006-XXL,XXL,,0002006-XXL,2,0,0,0
REBEL MASS EXPORT PVT LTD,AW24-JKT0001-0002007 BLACK,0002007-3XL,3XL,,0002007-3XL,2,0,0,0
REBEL MASS EXPORT PVT LTD,AW24-JKT0002-0002027 OLIVE,0002027-XXL,XXL,,0002027-XXL,2,0,0,1
REBEL MASS EXPORT PVT LTD,AW24-JKT0002-0002028 OLIVE,0002028-3XL,3XL,,0002028-3XL,2,0,0,0
REBEL MASS EXPORT PVT LTD,AW24-JKT0002-0002032 D.GREY,0002032-XXL,XXL,,0002032-XXL,2,0,0,1
REBEL MASS EXPORT PVT LTD,AW24-JKT0002-0002035 BLACK,0002035-L,L,,0002035-L,2,0,0,0
REBEL MASS EXPORT PVT LTD,AW24-JKT0002-0002037 BLACK,0002037-XXL,XXL,,0002037-XXL,2,0,0,0
REBEL MASS EXPORT PVT LTD,AW24-JKT0002-0002670 NAVY,0002670-3XL,3XL,,0002670-3XL,2,0,0,0
REBEL MASS EXPORT PVT LTD,AW24-JKT0003-0002039 BLACK/GREY,0002039-M,M,,0002039-M,2,0,0,0
REBEL MASS EXPORT PVT LTD,AW24-JKT0003-0002046 BLACK/BEIGE,0002046-XL,XL,,0002046-XL,2,0,0,0
REBEL MASS EXPORT PVT LTD,AW24JKT0003-0002634 GREY,0002634-XXL,XXL,,0002634-XXL,2,0,0,1
REBEL MASS EXPORT PVT LTD,AW24JKT0003-0002635 GREY,0002635-3XL,3XL,,0002635-3XL,2,0,0,0
REBEL MASS EXPORT PVT LTD,AW24JKT0004-0002278 BLACK,0002278-L,L,,0002278-L,2,0,0,0
REBEL MASS EXPORT PVT LTD,AW24JKT0004-0002280 BLACK,0002280-XXL,XXL,,0002280-XXL,2,0,0,0
REBEL MASS EXPORT PVT LTD,AW24JKT0004-0006603 BLUE,0006603-XXL,XXL,,0006603-XXL,2,0,0,1
REBEL MASS EXPORT PVT LTD,AW24JKT0006-0002653 CREAM,0002653-XL,XL,,0002653-XL,2,0,0,0
REBEL MASS EXPORT PVT LTD,AW24JKT0007-0002486 SKY BLUE,0002486-M,M,,0002486-M,2,0,0,0
REBEL MASS EXPORT PVT LTD,AW24JKT0008-0002491 GREY,0002491-M,M,,0002491-M,2,0,0,0
REBEL MASS EXPORT PVT LTD,AW24JKT0008-0002498 D.GREY,0002498-XL,XL,,0002498-XL,2,0,0,0
REBEL MASS EXPORT PVT LTD,AW24JKT0008-0002658 GREY,0002658-XL,XL,,0002658-XL,2,0,0,0
REBEL MASS EXPORT PVT LTD,AW24JKT0008-0002664 BEIGE,0002664-XXL,XXL,,0002664-XXL,2,0,0,0
REBEL MASS EXPORT PVT LTD,AW24JKT0009-0002613 BLACK,0002613-XL,XL,,0002613-XL,2,0,0,0
REBEL MASS EXPORT PVT LTD,AW24JKT0009-0002614 BLACK,0002614-XXL,XXL,,0002614-XXL,2,0,0,0
REBEL MASS EXPORT PVT LTD,AW24JKT0010-0002816 D.GREY,0002816-M,M,,0002816-M,2,0,0,0
REBEL MASS EXPORT PVT LTD,AW24JKT0010-0002819 D.GREY,0002819-XXL,XXL,,0002819-XXL,2,0,0,0
REBEL MASS EXPORT PVT LTD,AW24JKT0012-0004481 BROWN,0004481-L,L,,0004481-L,2,0,0,0
REBEL MASS EXPORT PVT LTD,AW24JKT0012-0004486 COFFEE,0004486-XL,XL,,0004486-XL,2,0,0,0
REBEL MASS EXPORT PVT LTD,AW24JKT0013-0004737 MAHROON,0004737-L,L,,0004737-L,2,0,0,0
REBEL MASS EXPORT PVT LTD,AW24JKT0013-0004739 MAHROON,0004739-XXL,XXL,,0004739-XXL,2,0,0,0
REBEL MASS EXPORT PVT LTD,AW24JKT0014-0004753 BLACK,0004753-L,L,,0004753-L,2,0,0,0
REBEL MASS EXPORT PVT LTD,AW24JKT0014-0004755 BLACK,0004755-XXL,XXL,,0004755-XXL,2,0,0,0
REBEL MASS EXPORT PVT LTD,AW24JKT0015-0004762 CREAM,0004762-XL,XL,,0004762-XL,2,0,0,0
REBEL MASS EXPORT PVT LTD,AW24JKT0015-0004765 MEHNDI,0004765-L,L,,0004765-L,2,0,0,0
REBEL MASS EXPORT PVT LTD,AW24JKT0015-0004767 MEHNDI,0004767-XXL,XXL,,0004767-XXL,2,0,0,0
REBEL MASS EXPORT PVT LTD,AW24JKT0018-0007123 BLACK,0007123-XL,XL,,0007123-XL,2,0,0,0
REBEL MASS EXPORT PVT LTD,AW24LC0002-0002800 RUST,0002800-101.6CM(40),101.6CM (40),,0002800-101.6CM(40),2,0,0,0
REBEL MASS EXPORT PVT LTD,AW24LC0002-0002814 BLACK,0002814-111.76CM(44),111.76CM (44),,0002814-111.76CM(44),2,0,0,0
REBEL MASS EXPORT PVT LTD,AW24PO0001-0003570 KHAKI,0003570-L,L,,0003570-L,2,0,0,0
REBEL MASS EXPORT PVT LTD,AW24PO0001-0003571 KHAKI,0003571-XL,XL,,0003571-XL,2,0,0,0
REBEL MASS EXPORT PVT LTD,AW24PO0002-0003580 BLUE,0003580-XL,XL,,0003580-XL,2,0,0,0
REBEL MASS EXPORT PVT LTD,AW24S20002-0004877 SEA BLUE,0004877-101.6CM(40),101.6CM (40),,0004877-101.6CM(40),2,0,0,0
REBEL MASS EXPORT PVT LTD,AW24S20002-0004880 BLACK,0004880-96.52CM(38),96.52CM (38),,0004880-96.52CM(38),2,0,0,0
REBEL MASS EXPORT PVT LTD,AW24S20002-0004882 BLACK,0004882-106.68CM(42),106.68CM (42),,0004882-106.68CM(42),2,0,0,0
REBEL MASS EXPORT PVT LTD,AW24S20002-0004888 WINE,0004888-96.52CM(38),96.52CM (38),,0004888-96.52CM(38),2,0,0,0
REBEL MASS EXPORT PVT LTD,AW24S20002-0004891 WINE,0004891-111.76CM(44),111.76CM (44),,0004891-111.76CM(44),2,0,0,0
REBEL MASS EXPORT PVT LTD,AW24S20003-0004893 DARK WINE,0004893-101.6CM(40),101.6CM (40),,0004893-101.6CM(40),2,0,0,0
REBEL MASS EXPORT PVT LTD,AW24S20003-0004895 DARK WINE,0004895-111.76CM(44),111.76CM (44),,0004895-111.76CM(44),2,0,0,0
REBEL MASS EXPORT PVT LTD,AW24S20004-0004898 AIR FORCE,0004898-106.68CM(42),106.68CM (42),,0004898-106.68CM(42),2,0,0,0
REBEL MASS EXPORT PVT LTD,AW24S30001-0003820 D.GREY,0003820-96.52CM(38),96.52CM (38),,0003820-96.52CM(38),2,0,0,0
REBEL MASS EXPORT PVT LTD,AW24S30001-0003827 GREY,0003827-111.76CM(44),111.76CM (44),,0003827-111.76CM(44),2,0,0,0
REBEL MASS EXPORT PVT LTD,AW24S30001-0003831 WINE,0003831-111.76CM(44),111.76CM (44),,0003831-111.76CM(44),2,0,0,0
REBEL MASS EXPORT PVT LTD,AW24S30001-0003833 CHARCOAL,0003833-101.6CM(40),101.6CM (40),,0003833-101.6CM(40),2,0,0,0
REBEL MASS EXPORT PVT LTD,AW24S30001-0003835 CHARCOAL,0003835-111.76CM(44),111.76CM (44),,0003835-111.76CM(44),2,0,0,0
REBEL MASS EXPORT PVT LTD,AW24S30002-0003838 BLUE,0003838-106.68CM(42),106.68CM (42),,0003838-106.68CM(42),2,0,0,0
REBEL MASS EXPORT PVT LTD,AW24S30002-0003841 SEA BLUE,0003841-101.6CM(40),101.6CM (40),,0003841-101.6CM(40),2,0,0,0
REBEL MASS EXPORT PVT LTD,AW24S30002-0003843 SEA BLUE,0003843-111.76CM(44),111.76CM (44),,0003843-111.76CM(44),2,0,0,0
REBEL MASS EXPORT PVT LTD,AW24S30003-0003845 GREY,0003845-101.6CM(40),101.6CM (40),,0003845-101.6CM(40),2,0,0,0
REBEL MASS EXPORT PVT LTD,AW24S30003-0003847 GREY,0003847-111.76CM(44),111.76CM (44),,0003847-111.76CM(44),2,0,0,0
REBEL MASS EXPORT PVT LTD,AW24S30004-0003849 BLUE,0003849-101.6CM(40),101.6CM (40),,0003849-101.6CM(40),2,0,0,0
REBEL MASS EXPORT PVT LTD,AW24S30004-0003855 BROWN,0003855-111.76CM(44),111.76CM (44),,0003855-111.76CM(44),2,0,0,0
REBEL MASS EXPORT PVT LTD,AW24S30004-0004149 CHARCOAL,0004149-106.68CM(42),106.68CM (42),,0004149-106.68CM(42),2,0,0,0
REBEL MASS EXPORT PVT LTD,AW24S30005-0004106 FAWN,0004106-96.52CM(38),96.52CM (38),,0004106-96.52CM(38),2,0,0,0
REBEL MASS EXPORT PVT LTD,AW24S30005-0004114 BLACK,0004114-96.52CM(38),96.52CM (38),,0004114-96.52CM(38),2,0,0,0
REBEL MASS EXPORT PVT LTD,AW24S30005-0004302 T.BLUE,0004302-101.6CM(40),101.6CM (40),,0004302-101.6CM(40),2,0,0,0
REBEL MASS EXPORT PVT LTD,AW24S30005-0004303 T.BLUE,0004303-106.68CM(42),106.68CM (42),,0004303-106.68CM(42),2,0,0,0
REBEL MASS EXPORT PVT LTD,AW24S30007-0004244 BLACK,0004244-101.6CM(40),101.6CM (40),,0004244-101.6CM(40),2,0,0,0
REBEL MASS EXPORT PVT LTD,AW24SH0001-0002009 ECRU,0002009-L,L,,0002009-L,2,0,0,0
REBEL MASS EXPORT PVT LTD,AW24SH0001-0002011 ECRU,0002011-XXL,XXL,,0002011-XXL,2,0,0,0
REBEL MASS EXPORT PVT LTD,AW24SH0001-0002050 MUSTARD,0002050-L,L,,0002050-L,2,0,0,0
REBEL MASS EXPORT PVT LTD,AW24SH0001-0002052 MUSTARD,0002052-XXL,XXL,,0002052-XXL,2,0,0,0
REBEL MASS EXPORT PVT LTD,AW24SH0001-0002071 L.GREY,0002071-XL,XL,,0002071-XL,2,0,0,0
REBEL MASS EXPORT PVT LTD,AW24SH0001-0002075 BLUE,0002075-XL,XL,,0002075-XL,2,0,0,0
REBEL MASS EXPORT PVT LTD,AW24SH0001-0002218 L.GREEN,0002218-L,L,,0002218-L,2,0,0,0
REBEL MASS EXPORT PVT LTD,AW24SH0001-0002221 PISTA,0002221-M,M,,0002221-M,2,0,0,0
REBEL MASS EXPORT PVT LTD,AW24SH0001-0002959 SEA GREEN,0002959-L,L,,0002959-L,2,0,0,0
REBEL MASS EXPORT PVT LTD,AW24SH0003-0002080 GREY,0002080-XXL,XXL,,0002080-XXL,2,0,0,0
REBEL MASS EXPORT PVT LTD,AW24SH0004-0002087 OLIVE,0002087-XL,XL,,0002087-XL,2,0,0,0
REBEL MASS EXPORT PVT LTD,AW24SH0004-0002089 PINK,0002089-M,M,,0002089-M,2,0,0,0
REBEL MASS EXPORT PVT LTD,AW24SH0004-0002091 PINK,0002091-XL,XL,,0002091-XL,2,0,0,0
REBEL MASS EXPORT PVT LTD,AW24SH0005-0002100 BLUE,0002100-XXL,XXL,,0002100-XXL,2,0,0,0
REBEL MASS EXPORT PVT LTD,AW24SH0006-0002101 SEA BLUE,0002101-M,M,,0002101-M,2,0,0,0
REBEL MASS EXPORT PVT LTD,AW24SH0007-0002119 NAVY,0002119-M,M,,0002119-M,2,0,0,0
REBEL MASS EXPORT PVT LTD,AW24SH0007-0002120 NAVY,0002120-L,L,,0002120-L,2,0,0,0
REBEL MASS EXPORT PVT LTD,AW24SH0007-0002128 BLACK,0002128-3XL,3XL,,0002128-3XL,2,0,0,0
REBEL MASS EXPORT PVT LTD,AW24SH0007-0002131 WINE,0002131-XL,XL,,0002131-XL,2,0,0,1
REBEL MASS EXPORT PVT LTD,AW24SH0007-0002501 BEIGE,0002501-M,M,,0002501-M,2,0,0,0
REBEL MASS EXPORT PVT LTD,AW24SH0008-0002159 BEIGE,0002159-M,M,,0002159-M,2,0,0,0
REBEL MASS EXPORT PVT LTD,AW24SH0008-0002163 BEIGE,0002163-3XL,3XL,,0002163-3XL,2,0,0,0
REBEL MASS EXPORT PVT LTD,AW24SH0012-0002204 WHITE,0002204-XXL,XXL,,0002204-XXL,2,0,0,0
REBEL MASS EXPORT PVT LTD,AW24SH0013-0004653 BLUE,0004653-L,L,,0004653-L,2,0,0,0
REBEL MASS EXPORT PVT LTD,AW24SH0014-0002965 WHT/GREEN,0002965-XXL,XXL,,0002965-XXL,2,0,0,0
REBEL MASS EXPORT PVT LTD,AW24SH0015-0002213 WHITE,0002213-M,M,,0002213-M,2,0,0,0
REBEL MASS EXPORT PVT LTD,AW24SH0016-0002232 INDIGO,0002232-XXL,XXL,,0002232-XXL,2,0,0,0
REBEL MASS EXPORT PVT LTD,AW24SH0017-0002237 SKY BLUE,0002237-M,M,,0002237-M,2,0,0,0
REBEL MASS EXPORT PVT LTD,AW24SH0017-0002240 SKY BLUE,0002240-XXL,XXL,,0002240-XXL,2,0,0,0
REBEL MASS EXPORT PVT LTD,AW24SH0019-0002249 CREAM,0002249-M,M,,0002249-M,2,0,0,0
REBEL MASS EXPORT PVT LTD,AW24SH0019-0002250 CREAM,0002250-L,L,,0002250-L,2,0,0,0
REBEL MASS EXPORT PVT LTD,AW24SH0019-0002253 BLUE,0002253-M,M,,0002253-M,2,0,0,0
REBEL MASS EXPORT PVT LTD,AW24SH0020-0002260 LEMON,0002260-XXL,XXL,,0002260-XXL,2,0,0,0
REBEL MASS EXPORT PVT LTD,AW24SH0020-0002261 SEA GREEN,0002261-M,M,,0002261-M,2,0,0,0
REBEL MASS EXPORT PVT LTD,AW24SH0021-0002286 CREAM,0002286-L,L,,0002286-L,2,0,0,0
REBEL MASS EXPORT PVT LTD,AW24SH0021-0002296 GREEN,0002296-XXL,XXL,,0002296-XXL,2,0,0,0
REBEL MASS EXPORT PVT LTD,AW24SH0021-0002302 ONION,0002302-L,L,,0002302-L,2,0,0,0
REBEL MASS EXPORT PVT LTD,AW24SH0021-0002308 BEIGE,0002308-XXL,XXL,,0002308-XXL,2,0,0,0
REBEL MASS EXPORT PVT LTD,AW24SH0021-0002309 FAWN,0002309-M,M,,0002309-M,2,0,0,0
REBEL MASS EXPORT PVT LTD,AW24SH0021-0002322 B.GREEN,0002322-L,L,,0002322-L,2,0,0,0
REBEL MASS EXPORT PVT LTD,AW24SH0023-0002336 OLIVE,0002336-XXL,XXL,,0002336-XXL,2,0,0,0
REBEL MASS EXPORT PVT LTD,AW24SH0024-0002337 BLUE,0002337-M,M,,0002337-M,2,0,0,0
REBEL MASS EXPORT PVT LTD,AW24SH0025-0002342 NAVY,0002342-L,L,,0002342-L,2,0,0,0
REBEL MASS EXPORT PVT LTD,AW24SH0025-0002343 NAVY,0002343-XL,XL,,0002343-XL,2,0,0,0
REBEL MASS EXPORT PVT LTD,AW24SH0026-0002345 BLUE,0002345-M,M,,0002345-M,2,0,0,0
REBEL MASS EXPORT PVT LTD,AW24SH0028-0002365 ONION,0002365-M,M,,0002365-M,2,0,0,0
REBEL MASS EXPORT PVT LTD,AW24SH0029-0002966 GREEN,0002966-M,M,,0002966-M,2,0,0,0
REBEL MASS EXPORT PVT LTD,AW24SH0030-0002377 PINK,0002377-M,M,,0002377-M,2,0,0,0
REBEL MASS EXPORT PVT LTD,AW24SH0030-0002382 YELLOW,0002382-L,L,,0002382-L,2,0,0,0
REBEL MASS EXPORT PVT LTD,AW24SH0030-0002383 YELLOW,0002383-XL,XL,,0002383-XL,2,0,0,0
REBEL MASS EXPORT PVT LTD,AW24SH0031-0002690 GREY,0002690-XXL,XXL,,0002690-XXL,2,0,0,0
REBEL MASS EXPORT PVT LTD,AW24SH0031-0002697 GREEN,0002697-XL,XL,,0002697-XL,2,0,0,0
REBEL MASS EXPORT PVT LTD,AW24SH0032-0002699 GREY,0002699-M,M,,0002699-M,2,0,0,0
REBEL MASS EXPORT PVT LTD,AW24SH0032-0002703 ONION,0002703-M,M,,0002703-M,2,0,0,0
REBEL MASS EXPORT PVT LTD,AW24SH0032-0002704 ONION,0002704-L,L,,0002704-L,2,0,0,0
REBEL MASS EXPORT PVT LTD,AW24SH0033-0002708 BROWN,0002708-L,L,,0002708-L,2,0,0,0
REBEL MASS EXPORT PVT LTD,AW24SH0035-0002723 BLUE,0002723-M,M,,0002723-M,2,0,0,0
REBEL MASS EXPORT PVT LTD,AW24SH0035-0002727 WHITE,0002727-M,M,,0002727-M,2,0,0,0
REBEL MASS EXPORT PVT LTD,AW24SH0035-0002734 FIROZI,0002734-XXL,XXL,,0002734-XXL,2,0,0,0
REBEL MASS EXPORT PVT LTD,AW24SH0037-0002895 BEIGE,0002895-L,L,,0002895-L,2,0,0,0
REBEL MASS EXPORT PVT LTD,AW24SH0039-0002933 LEMON,0002933-XXL,XXL,,0002933-XXL,2,0,0,0
REBEL MASS EXPORT PVT LTD,AW24SH0040-0002939 WHITE,0002939-L,L,,0002939-L,2,0,0,0
REBEL MASS EXPORT PVT LTD,AW24SH0041-0002955 WHITE,0002955-L,L,,0002955-L,2,0,0,0
REBEL MASS EXPORT PVT LTD,AW24SH0041-0004660 D.BLUE,0004660-M,M,,0004660-M,2,0,0,0
REBEL MASS EXPORT PVT LTD,AW24SH0041-0004662 D.BLUE,0004662-XL,XL,,0004662-XL,2,0,0,0
REBEL MASS EXPORT PVT LTD,AW24SH0042-0002970 BEIGE,0002970-M,M,,0002970-M,2,0,0,0
REBEL MASS EXPORT PVT LTD,AW24SH0042-0002977 GREEN,0002977-XXL,XXL,,0002977-XXL,2,0,0,0
REBEL MASS EXPORT PVT LTD,AW24SH0045-0002989 GREY,0002989-XXL,XXL,,0002989-XXL,2,0,0,0
REBEL MASS EXPORT PVT LTD,AW24SH0045-0004659 GREY,0004659-XXL,XXL,,0004659-XXL,2,0,0,0
REBEL MASS EXPORT PVT LTD,AW24SH0046-0003245 BLUE,0003245-L,L,,0003245-L,2,0,0,0
REBEL MASS EXPORT PVT LTD,AW24SH0048-0003260 BEIGE,0003260-M,M,,0003260-M,2,0,0,0
REBEL MASS EXPORT PVT LTD,AW24SH0050-0003280 SKY BLUE,0003280-M,M,,0003280-M,2,0,0,0
REBEL MASS EXPORT PVT LTD,AW24SH0051-0003291 KHAKI,0003291-XXL,XXL,,0003291-XXL,2,0,0,0
REBEL MASS EXPORT PVT LTD,AW24SH0052-0003297 PINK,0003297-L,L,,0003297-L,2,0,0,0
REBEL MASS EXPORT PVT LTD,AW24SH0053-0003307 WHT/GREY,0003307-XXL,XXL,,0003307-XXL,2,0,0,0
REBEL MASS EXPORT PVT LTD,AW24SH0054-0003308 WHITE,0003308-M,M,,0003308-M,2,0,0,0
REBEL MASS EXPORT PVT LTD,AW24SH0054-0003311 WHITE,0003311-XXL,XXL,,0003311-XXL,2,0,0,0
REBEL MASS EXPORT PVT LTD,AW24SH0055-0003316 WHT/GREY,0003316-M,M,,0003316-M,2,0,0,0
REBEL MASS EXPORT PVT LTD,AW24SH0056-0003327 MULTI,0003327-XXL,XXL,,0003327-XXL,2,0,0,0
REBEL MASS EXPORT PVT LTD,AW24SH0059-0003352 WHT/BEIGE,0003352-M,M,,0003352-M,2,0,0,0
REBEL MASS EXPORT PVT LTD,AW24SH0059-0003355 WHT/BEIGE,0003355-XXL,XXL,,0003355-XXL,2,0,0,0
REBEL MASS EXPORT PVT LTD,AW24SH0060-0003362 WHT/YELLOW,0003362-XL,XL,,0003362-XL,2,0,0,0
REBEL MASS EXPORT PVT LTD,AW24SH0060-0003363 WHT/YELLOW,0003363-XXL,XXL,,0003363-XXL,2,0,0,0
REBEL MASS EXPORT PVT LTD,AW24SH0061-0003366 WHITE,0003366-L,L,,0003366-L,2,0,0,0
REBEL MASS EXPORT PVT LTD,AW24SH0062-0003902 D.BROWN,0003902-M,M,,0003902-M,2,0,0,0
REBEL MASS EXPORT PVT LTD,AW24SH0062-0003910 L.BROWN,0003910-M,M,,0003910-M,2,0,0,0
REBEL MASS EXPORT PVT LTD,AW24SH0065-0003947 WHITE,0003947-L,L,,0003947-L,2,0,0,0
REBEL MASS EXPORT PVT LTD,AW24SH0065-0003949 WHITE,0003949-XXL,XXL,,0003949-XXL,2,0,0,0
REBEL MASS EXPORT PVT LTD,AW24SH0066-0003950 WHITE,0003950-M,M,,0003950-M,2,0,0,0
REBEL MASS EXPORT PVT LTD,AW24SH0066-0003953 WHITE,0003953-XXL,XXL,,0003953-XXL,2,0,0,0
REBEL MASS EXPORT PVT LTD,AW24SH0068-0003961 WHITE,0003961-XXL,XXL,,0003961-XXL,2,0,0,0
REBEL MASS EXPORT PVT LTD,AW24SH0070-0003967 WHITE,0003967-L,L,,0003967-L,2,0,0,0
REBEL MASS EXPORT PVT LTD,AW24SH0070-0003969 WHITE,0003969-XXL,XXL,,0003969-XXL,2,0,0,0
REBEL MASS EXPORT PVT LTD,AW24SH0072-0004037 WHITE,0004037-M,M,,0004037-M,2,0,0,0
REBEL MASS EXPORT PVT LTD,AW24SH0072-0004040 WHITE,0004040-XXL,XXL,,0004040-XXL,2,0,0,0
REBEL MASS EXPORT PVT LTD,AW24SH0078-0004069 NAVY,0004069-XXL,XXL,,0004069-XXL,2,0,0,0
REBEL MASS EXPORT PVT LTD,AW24SH0079-0004073 NAVY,0004073-XXL,XXL,,0004073-XXL,2,0,0,0
REBEL MASS EXPORT PVT LTD,AW24SH0080-0004078 WHITE,0004078-M,M,,0004078-M,2,0,0,0
REBEL MASS EXPORT PVT LTD,AW24SH0080-0004079 WHITE,0004079-L,L,,0004079-L,2,0,0,0
REBEL MASS EXPORT PVT LTD,AW24SH0083-0004180 BEIGE,0004180-L,L,,0004180-L,2,0,0,0
REBEL MASS EXPORT PVT LTD,AW24SH0083-0004182 BEIGE,0004182-XXL,XXL,,0004182-XXL,2,0,0,0
REBEL MASS EXPORT PVT LTD,AW24SH0083-0004186 YELLOW,0004186-XXL,XXL,,0004186-XXL,2,0,0,0
REBEL MASS EXPORT PVT LTD,AW24SH0085-0004219 WHITE,0004219-M,M,,0004219-M,2,0,0,0
REBEL MASS EXPORT PVT LTD,AW24SH0085-0004231 OLIVE,0004231-M,M,,0004231-M,2,0,0,0
REBEL MASS EXPORT PVT LTD,AW24SH0087-0006794 RED,0006794-L,L,,0006794-L,2,0,0,0
REBEL MASS EXPORT PVT LTD,AW24SH0087-0006796 RED,0006796-XXL,XXL,,0006796-XXL,2,0,0,0
REBEL MASS EXPORT PVT LTD,AW24SH0087-0006800 BROWN,0006800-XXL,XXL,,0006800-XXL,2,0,0,0
REBEL MASS EXPORT PVT LTD,AW24SH0088-0004521 SKY BLUE,0004521-L,L,,0004521-L,2,0,0,0
REBEL MASS EXPORT PVT LTD,AW24SH0089-0004577 BLUE,0004577-L,L,,0004577-L,2,0,0,0
REBEL MASS EXPORT PVT LTD,AW24SH0090-0004599 L.PURPLE,0004599-XXL,XXL,,0004599-XXL,2,0,0,0
REBEL MASS EXPORT PVT LTD,AW24SH0092-0004635 NAVY,0004635-XXL,XXL,,0004635-XXL,2,0,0,0
REBEL MASS EXPORT PVT LTD,AW24SH0093-0004648 BLACK,0004648-M,M,,0004648-M,2,0,0,0
REBEL MASS EXPORT PVT LTD,AW24SH0094-0004675 BLUE,0004675-XXL,XXL,,0004675-XXL,2,0,0,0
REBEL MASS EXPORT PVT LTD,AW24SH0094-0004677 D.GREY,0004677-L,L,,0004677-L,2,0,0,0
REBEL MASS EXPORT PVT LTD,AW24SH0094-0004691 BEIGE,0004691-XXL,XXL,,0004691-XXL,2,0,0,0
REBEL MASS EXPORT PVT LTD,AW24SH0094-0004708 WHITE,0004708-M,M,,0004708-M,2,0,0,0
REBEL MASS EXPORT PVT LTD,AW24SH0095-0004769 WHITE,0004769-L,L,,0004769-L,2,0,0,0
REBEL MASS EXPORT PVT LTD,AW24SH0096-0004779 PISTA,0004779-XXL,XXL,,0004779-XXL,2,0,0,0
REBEL MASS EXPORT PVT LTD,AW24SH0101-0005265 WHT/BLUE,0005265-XL,XL,,0005265-XL,2,0,0,0
REBEL MASS EXPORT PVT LTD,AW24SH0102-0005278 BLU/BEIGE,0005278-XXL,XXL,,0005278-XXL,2,0,0,0
REBEL MASS EXPORT PVT LTD,AW24SH0103-0005286 WHT/RED,0005286-XXL,XXL,,0005286-XXL,2,0,0,0
REBEL MASS EXPORT PVT LTD,AW24SH0105-0005298 SKY BLUE,0005298-XXL,XXL,,0005298-XXL,2,0,0,0
REBEL MASS EXPORT PVT LTD,AW24SH0105-0005351 GREY,0005351-L,L,,0005351-L,2,0,0,0
REBEL MASS EXPORT PVT LTD,AW24SH0106-0005304 BLACK,0005304-L,L,,0005304-L,2,0,0,0
REBEL MASS EXPORT PVT LTD,AW24SH0106-0005306 BLACK,0005306-XXL,XXL,,0005306-XXL,2,0,0,0
REBEL MASS EXPORT PVT LTD,AW24SH0108-0005338 BEIGE,0005338-M,M,,0005338-M,2,0,0,0
REBEL MASS EXPORT PVT LTD,AW24SH0108-0005354 OLIVE,0005354-M,M,,0005354-M,2,0,0,0
REBEL MASS EXPORT PVT LTD,AW24SH0109-0005342 BROWN,0005342-M,M,,0005342-M,2,0,0,0
REBEL MASS EXPORT PVT LTD,AW24SH0111-0005487 NAVY,0005487-XXL,XXL,,0005487-XXL,2,0,0,0
REBEL MASS EXPORT PVT LTD,AW24SH0115-0005508 RED,0005508-M,M,,0005508-M,2,0,0,0
REBEL MASS EXPORT PVT LTD,AW24SH0117-0005520 RED,0005520-M,M,,0005520-M,2,0,0,0
REBEL MASS EXPORT PVT LTD,AW24SH0117-0005524 FIROZI,0005524-M,M,,0005524-M,2,0,0,0
REBEL MASS EXPORT PVT LTD,AW24SH0119-0005543 GREEN,0005543-XXL,XXL,,0005543-XXL,2,0,0,0
REBEL MASS EXPORT PVT LTD,AW24SH0121-0005555 MAHROON,0005555-XXL,XXL,,0005555-XXL,2,0,0,0
REBEL MASS EXPORT PVT LTD,AW24SH0121-0005556 GREY,0005556-M,M,,0005556-M,2,0,0,0
REBEL MASS EXPORT PVT LTD,AW24SH0121-0005559 GREY,0005559-XXL,XXL,,0005559-XXL,2,0,0,0
REBEL MASS EXPORT PVT LTD,AW24SH0127-0005643 SKY BLUE,0005643-M,M,,0005643-M,2,0,0,0
REBEL MASS EXPORT PVT LTD,AW24SH0129-0005651 SKY BLUE,0005651-M,M,,0005651-M,2,0,0,0
REBEL MASS EXPORT PVT LTD,AW24SH0131-0005659 WHITE,0005659-M,M,,0005659-M,2,0,0,0
REBEL MASS EXPORT PVT LTD,AW24SH0139-0005694 WHITE,0005694-XXL,XXL,,0005694-XXL,2,0,0,0
REBEL MASS EXPORT PVT LTD,AW24SH0146-0005722 BLACK,0005722-XXL,XXL,,0005722-XXL,2,0,0,0
REBEL MASS EXPORT PVT LTD,AW24SH0146-0005723 SKY BLUE,0005723-M,M,,0005723-M,2,0,0,0
REBEL MASS EXPORT PVT LTD,AW24SH0157-0005949 BLACK,0005949-M,M,,0005949-M,2,0,0,0
REBEL MASS EXPORT PVT LTD,AW24SH0161-0005981 PINK,0005981-M,M,,0005981-M,2,0,0,0
REBEL MASS EXPORT PVT LTD,AW24SH0161-0005992 L.PURPLE,0005992-XXL,XXL,,0005992-XXL,2,0,0,0
REBEL MASS EXPORT PVT LTD,AW24SH0161-0005993 SKY BLUE,0005993-M,M,,0005993-M,2,0,0,0
REBEL MASS EXPORT PVT LTD,AW24SH0162-0006005 T.BLUE,0006005-M,M,,0006005-M,2,0,0,0
REBEL MASS EXPORT PVT LTD,AW24SH0163-0006032 L.PURPLE,0006032-XXL,XXL,,0006032-XXL,2,0,0,0
REBEL MASS EXPORT PVT LTD,AW24SH0163-0006037 SKY BLUE,0006037-M,M,,0006037-M,2,0,0,0
REBEL MASS EXPORT PVT LTD,AW24SH0175-0006117 LEMON,0006117-M,M,,0006117-M,2,0,0,0
REBEL MASS EXPORT PVT LTD,AW24SH0175-0006121 L.GREY,0006121-M,M,,0006121-M,2,0,0,0
REBEL MASS EXPORT PVT LTD,AW24SH0175-0006124 L.GREY,0006124-XXL,XXL,,0006124-XXL,2,0,0,0
REBEL MASS EXPORT PVT LTD,AW24SH0176-0006125 PINK,0006125-M,M,,0006125-M,2,0,0,0
REBEL MASS EXPORT PVT LTD,AW24SH0177-0006145 SKY BLUE,0006145-M,M,,0006145-M,2,0,0,0
REBEL MASS EXPORT PVT LTD,AW24SH0179-0006169 BROWN,0006169-M,M,,0006169-M,2,0,0,0
REBEL MASS EXPORT PVT LTD,AW24SH0182-0006221 PINK,0006221-M,M,,0006221-M,2,0,0,0
REBEL MASS EXPORT PVT LTD,AW24SH0184-0006236 GREY,0006236-XXL,XXL,,0006236-XXL,2,0,0,0
REBEL MASS EXPORT PVT LTD,AW24SH0184-0006237 BEIGE,0006237-M,M,,0006237-M,2,0,0,0
REBEL MASS EXPORT PVT LTD,AW24SH0185-0006242 KHAKI,0006242-L,L,,0006242-L,2,0,0,0
REBEL MASS EXPORT PVT LTD,AW24SH0185-0006243 KHAKI,0006243-XL,XL,,0006243-XL,2,0,0,0
REBEL MASS EXPORT PVT LTD,AW24SH0186-0006251 D.GREY,0006251-XL,XL,,0006251-XL,2,0,0,0
REBEL MASS EXPORT PVT LTD,AW24SH0186-0006253 MAHROON,0006253-M,M,,0006253-M,2,0,0,0
REBEL MASS EXPORT PVT LTD,AW24SH0187-0006257 BLACK,0006257-M,M,,0006257-M,2,0,0,0
REBEL MASS EXPORT PVT LTD,AW24SH0188-0006265 BLUE,0006265-M,M,,0006265-M,2,0,0,0
REBEL MASS EXPORT PVT LTD,AW24SH0189-0006275 WHITE,0006275-XL,XL,,0006275-XL,2,0,0,0
REBEL MASS EXPORT PVT LTD,AW24SH0189-0006281 GREEN,0006281-M,M,,0006281-M,2,0,0,0
REBEL MASS EXPORT PVT LTD,AW24SH0189-0006285 NAVY,0006285-M,M,,0006285-M,2,0,0,0
REBEL MASS EXPORT PVT LTD,AW24SH0189-0006287 NAVY,0006287-XL,XL,,0006287-XL,2,0,0,0
REBEL MASS EXPORT PVT LTD,AW24SH0191-0006300 D.NAVY,0006300-XXL,XXL,,0006300-XXL,2,0,0,0
REBEL MASS EXPORT PVT LTD,AW24SH0191-0006304 BLACK,0006304-XXL,XXL,,0006304-XXL,2,0,0,0
REBEL MASS EXPORT PVT LTD,AW24SH0192-0006309 B.GREEN,0006309-M,M,,0006309-M,2,0,0,0
REBEL MASS EXPORT PVT LTD,AW24SH0193-0006519 NAVY,0006519-XXL,XXL,,0006519-XXL,2,0,0,0
REBEL MASS EXPORT PVT LTD,AW24SH0194-0006523 CREAM,0006523-XXL,XXL,,0006523-XXL,2,0,0,0
REBEL MASS EXPORT PVT LTD,AW24SK0001-0002448 BEIGE,0002448-M,M,,0002448-M,2,0,0,0
REBEL MASS EXPORT PVT LTD,AW24SK0001-0002455 GREEN,0002455-XXL,XXL,,0002455-XXL,2,0,0,0
REBEL MASS EXPORT PVT LTD,AW24SK0001-0002459 ONION,0002459-XXL,XXL,,0002459-XXL,2,0,0,0
REBEL MASS EXPORT PVT LTD,AW24SK0001-0002467 BROWN,0002467-XXL,XXL,,0002467-XXL,2,0,0,0
REBEL MASS EXPORT PVT LTD,AW24SK0001-0002468 OFF WHITE,0002468-M,M,,0002468-M,2,0,0,0
REBEL MASS EXPORT PVT LTD,AW24SK0001-0002471 OFF WHITE,0002471-XXL,XXL,,0002471-XXL,2,0,0,0
REBEL MASS EXPORT PVT LTD,AW24SK0001-0002475 GREY,0002475-XXL,XXL,,0002475-XXL,2,0,0,0
REBEL MASS EXPORT PVT LTD,AW24SK0001-0002508 SKY BLUE,0002508-XL,XL,,0002508-XL,2,0,0,0
REBEL MASS EXPORT PVT LTD,AW24SK0001-0002531 WHITE,0002531-M,M,,0002531-M,2,0,0,0
REBEL MASS EXPORT PVT LTD,AW24SS0009-0003800 SEA GREEN,0003800-M,M,,0003800-M,2,0,0,0
REBEL MASS EXPORT PVT LTD,AW24SS0009-0003802 SEA GREEN,0003802-XL,XL,,0003802-XL,2,0,0,0
REBEL MASS EXPORT PVT LTD,AW24SS0009-0003815 BLACK,0003815-XXL,XXL,,0003815-XXL,2,0,0,0
REBEL MASS EXPORT PVT LTD,AW24SS0016-0005034 BLACK,0005034-M,M,,0005034-M,2,0,0,0
REBEL MASS EXPORT PVT LTD,AW24SS0019-0005363 MUSTARD,0005363-L,L,,0005363-L,2,0,0,0
REBEL MASS EXPORT PVT LTD,AW24SS0020-0006318 BLACK,0006318-L,L,,0006318-L,2,0,0,0
REBEL MASS EXPORT PVT LTD,AW24SS0020-0006320 BLACK,0006320-XXL,XXL,,0006320-XXL,2,0,0,0
REBEL MASS EXPORT PVT LTD,AW24SS0020-0006327 SEA GREEN,0006327-XL,XL,,0006327-XL,2,0,0,0
REBEL MASS EXPORT PVT LTD,AW24SS0021-0006332 BLACK,0006332-XXL,XXL,,0006332-XXL,2,0,0,0
REBEL MASS EXPORT PVT LTD,AW24SS0022-0006353 YELLOW,0006353-M,M,,0006353-M,2,0,0,0
REBEL MASS EXPORT PVT LTD,AW24SS0023-0006372 OLIVE,0006372-XXL,XXL,,0006372-XXL,2,0,0,0
REBEL MASS EXPORT PVT LTD,AW24SS0024-0006512 YELLOW,0006512-M,M,,0006512-M,2,0,0,0
REBEL MASS EXPORT PVT LTD,AW24SS0024-0006513 YELLOW,0006513-L,L,,0006513-L,2,0,0,0
REBEL MASS EXPORT PVT LTD,AW24SS0024-0006514 YELLOW,0006514-XL,XL,,0006514-XL,2,0,0,0
REBEL MASS EXPORT PVT LTD,AW24SS0024-0006515 YELLOW,0006515-XXL,XXL,,0006515-XXL,2,0,0,0
REBEL MASS EXPORT PVT LTD,AW24TS0001-0002165 BLUE,0002165-M,M,,0002165-M,2,0,0,0
REBEL MASS EXPORT PVT LTD,AW24TX0001-0004314 GREEN,0004314-96.52CM(38),96.52CM (38),,0004314-96.52CM(38),2,0,0,0
REBEL MASS EXPORT PVT LTD,AW24TX0001-0004317 GREEN,0004317-111.76CM(44),111.76CM (44),,0004317-111.76CM(44),2,0,0,0
REBEL MASS EXPORT PVT LTD,AW24TX0001-0004318 COFFEE,0004318-96.52CM(38),96.52CM (38),,0004318-96.52CM(38),2,0,0,0
REBEL MASS EXPORT PVT LTD,AW24TX0001-0004321 COFFEE,0004321-111.76CM(44),111.76CM (44),,0004321-111.76CM(44),2,0,0,0
REBEL MASS EXPORT PVT LTD,AW24TX0001-0004325 CHARCOAL,0004325-111.76CM(44),111.76CM (44),,0004325-111.76CM(44),2,0,0,0
REBEL MASS EXPORT PVT LTD,AW24TX0002-0004327 GREEN,0004327-101.6CM(40),101.6CM (40),,0004327-101.6CM(40),2,0,0,0
REBEL MASS EXPORT PVT LTD,AW24TX0002-0004330 COFFEE,0004330-96.52CM(38),96.52CM (38),,0004330-96.52CM(38),2,0,0,0
REBEL MASS EXPORT PVT LTD,AW24TX0002-0004336 CHARCOAL,0004336-106.68CM(42),106.68CM (42),,0004336-106.68CM(42),2,0,0,0
REBEL MASS EXPORT PVT LTD,AW24WL0002-0003792 BLACK,0003792-M,M,,0003792-M,2,0,0,0
REBEL MASS EXPORT PVT LTD,BELT0004-0001841 BLACK,0001841-125CM,125 CM,,0001841-125CM,2,0,0,0
REBEL MASS EXPORT PVT LTD,BELT0004-0001845 BROWN,0001845-120CM,120 CM,,0001845-120CM,2,0,0,0
REBEL MASS EXPORT PVT LTD,BELT0007-0001860 DARK BROWN,0001860-120CM,120 CM,,0001860-120CM,2,0,0,0
REBEL MASS EXPORT PVT LTD,BELT0009-0001877 CHOCOLATE,0001877-104CM,104 CM,,0001877-104CM,2,0,0,0
REBEL MASS EXPORT PVT LTD,BLZ25-0008 WHT/BLUE,DA0632-111.76CM(44),111.76CM (44),,DA0632-111.76CM(44),2,0,0,0
REBEL MASS EXPORT PVT LTD,BLZ25-0008 WHT/BLUE,DA0629-96.52CM(38),96.52CM (38),,DA0629-96.52CM(38),2,0,0,0
REBEL MASS EXPORT PVT LTD,BLZ25-0009 NAVY,DA0812-91.44CM(36),91.44CM (36),,DA0812-91.44CM(36),2,0,0,0
REBEL MASS EXPORT PVT LTD,BLZ25-0017 CHARCOAL GREY,DA1421-116.84CM(46),116.84CM (46),,DA1421-116.84CM(46),2,0,0,0
REBEL MASS EXPORT PVT LTD,BLZ25-0022 BLUE MELANGE,DA3439-101.6CM(40),101.6CM (40),,DA3439-101.6CM(40),2,0,0,0
REBEL MASS EXPORT PVT LTD,BLZ25-0022 BLUE MELANGE,DA3438-96.52CM(38),96.52CM (38),,DA3438-96.52CM(38),2,0,0,0
REBEL MASS EXPORT PVT LTD,BLZ25-0022 GREY MELANGE,DA3431-101.6CM(40),101.6CM (40),,DA3431-101.6CM(40),2,0,0,0
REBEL MASS EXPORT PVT LTD,BLZ25-0022 GREY MELANGE,DA3432-106.68CM(42),106.68CM (42),,DA3432-106.68CM(42),2,0,0,0
REBEL MASS EXPORT PVT LTD,BLZ25-0022 GREY MELANGE,DA3433-111.76CM(44),111.76CM (44),,DA3433-111.76CM(44),2,0,0,0
REBEL MASS EXPORT PVT LTD,BLZ25-0022 GREY MELANGE,DA3430-96.52CM(38),96.52CM (38),,DA3430-96.52CM(38),2,0,0,0
REBEL MASS EXPORT PVT LTD,CJKT25-15-0001-0007169 BLACK,0007169-M,M,,0007169-M,2,0,0,0
REBEL MASS EXPORT PVT LTD,CJKT25-15-0001-0007176 MOUSE,0007176-XXL,XXL,,0007176-XXL,2,0,0,0
REBEL MASS EXPORT PVT LTD,CJKT25-15-0001-0007193 BROWN,0007193-M,M,,0007193-M,2,0,0,0
REBEL MASS EXPORT PVT LTD,CPO25-44-0001-0007567 BLACK,0007567-L,L,,0007567-L,2,0,0,0
REBEL MASS EXPORT PVT LTD,CPO25-44-0001-0007575 MAHROON,0007575-M,M,,0007575-M,2,0,0,0
REBEL MASS EXPORT PVT LTD,CPO25-44-0001-0007576 MAHROON,0007576-L,L,,0007576-L,2,0,0,0
REBEL MASS EXPORT PVT LTD,CPO25-44-0001-0007577 MAHROON,0007577-XL,XL,,0007577-XL,2,0,0,0
REBEL MASS EXPORT PVT LTD,CRC25-0001-0006814 BLACK,0006814-81.28CM(32),81.28CM (32),,0006814-81.28CM(32),2,0,0,0
REBEL MASS EXPORT PVT LTD,CRC25-0001-0007604 GREY,0007604-81.28CM(32),81.28CM (32),,0007604-81.28CM(32),2,0,0,0
REBEL MASS EXPORT PVT LTD,CRC25-0001-0007612 OFF WHITE,0007612-91.44CM(36),91.44CM (36),,0007612-91.44CM(36),2,0,0,0
REBEL MASS EXPORT PVT LTD,CRC25-0001-0007614 OFF WHITE,0007614-101.6CM(40),101.6CM (40),,0007614-101.6CM(40),2,0,0,0
REBEL MASS EXPORT PVT LTD,CRC25-0002-0007615 BEIGE,0007615-76.20CM(30),76.20CM (30),,0007615-76.20CM(30),2,0,0,0
REBEL MASS EXPORT PVT LTD,CRC25-0002-0007630 L.GREY,0007630-91.44CM(36),91.44CM (36),,0007630-91.44CM(36),2,0,0,0
REBEL MASS EXPORT PVT LTD,CRC25-0002-0007642 OLIVE,0007642-91.44CM(36),91.44CM (36),,0007642-91.44CM(36),2,0,0,0
REBEL MASS EXPORT PVT LTD,CRC25-0004 BLACK,DA0044-76.20CM(30),76.20CM (30),,DA0044-76.20CM(30),2,0,0,0
REBEL MASS EXPORT PVT LTD,CRC25-0004 BLACK,DA0046-86.36CM(34),86.36CM (34),,DA0046-86.36CM(34),2,0,0,0
REBEL MASS EXPORT PVT LTD,CRC25-0004 GREEN,DA0007-71.12CM(28),71.12CM (28),,DA0007-71.12CM(28),2,0,0,0
REBEL MASS EXPORT PVT LTD,CRC25-0004 GREEN,DA0012-96.52CM(38),96.52CM (38),,DA0012-96.52CM(38),2,0,0,0
REBEL MASS EXPORT PVT LTD,CRC25-0004 L.GREY,DA0019-71.12CM(28),71.12CM (28),,DA0019-71.12CM(28),2,0,0,0
REBEL MASS EXPORT PVT LTD,CRC25-0004 L.GREY,DA0024-96.52CM(38),96.52CM (38),,DA0024-96.52CM(38),2,0,0,0
REBEL MASS EXPORT PVT LTD,CRC25-0004 MUSTARD,DA0027-81.28CM(32),81.28CM (32),,DA0027-81.28CM(32),2,0,0,0
REBEL MASS EXPORT PVT LTD,CRC25-0004 NAVY,DA0037-71.12CM(28),71.12CM (28),,DA0037-71.12CM(28),2,0,0,0
REBEL MASS EXPORT PVT LTD,CRC25-0004 NAVY,DA0042-96.52CM(38),96.52CM (38),,DA0042-96.52CM(38),2,0,0,0
REBEL MASS EXPORT PVT LTD,CRC25-0004 WHITE,DA0049-71.12CM(28),71.12CM (28),,DA0049-71.12CM(28),2,0,0,0
REBEL MASS EXPORT PVT LTD,CRC25-0004 WHITE,DA0054-96.52CM(38),96.52CM (38),,DA0054-96.52CM(38),2,0,0,0
REBEL MASS EXPORT PVT LTD,CRC25-0005 D.GREY,DA0257-81.28CM(32),81.28CM (32),,DA0257-81.28CM(32),2,0,0,0
REBEL MASS EXPORT PVT LTD,CRC25-0005 D.GREY,DA0259-91.44CM(36),91.44CM (36),,DA0259-91.44CM(36),2,0,0,0
REBEL MASS EXPORT PVT LTD,CRC25-0005 GREEN,DA0478-76.20CM(30),76.20CM (30),,DA0478-76.20CM(30),2,0,0,0
REBEL MASS EXPORT PVT LTD,CRC25-0005 GREY,DA0262-76.20CM(30),76.20CM (30),,DA0262-76.20CM(30),2,0,0,0
REBEL MASS EXPORT PVT LTD,CRC25-0005 GREY,DA0264-86.36CM(34),86.36CM (34),,DA0264-86.36CM(34),2,0,0,0
REBEL MASS EXPORT PVT LTD,CRC25-0005 KHAKI,DA0277-91.44CM(36),91.44CM (36),,DA0277-91.44CM(36),2,0,0,0
REBEL MASS EXPORT PVT LTD,CRC25-0005 NAVY,DA0254-96.52CM(38),96.52CM (38),,DA0254-96.52CM(38),2,0,0,0
REBEL MASS EXPORT PVT LTD,CRC25-0006 BLACK,DA0329-111.76CM(44),111.76CM (44),,DA0329-111.76CM(44),2,0,0,0
REBEL MASS EXPORT PVT LTD,CRC25-0006 BLACK,DA0322-76.20CM(30),76.20CM (30),,DA0322-76.20CM(30),2,0,0,0
REBEL MASS EXPORT PVT LTD,CRC25-0006 BLACK,DA0325-91.44CM(36),91.44CM (36),,DA0325-91.44CM(36),2,0,0,0
REBEL MASS EXPORT PVT LTD,CRC25-0006 BLACK,DA0326-96.52CM(38),96.52CM (38),,DA0326-96.52CM(38),2,0,0,0
REBEL MASS EXPORT PVT LTD,CRC25-0006 CREAM,DA0310-106.68CM(42),106.68CM (42),,DA0310-106.68CM(42),2,0,0,0
REBEL MASS EXPORT PVT LTD,CRC25-0006 CREAM,DA0311-111.76CM(44),111.76CM (44),,DA0311-111.76CM(44),2,0,0,0
REBEL MASS EXPORT PVT LTD,CRC25-0006 CREAM,DA0303-71.12CM(28),71.12CM (28),,DA0303-71.12CM(28),2,0,0,0
REBEL MASS EXPORT PVT LTD,CRC25-0006 NAVY,DA0293-111.76CM(44),111.76CM (44),,DA0293-111.76CM(44),2,0,0,0
REBEL MASS EXPORT PVT LTD,CRC25-0006 OLIVE,DA0302-111.76CM(44),111.76CM (44),,DA0302-111.76CM(44),2,0,0,0
REBEL MASS EXPORT PVT LTD,CRC25-0006 OLIVE,DA0298-91.44CM(36),91.44CM (36),,DA0298-91.44CM(36),2,0,0,0
REBEL MASS EXPORT PVT LTD,CRC25-0006 SKY BLUE,DA0320-111.76CM(44),111.76CM (44),,DA0320-111.76CM(44),2,0,0,0
REBEL MASS EXPORT PVT LTD,CRC25-0008 GREEN,DA0403-76.20CM(30),76.20CM (30),,DA0403-76.20CM(30),2,0,0,0
REBEL MASS EXPORT PVT LTD,CRC25-0008 NAVY,DA0377-81.28CM(32),81.28CM (32),,DA0377-81.28CM(32),2,0,0,0
REBEL MASS EXPORT PVT LTD,CRC25-0010 BROWN,DA3299-91.44CM(36),91.44CM (36),,DA3299-91.44CM(36),2,0,0,0
REBEL MASS EXPORT PVT LTD,CRC25-0010 BROWN,DA3300-96.52CM(38),96.52CM (38),,DA3300-96.52CM(38),2,0,0,0
REBEL MASS EXPORT PVT LTD,CRC25-0010 DARK BROWN,DA2538-91.44CM(36),91.44CM (36),,DA2538-91.44CM(36),2,0,0,0
REBEL MASS EXPORT PVT LTD,CRC25-0010 DARK BROWN,DA2539-96.52CM(38),96.52CM (38),,DA2539-96.52CM(38),2,0,0,0
REBEL MASS EXPORT PVT LTD,CRC25-0010 KHAKI,DA3302-76.2CM(30),76.2CM (30),,DA3302-76.2CM(30),2,0,0,0
REBEL MASS EXPORT PVT LTD,CRC25-0010 KHAKI,DA3305-91.44CM(36),91.44CM (36),,DA3305-91.44CM(36),2,0,0,0
REBEL MASS EXPORT PVT LTD,CRC25-0010 PISTA,DA3310-86.36CM(34),86.36CM (34),,DA3310-86.36CM(34),2,0,0,0
REBEL MASS EXPORT PVT LTD,CSH25-0005-0006857 BLACK,0006857-M,M,,0006857-M,2,0,0,0
REBEL MASS EXPORT PVT LTD,CSH25-0005-0006858 BLACK,0006858-L,L,,0006858-L,2,0,0,0
REBEL MASS EXPORT PVT LTD,CSH25-0009-0006889 PEACH,0006889-M,M,,0006889-M,2,0,0,0
REBEL MASS EXPORT PVT LTD,CSH25-0009-0006893 NAVY,0006893-M,M,,0006893-M,2,0,0,0
REBEL MASS EXPORT PVT LTD,CSH25-0009-0006896 NAVY,0006896-XXL,XXL,,0006896-XXL,2,0,0,0
REBEL MASS EXPORT PVT LTD,CSH25-0011-0006905 WHITE,0006905-M,M,,0006905-M,2,0,0,0
REBEL MASS EXPORT PVT LTD,CSH25-0039 ORANGE,DA0547-M,M,,DA0547-M,2,0,0,0
REBEL MASS EXPORT PVT LTD,CSH25-20-0012-0007069 PINK,0007069-M,M,,0007069-M,2,0,0,0
REBEL MASS EXPORT PVT LTD,CSH25-20-0012-0007072 PINK,0007072-XXL,XXL,,0007072-XXL,2,0,0,0
REBEL MASS EXPORT PVT LTD,CSH25-20-0012-0007076 OLIVE,0007076-XXL,XXL,,0007076-XXL,2,0,0,0
REBEL MASS EXPORT PVT LTD,CSH25-20-0012-0007080 GREY,0007080-XXL,XXL,,0007080-XXL,2,0,0,0
REBEL MASS EXPORT PVT LTD,CSH25-39-0015-0007551 WHITE,0007551-L,L,,0007551-L,2,0,0,0
REBEL MASS EXPORT PVT LTD,CSH25-39-0016-0007558 SEA GREEN,0007558-M,M,,0007558-M,2,0,0,0
REBEL MASS EXPORT PVT LTD,CSH25-39-0026-0008203 L.GREY,0008203-L,L,,0008203-L,2,0,0,0
REBEL MASS EXPORT PVT LTD,CSH25-39-0026-0008205 L.GREY,0008205-XXL,XXL,,0008205-XXL,2,0,0,0
REBEL MASS EXPORT PVT LTD,CSH25-39-0027-0008209 BLUE,0008209-XXL,XXL,,0008209-XXL,2,0,0,0
REBEL MASS EXPORT PVT LTD,CSH25-39-0033-0008230 WHT/GREEN,0008230-M,M,,0008230-M,2,0,0,0
REBEL MASS EXPORT PVT LTD,CSS25-15-0006-0007213 LEMON,0007213-M,M,,0007213-M,2,0,0,0
REBEL MASS EXPORT PVT LTD,CTR25-0007 NAVY,DA0144-81.28CM(32),81.28CM (32),,DA0144-81.28CM(32),2,0,0,0
REBEL MASS EXPORT PVT LTD,CTR25-0007 NAVY,DA0146-91.44CM(36),91.44CM (36),,DA0146-91.44CM(36),2,0,0,0
REBEL MASS EXPORT PVT LTD,CTR25-0008 BEIGE,DA1423-81.28CM(32),81.28CM (32),,DA1423-81.28CM(32),2,0,0,0
REBEL MASS EXPORT PVT LTD,CTR25-04-0005-0007675 BEIGE,0007675-86.36CM(34),86.36CM (34),,0007675-86.36CM(34),2,0,0,0
REBEL MASS EXPORT PVT LTD,CTR25-18-0006 NAVY,DA0200-101.6CM(40),101.6CM (40),,DA0200-101.6CM(40),2,0,0,0
REBEL MASS EXPORT PVT LTD,CTR25-18-0006-0008113 STEAL GREY,0008113-91.44CM(36),91.44CM(36),,0008113-91.44CM(36),2,0,0,0
REBEL MASS EXPORT PVT LTD,CTR25-18-0006-0008120 CREAM,0008120-91.44CM(36),91.44CM(36),,0008120-91.44CM(36),2,0,0,0
REBEL MASS EXPORT PVT LTD,CTR25-36-0002-0007446 CREAM,0007446-91.44CM(36),91.44CM (36),,0007446-91.44CM(36),2,0,0,0
REBEL MASS EXPORT PVT LTD,CTR25-36-0004 L.GREY,DA1947-101.6(40),101.6 (40),,DA1947-101.6(40),2,0,0,0
REBEL MASS EXPORT PVT LTD,CTR25-36-0004-0007488 KHAKI,0007488-76.20CM(30),76.20CM (30),,0007488-76.20CM(30),2,0,0,0
REBEL MASS EXPORT PVT LTD,CTR25-36-0004-0007497 OLIVE,0007497-96.52CM(38),96.52CM (38),,0007497-96.52CM(38),2,0,0,0
REBEL MASS EXPORT PVT LTD,CWC25-0002 PISTA/GOLD,DA3338-101.6CM(40),101.6CM (40),,DA3338-101.6CM(40),2,0,0,0
REBEL MASS EXPORT PVT LTD,CWC25-0002 PISTA/GOLD,DA3337-96.52CM(38),96.52CM (38),,DA3337-96.52CM(38),2,0,0,0
REBEL MASS EXPORT PVT LTD,CWC25-0006 CREAM,DA3357-96.52CM(38),96.52CM (38),,DA3357-96.52CM(38),2,0,0,0
REBEL MASS EXPORT PVT LTD,CWC25-0006 OFF WHITE,DA3354-101.6CM(40),101.6CM (40),,DA3354-101.6CM(40),2,0,0,0
REBEL MASS EXPORT PVT LTD,CWC25-0006 OFF WHITE,DA3353-96.52CM(38),96.52CM (38),,DA3353-96.52CM(38),2,0,0,0
REBEL MASS EXPORT PVT LTD,CWC25-0006 PEACH,DA3365-96.52CM(38),96.52CM (38),,DA3365-96.52CM(38),2,0,0,0
REBEL MASS EXPORT PVT LTD,CWC25-15-0001 WHITE,DA0965-96.52CM(38),96.52CM (38),,DA0965-96.52CM(38),2,0,0,0
REBEL MASS EXPORT PVT LTD,CWC25-32-0013 BLACK,DA1610-96.52CM(38),96.52CM (38),,DA1610-96.52CM(38),2,0,0,0
REBEL MASS EXPORT PVT LTD,CWL25-15-0001-0007144 MAHANDI,0007144-XXL,XXL,,0007144-XXL,2,0,0,0
REBEL MASS EXPORT PVT LTD,CWL25-15-0001-0007145 AIR FORCE,0007145-M,M,,0007145-M,2,0,0,0
REBEL MASS EXPORT PVT LTD,DCR25-34-0001-0007533 BLUE,0007533-76.20CM(30),76.20CM (30),,0007533-76.20CM(30),2,0,0,0
REBEL MASS EXPORT PVT LTD,DNM25-0017 WHITE,DA1835-96.52CM(38),96.52CM (38),,DA1835-96.52CM(38),2,0,0,0
REBEL MASS EXPORT PVT LTD,DNM25-34-0007-0007785 BLUE,0007785-81.28CM(32),81.28CM (32),,0007785-81.28CM(32),2,0,0,0
REBEL MASS EXPORT PVT LTD,DNM25-34-0009-0007818 OLIVE,0007818-96.52CM(38),96.52CM (38),,0007818-96.52CM(38),2,0,0,0
REBEL MASS EXPORT PVT LTD,FSH25-0002-0006935 VOILET,0006935-XL,XL,,0006935-XL,2,0,0,0
REBEL MASS EXPORT PVT LTD,FSH25-0023 EQUA,DA0530-XXL,XXL,,DA0530-XXL,2,0,0,0
REBEL MASS EXPORT PVT LTD,FSH25-0023 YELLOW,DA0522-XXL,XXL,,DA0522-XXL,2,0,0,0
REBEL MASS EXPORT PVT LTD,FSH25-0036 AQUA,DA1729-XXL,XXL,,DA1729-XXL,2,0,0,0
REBEL MASS EXPORT PVT LTD,FSH25-0039 WHITE,DA1773-XXL,XXL,,DA1773-XXL,2,0,0,0
REBEL MASS EXPORT PVT LTD,FTR25-0003-0006754 CHARCOAL,0006754-96.52CM(38),96.52CM (38),,0006754-96.52CM(38),2,0,0,0
REBEL MASS EXPORT PVT LTD,FTR25-0003-0007716 CHARCOAL,0007716-71.12CM(28),71.12CM (28),,0007716-71.12CM(28),2,0,0,0
REBEL MASS EXPORT PVT LTD,FTR25-0004-0008088 BLACK,0008088-76.20CM(30),76.20CM (30),,0008088-76.20CM(30),2,0,0,0
REBEL MASS EXPORT PVT LTD,FTR25-0004-0008092 BLACK,0008092-96.52CM(38),96.52CM (38),,0008092-96.52CM(38),2,0,0,0
REBEL MASS EXPORT PVT LTD,FTR25-0005-0006763 GREY,0006763-86.36CM(34),86.36CM (34),,0006763-86.36CM(34),2,0,0,0
REBEL MASS EXPORT PVT LTD,FTR25-0006-0006770 BLUE,0006770-91.44CM(36),91.44CM (36),,0006770-91.44CM(36),2,0,0,0
REBEL MASS EXPORT PVT LTD,FTR25-0007-0006775 BLUE,0006775-91.44CM(36),91.44CM (36),,0006775-91.44CM(36),2,0,0,0
REBEL MASS EXPORT PVT LTD,FTR25-0008-0007037 CREAM,0007037-96.52CM(38),96.52CM (38),,0007037-96.52CM(38),2,0,0,0
REBEL MASS EXPORT PVT LTD,FTR25-0033-0007726 KHAKI,0007726-91.44CM(36),91.44CM(36),,0007726-91.44CM(36),2,0,0,0
REBEL MASS EXPORT PVT LTD,FTR25-0044 BEIGE,DA0168-91.44CM(36),91.44CM (36),,DA0168-91.44CM(36),2,0,0,0
REBEL MASS EXPORT PVT LTD,FTR25-0044 CREAM,DA0182-86.36CM(34),86.36CM (34),,DA0182-86.36CM(34),2,0,0,0
REBEL MASS EXPORT PVT LTD,FTR25-0044 KHAKI,DA0173-91.44CM(36),91.44CM (36),,DA0173-91.44CM(36),2,0,0,0
REBEL MASS EXPORT PVT LTD,FTR25-0044 OLIVE,DA0177-86.36CM(34),86.36CM (34),,DA0177-86.36CM(34),2,0,0,0
REBEL MASS EXPORT PVT LTD,FTR25-0044 OLIVE,DA0178-91.44CM(36),91.44CM (36),,DA0178-91.44CM(36),2,0,0,0
REBEL MASS EXPORT PVT LTD,FTR25-0044 OLIVE,DA0179-96.52CM(38),96.52CM (38),,DA0179-96.52CM(38),2,0,0,0
REBEL MASS EXPORT PVT LTD,FTR25-0045 BLUE,DA0190-76.20CM(30),76.20CM (30),,DA0190-76.20CM(30),2,0,0,0
REBEL MASS EXPORT PVT LTD,FTR25-0046 BLACK,DA1027-101.6CM(40),101.6CM (40),,DA1027-101.6CM(40),2,0,0,0
REBEL MASS EXPORT PVT LTD,FTR25-0046 BLACK,DA1022-76.20CM(30),76.20CM (30),,DA1022-76.20CM(30),2,0,0,0
REBEL MASS EXPORT PVT LTD,FTR25-0047 BLACK,DA1030-86.36CM(34),86.36CM (34),,DA1030-86.36CM(34),2,0,0,0
REBEL MASS EXPORT PVT LTD,FTR25-0048 BLACK,DA1039-101.6CM(40),101.6CM (40),,DA1039-101.6CM(40),2,0,0,0
REBEL MASS EXPORT PVT LTD,FTR25-0048 BLACK,DA1036-86.36CM(34),86.36CM (34),,DA1036-86.36CM(34),2,0,0,0
REBEL MASS EXPORT PVT LTD,FTR25-0049 BLACK,DA1043-91.44CM(36),91.44CM (36),,DA1043-91.44CM(36),2,0,0,0
REBEL MASS EXPORT PVT LTD,FTR25-0050 GREY,DA1047-81.28CM(32),81.28CM (32),,DA1047-81.28CM(32),2,0,0,0
REBEL MASS EXPORT PVT LTD,FTR25-0050 GREY,DA1049-91.44CM(36),91.44CM (36),,DA1049-91.44CM(36),2,0,0,0
REBEL MASS EXPORT PVT LTD,FTR25-0051 LT. GREY,DA1056-96.52CM(38),96.52CM (38),,DA1056-96.52CM(38),2,0,0,0
REBEL MASS EXPORT PVT LTD,FTR25-0055 BLACK,DA1076-76.20CM(30),76.20CM (30),,DA1076-76.20CM(30),2,0,0,0
REBEL MASS EXPORT PVT LTD,FTR25-0055 BLACK,DA1077-81.28CM(32),81.28CM (32),,DA1077-81.28CM(32),2,0,0,0
REBEL MASS EXPORT PVT LTD,FTR25-0056 LT. GREY,DA1087-101.6CM(40),101.6CM (40),,DA1087-101.6CM(40),2,0,0,0
REBEL MASS EXPORT PVT LTD,FTR25-0057 DK. GREY,DA1088-76.20CM(30),76.20CM (30),,DA1088-76.20CM(30),2,0,0,0
REBEL MASS EXPORT PVT LTD,FTR25-0057 DK. GREY,DA1092-96.52CM(38),96.52CM (38),,DA1092-96.52CM(38),2,0,0,0
REBEL MASS EXPORT PVT LTD,FTR25-0058 GREY,DA1095-81.28CM(32),81.28CM (32),,DA1095-81.28CM(32),2,0,0,0
REBEL MASS EXPORT PVT LTD,FTR25-0060 OFF WHITE,DA1110-96.52CM(38),96.52CM (38),,DA1110-96.52CM(38),2,0,0,0
REBEL MASS EXPORT PVT LTD,FTR25-0061 GREY,DA1117-101.6CM(40),101.6CM (40),,DA1117-101.6CM(40),2,0,0,0
REBEL MASS EXPORT PVT LTD,FTR25-0062 NAVY,DA1118-76.20CM(30),76.20CM (30),,DA1118-76.20CM(30),2,0,0,0
REBEL MASS EXPORT PVT LTD,FTR25-0063 BEIGE,DA1128-96.52CM(38),96.52CM (38),,DA1128-96.52CM(38),2,0,0,0
REBEL MASS EXPORT PVT LTD,FTR25-0064 GREY,DA1135-101.6CM(40),101.6CM (40),,DA1135-101.6CM(40),2,0,0,0
REBEL MASS EXPORT PVT LTD,FTR25-0064 GREY,DA1133-91.44CM(36),91.44CM (36),,DA1133-91.44CM(36),2,0,0,0
REBEL MASS EXPORT PVT LTD,FTR25-0065 OLIVE,DA1136-76.20CM(30),76.20CM (30),,DA1136-76.20CM(30),2,0,0,0
REBEL MASS EXPORT PVT LTD,FTR25-0065 OLIVE,DA1137-81.28CM(32),81.28CM (32),,DA1137-81.28CM(32),2,0,0,0
REBEL MASS EXPORT PVT LTD,FTR25-0065 OLIVE,DA1139-91.44CM(36),91.44CM (36),,DA1139-91.44CM(36),2,0,0,0
REBEL MASS EXPORT PVT LTD,FTR25-0066 LT.BEIGE,DA1146-96.52CM(38),96.52CM (38),,DA1146-96.52CM(38),2,0,0,0
REBEL MASS EXPORT PVT LTD,FTR25-0067 DK. GREY,DA1153-101.6CM(40),101.6CM (40),,DA1153-101.6CM(40),2,0,0,0
REBEL MASS EXPORT PVT LTD,FTR25-0068 GREY,DA1156-86.36CM(34),86.36CM (34),,DA1156-86.36CM(34),2,0,0,0
REBEL MASS EXPORT PVT LTD,FTR25-0068 GREY,DA1158-96.52CM(38),96.52CM (38),,DA1158-96.52CM(38),2,0,0,0
REBEL MASS EXPORT PVT LTD,FTR25-0069 SEA GREEN,DA1160-76.20CM(30),76.20CM (30),,DA1160-76.20CM(30),2,0,0,0
REBEL MASS EXPORT PVT LTD,FTR25-0069 SEA GREEN,DA1161-81.28CM(32),81.28CM (32),,DA1161-81.28CM(32),2,0,0,0
REBEL MASS EXPORT PVT LTD,FTR25-18-0009-0007237 CHARCOAL,0007237-86.36CM(34),86.36CM (34),,0007237-86.36CM(34),2,0,0,0
REBEL MASS EXPORT PVT LTD,FTR25-18-0009-0007238 CHARCOAL,0007238-91.44CM(36),91.44CM (36),,0007238-91.44CM(36),2,0,0,0
REBEL MASS EXPORT PVT LTD,FTR25-18-0009-0007245 KHAKI,0007245-96.52CM(38),96.52CM (38),,0007245-96.52CM(38),2,0,0,0
REBEL MASS EXPORT PVT LTD,FTR25-18-0009-0007246 KHAKI,0007246-101.6CM(40),101.6CM (40),,0007246-101.6CM(40),2,0,0,0
REBEL MASS EXPORT PVT LTD,FTR25-18-0009-0007252 BROWN,0007252-101.6CM(40),101.6CM (40),,0007252-101.6CM(40),2,0,0,0
REBEL MASS EXPORT PVT LTD,FTR25-18-0011-0007258 GREY,0007258-101.6CM(40),101.6CM (40),,0007258-101.6CM(40),2,0,0,0
REBEL MASS EXPORT PVT LTD,FTR25-18-0013-0007267 BLACK,0007267-86.36CM(34),86.36CM (34),,0007267-86.36CM(34),2,0,0,0
REBEL MASS EXPORT PVT LTD,FTR25-18-0013-0007268 BLACK,0007268-91.44CM(36),91.44CM (36),,0007268-91.44CM(36),2,0,0,0
REBEL MASS EXPORT PVT LTD,FTR25-18-0014-0007298 GREY,0007298-91.44CM(36),91.44CM (36),,0007298-91.44CM(36),2,0,0,0
REBEL MASS EXPORT PVT LTD,FTR25-18-0014-0007299 GREY,0007299-96.52CM(38),96.52CM (38),,0007299-96.52CM(38),2,0,0,0
REBEL MASS EXPORT PVT LTD,FTR25-18-0015-0007303 D.GREY,0007303-86.36CM(34),86.36CM (34),,0007303-86.36CM(34),2,0,0,0
REBEL MASS EXPORT PVT LTD,FTR25-18-0017-0007313 GREY,0007313-76.20CM(30),76.20CM (30),,0007313-76.20CM(30),2,0,0,0
REBEL MASS EXPORT PVT LTD,FTR25-18-0017-0007318 GREY,0007318-101.6CM(40),101.6CM (40),,0007318-101.6CM(40),2,0,0,0
REBEL MASS EXPORT PVT LTD,FTR25-18-0019-0007325 NAVY,0007325-76.20CM(30),76.20CM (30),,0007325-76.20CM(30),2,0,0,0
REBEL MASS EXPORT PVT LTD,FTR25-18-0019-0007328 NAVY,0007328-91.44CM(36),91.44CM (36),,0007328-91.44CM(36),2,0,0,0
REBEL MASS EXPORT PVT LTD,FTR25-18-0019-0007330 NAVY,0007330-101.6CM(40),101.6CM (40),,0007330-101.6CM(40),2,0,0,0
REBEL MASS EXPORT PVT LTD,FTR25-18-0020-0007334 BLACK,0007334-91.44CM(36),91.44CM (36),,0007334-91.44CM(36),2,0,0,0
REBEL MASS EXPORT PVT LTD,FTR25-18-0022-0007346 BLACK,0007346-91.44CM(36),91.44CM (36),,0007346-91.44CM(36),2,0,0,0
REBEL MASS EXPORT PVT LTD,FTR25-18-0022-0008266 BLACK,0008266-106.68CM(42),106.68CM (42),,0008266-106.68CM(42),2,0,0,0
REBEL MASS EXPORT PVT LTD,FTR25-18-0023-0007350 BLACK,0007350-81.28CM(32),81.28CM (32),,0007350-81.28CM(32),2,0,0,0
REBEL MASS EXPORT PVT LTD,FTR25-18-0023-0007354 BLACK,0007354-101.6CM(40),101.6CM (40),,0007354-101.6CM(40),2,0,0,0
REBEL MASS EXPORT PVT LTD,FTR25-18-0024-0007358 NAVY,0007358-91.44CM(36),91.44CM (36),,0007358-91.44CM(36),2,0,0,0
REBEL MASS EXPORT PVT LTD,FTR25-18-0024-0007359 NAVY,0007359-96.52CM(38),96.52CM (38),,0007359-96.52CM(38),2,0,0,0
REBEL MASS EXPORT PVT LTD,FTR25-18-0024-0007365 GREY,0007365-96.52CM(38),96.52CM (38),,0007365-96.52CM(38),2,0,0,0
REBEL MASS EXPORT PVT LTD,FTR25-18-0025-0007391 BLACK,0007391-76.20CM(30),76.20CM (30),,0007391-76.20CM(30),2,0,0,0
REBEL MASS EXPORT PVT LTD,FTR25-18-0025-0007395 BLACK,0007395-96.52CM(38),96.52CM (38),,0007395-96.52CM(38),2,0,0,0
REBEL MASS EXPORT PVT LTD,FTR25-18-0026-0007397 BLUE,0007397-76.20CM(30),76.20CM (30),,0007397-76.20CM(30),2,0,0,0
REBEL MASS EXPORT PVT LTD,FTR25-18-0026-0007400 BLUE,0007400-91.44CM(36),91.44CM (36),,0007400-91.44CM(36),2,0,0,0
REBEL MASS EXPORT PVT LTD,FTR25-18-0026-0007403 D.GREY,0007403-76.20CM(30),76.20CM (30),,0007403-76.20CM(30),2,0,0,0
REBEL MASS EXPORT PVT LTD,FTR25-18-0026-0007404 D.GREY,0007404-81.28CM(32),81.28CM (32),,0007404-81.28CM(32),2,0,0,0
REBEL MASS EXPORT PVT LTD,FTR25-18-0026-0007407 D.GREY,0007407-96.52CM(38),96.52CM (38),,0007407-96.52CM(38),2,0,0,0
REBEL MASS EXPORT PVT LTD,FTR25-18-0026-0007412 D.NAVY,0007412-91.44CM(36),91.44CM (36),,0007412-91.44CM(36),2,0,0,0
REBEL MASS EXPORT PVT LTD,FTR25-18-0026-0007420 BLACK,0007420-101.6CM(40),101.6CM (40),,0007420-101.6CM(40),2,0,0,0
REBEL MASS EXPORT PVT LTD,FTR25-18-0028-0007697 CHARCOAL,0007697-76.20CM(30),76.20CM (30),,0007697-76.20CM(30),2,0,0,0
REBEL MASS EXPORT PVT LTD,FTR25-18-0028-0007698 CHARCOAL,0007698-81.28CM(32),81.28CM (32),,0007698-81.28CM(32),2,0,0,0
REBEL MASS EXPORT PVT LTD,FTR25-18-0028-0007701 CHARCOAL,0007701-96.52CM(38),96.52CM (38),,0007701-96.52CM(38),2,0,0,0
REBEL MASS EXPORT PVT LTD,FTR25-18-0028-0007702 CHARCOAL,0007702-101.6CM(40),101.6CM (40),,0007702-101.6CM(40),2,0,0,0
REBEL MASS EXPORT PVT LTD,FTR25-18-0034-0007860 BLACK,0007860-101.6CM(40),101.6CM (40),,0007860-101.6CM(40),2,0,0,0
REBEL MASS EXPORT PVT LTD,FTR25-18-0035-0007861 BLACK,0007861-76.20CM(30),76.20CM (30),,0007861-76.20CM(30),2,0,0,0
REBEL MASS EXPORT PVT LTD,FTR25-18-0036-0007870 BLACK,0007870-86.36CM(34),86.36CM (34),,0007870-86.36CM(34),2,0,0,0
REBEL MASS EXPORT PVT LTD,FTR25-18-0037-0007877 BLUE,0007877-96.52CM(38),96.52CM (38),,0007877-96.52CM(38),2,0,0,0
REBEL MASS EXPORT PVT LTD,FTR25-18-0037-0008097 D.BLUE,0008097-96.52CM(38),96.52CM (38),,0008097-96.52CM(38),2,0,0,0
REBEL MASS EXPORT PVT LTD,FTR25-18-0038-0007881 BLUE,0007881-91.44CM(36),91.44CM(36),,0007881-91.44CM(36),2,0,0,0
REBEL MASS EXPORT PVT LTD,FTR25-18-0039-0007887 SKY BLUE,0007887-96.52CM(38),96.52CM (38),,0007887-96.52CM(38),2,0,0,0
REBEL MASS EXPORT PVT LTD,FTR25-18-0043-0008272 SKY BLUE,0008272-76.20CM(30),76.20CM (30),,0008272-76.20CM(30),2,0,0,0
REBEL MASS EXPORT PVT LTD,FTR25-18-0043-0008274 L.GREY,0008274-86.36CM(34),86.36CM (34),,0008274-86.36CM(34),2,0,0,0
REBEL MASS EXPORT PVT LTD,FTR25-18-0043-0008275 L.GREY,0008275-91.44CM(36),91.44CM(36),,0008275-91.44CM(36),2,0,0,0
REBEL MASS EXPORT PVT LTD,FTR25-18-0044 GREY/BLUE,DA1452-76.20CM(30),76.20CM (30),,DA1452-76.20CM(30),2,0,0,0
REBEL MASS EXPORT PVT LTD,FTR25-18-0054 CHARCOAL,DA1514-86.36CM(34),86.36CM (34),,DA1514-86.36CM(34),2,0,0,0
REBEL MASS EXPORT PVT LTD,FTR25-18-0056 BLACK,DA1524-76.20CM(30),76.20CM (30),,DA1524-76.20CM(30),2,0,0,0
REBEL MASS EXPORT PVT LTD,FTR25-18-0061 BLUE,DA1554-76.20CM(30),76.20CM (30),,DA1554-76.20CM(30),2,0,0,0
REBEL MASS EXPORT PVT LTD,FTR25-36-0044 GREY,DA1970-96.52CM(38),96.52CM (38),,DA1970-96.52CM(38),2,0,0,0
REBEL MASS EXPORT PVT LTD,FTR25-36-0044 T.BLUE,DA1957-81.28CM(32),81.28CM (32),,DA1957-81.28CM(32),2,0,0,0
REBEL MASS EXPORT PVT LTD,FTR25-36-0044 T.BLUE,DA1958-86.36CM(34),86.36CM (34),,DA1958-86.36CM(34),2,0,0,0
REBEL MASS EXPORT PVT LTD,MBDNM0001-0000472 BLACK,0000472-38,38,,0000472-38,2,0,0,0
REBEL MASS EXPORT PVT LTD,MBDNM0001-0000473 BLACK,0000473-36,36,,0000473-36,2,0,0,0
REBEL MASS EXPORT PVT LTD,MBDNM0001-0000477 BLACK,0000477-30,30,,0000477-30,2,0,0,0
REBEL MASS EXPORT PVT LTD,MBDNM0002-0000479 MID  BLUE,0000479-36,36,,0000479-36,2,0,0,0
REBEL MASS EXPORT PVT LTD,MBDNM0007-0000513 GREY,0000513-34,34,,0000513-34,2,0,0,0
REBEL MASS EXPORT PVT LTD,MBDNM0008-0000515 DARK BLUE,0000515-30,30,,0000515-30,2,0,0,0
REBEL MASS EXPORT PVT LTD,MBDNM0024-0001689 BLUE,0001689-28,28,,0001689-28,2,0,0,0
REBEL MASS EXPORT PVT LTD,MBDNM0024-0001697 BLACK,0001697-32,32,,0001697-32,2,0,0,0
REBEL MASS EXPORT PVT LTD,MBDNM0026-0001758 TOWEL BLUE,0001758-96.52CM(38INCH),96.52 CM (38 INCH),,0001758-96.52CM(38INCH),2,0,0,0
REBEL MASS EXPORT PVT LTD,MBDNM0027-0001761 LIGHT BLUE,0001761-81.28CM(32INCH),81.28 CM (32 INCH),,0001761-81.28CM(32INCH),2,0,0,0
REBEL MASS EXPORT PVT LTD,MBDNM0029-0001772 MERCRIZED BLUE,0001772-76.2CM(30INCH),76.2 CM (30 INCH),,0001772-76.2CM(30INCH),2,0,0,0
REBEL MASS EXPORT PVT LTD,MBDNM0034-0007715 DARK BLUE,0007715-96.52CM(38),96.52CM (38),,0007715-96.52CM(38),2,0,0,0
REBEL MASS EXPORT PVT LTD,MCBLZ0005-0000678 L.BLUE,0000678-44,44,,0000678-44,2,0,0,0
REBEL MASS EXPORT PVT LTD,MCBLZ0006-0000681 RED,0000681-38,38,,0000681-38,2,0,0,0
REBEL MASS EXPORT PVT LTD,MCBLZ0007-0000684 BROWN,0000684-38,38,,0000684-38,2,0,0,0
REBEL MASS EXPORT PVT LTD,MCBLZ0007-0000685 BROWN,0000685-44,44,,0000685-44,2,0,0,0
REBEL MASS EXPORT PVT LTD,MCBLZ0009-0000695 TAN,0000695-38,38,,0000695-38,2,0,0,0
REBEL MASS EXPORT PVT LTD,MCBLZ0012-0000705 TAN,0000705-44,44,,0000705-44,2,0,0,0
REBEL MASS EXPORT PVT LTD,MCBLZ0014-0000713 CHARCOAL,0000713-44,44,,0000713-44,2,0,0,0
REBEL MASS EXPORT PVT LTD,MCBLZ0015-0000717 GREY,0000717-42,42,,0000717-42,2,0,0,0
REBEL MASS EXPORT PVT LTD,MCBLZ0016-0000720 BLUE,0000720-38,38,,0000720-38,2,0,0,0
REBEL MASS EXPORT PVT LTD,MCBLZ0017-0000727 BLUE,0000727-44,44,,0000727-44,2,0,0,0
REBEL MASS EXPORT PVT LTD,MCBLZ0018-0000728 BLACK,0000728-38,38,,0000728-38,2,0,0,0
REBEL MASS EXPORT PVT LTD,MCBLZ0019-0000734 BLUE,0000734-38,38,,0000734-38,2,0,0,0
REBEL MASS EXPORT PVT LTD,MCBLZ0020-0000738 CHARCOAL,0000738-38,38,,0000738-38,2,0,0,0
REBEL MASS EXPORT PVT LTD,MCBLZ0027-0000765 BLUE,0000765-38,38,,0000765-38,2,0,0,0
REBEL MASS EXPORT PVT LTD,MCBLZ0028-0000771 LAVENDER,0000771-44,44,,0000771-44,2,0,0,0
REBEL MASS EXPORT PVT LTD,MCBLZ0030-0000776 BLUE,0000776-44,44,,0000776-44,2,0,0,0
REBEL MASS EXPORT PVT LTD,MCBLZ0033-0000788 L.BLUE,0000788-40,40,,0000788-40,2,0,0,0
REBEL MASS EXPORT PVT LTD,MCBLZ0034-0001141 BROWN,0001141-44,44,,0001141-44,2,0,0,0
REBEL MASS EXPORT PVT LTD,MCBLZ0039-0001158 FAWN,0001158-38,38,,0001158-38,2,0,0,0
REBEL MASS EXPORT PVT LTD,MCBLZ0040-0001164 MEHROON,0001164-42,42,,0001164-42,2,0,0,0
REBEL MASS EXPORT PVT LTD,MCBLZ0041-0001167 TEAL,0001167-40,40,,0001167-40,2,0,0,0
REBEL MASS EXPORT PVT LTD,MCBLZ0044-0001181 SKY BLUE,0001181-44,44,,0001181-44,2,0,0,0
REBEL MASS EXPORT PVT LTD,MCBLZ0046-0001186 DARK GREY,0001186-38,38,,0001186-38,2,0,0,0
REBEL MASS EXPORT PVT LTD,MCBLZ0049-0001339 MAHROON,0001339-XXL,XXL,,0001339-XXL,2,0,0,0
REBEL MASS EXPORT PVT LTD,MCBLZ0052-0001350 NAVY,0001350-XL,XL,,0001350-XL,2,0,0,0
REBEL MASS EXPORT PVT LTD,MCBLZ0053-0001352 LIGHT GREY,0001352-M,M,,0001352-M,2,0,0,0
REBEL MASS EXPORT PVT LTD,MCBLZ0053-0001354 LIGHT GREY,0001354-XL,XL,,0001354-XL,2,0,0,0
REBEL MASS EXPORT PVT LTD,MCBLZ0053-0001355 LIGHT GREY,0001355-XXL,XXL,,0001355-XXL,2,0,0,0
REBEL MASS EXPORT PVT LTD,MCBLZ0053-0001402 LIGHT GREY,0001402-S,S,,0001402-S,2,0,0,0
REBEL MASS EXPORT PVT LTD,MCBLZ0055-0001404 DARK GREY,0001404-S,S,,0001404-S,2,0,0,0
REBEL MASS EXPORT PVT LTD,MCBLZ0059-0001377 BROWN,0001377-L,L,,0001377-L,2,0,0,0
REBEL MASS EXPORT PVT LTD,MCBLZ0059-0001379 BROWN,0001379-XXL,XXL,,0001379-XXL,2,0,0,0
REBEL MASS EXPORT PVT LTD,MCBLZ0061-0001385 KHAKI,0001385-L,L,,0001385-L,2,0,0,0
REBEL MASS EXPORT PVT LTD,MCBLZ0062-0001389 PISTA GREEN,0001389-L,L,,0001389-L,2,0,0,0
REBEL MASS EXPORT PVT LTD,MCBLZ0062-0001391 PISTA GREEN,0001391-XXL,XXL,,0001391-XXL,2,0,0,0
REBEL MASS EXPORT PVT LTD,MCC2ST001-0001509 LIGHT GREY,0001509-40,40,,0001509-40,2,0,0,0
REBEL MASS EXPORT PVT LTD,MCC2ST005-0001526 GREY,0001526-42,42,,0001526-42,2,0,0,0
REBEL MASS EXPORT PVT LTD,MCC2ST006-0001529 GREY,0001529-40,40,,0001529-40,2,0,0,0
REBEL MASS EXPORT PVT LTD,MCC2ST007-0001535 GREY,0001535-44,44,,0001535-44,2,0,0,0
REBEL MASS EXPORT PVT LTD,MCC2ST008-0001538 BOTLE GREEN,0001538-42,42,,0001538-42,2,0,0,0
REBEL MASS EXPORT PVT LTD,MCC2ST010-0001545 CHARCOAL,0001545-40,40,,0001545-40,2,0,0,0
REBEL MASS EXPORT PVT LTD,MCC2ST012-0001555 D.GREY,0001555-44,44,,0001555-44,2,0,0,0
REBEL MASS EXPORT PVT LTD,MCC2ST016-0001569 BLACK,0001569-40,40,,0001569-40,2,0,0,0
REBEL MASS EXPORT PVT LTD,MCC2ST017-0001572 GREY,0001572-38,38,,0001572-38,2,0,0,0
REBEL MASS EXPORT PVT LTD,MCC2ST020-0001587 GREY,0001587-44,44,,0001587-44,2,0,0,0
REBEL MASS EXPORT PVT LTD,MCC2ST027-0001613 GREY,0001613-40,40,,0001613-40,2,0,0,0
REBEL MASS EXPORT PVT LTD,MCC2ST028-0001619 KHAKI,0001619-44,44,,0001619-44,2,0,0,0
REBEL MASS EXPORT PVT LTD,MCKRT0001-0001905 WINE,0001905-L,L,,0001905-L,2,0,0,0
REBEL MASS EXPORT PVT LTD,MCKRT0001-0001918 NAVY,0001918-XL,XL,,0001918-XL,2,0,0,0
REBEL MASS EXPORT PVT LTD,MCKRT0001-0001923 BLACK,0001923-XXL,XXL,,0001923-XXL,2,0,0,0
REBEL MASS EXPORT PVT LTD,MCSHT0001-0000381 PINK,0000381-M,M,,0000381-M,2,0,0,0
REBEL MASS EXPORT PVT LTD,MCSHT0001-0000383 PINK,0000383-XXL,XXL,,0000383-XXL,2,0,0,0
REBEL MASS EXPORT PVT LTD,MCSHT0003-0000391 NAVY,0000391-XXL,XXL,,0000391-XXL,2,0,0,0
REBEL MASS EXPORT PVT LTD,MCSHT0004-0000392 NAVY,0000392-XXL,XXL,,0000392-XXL,2,0,0,0
REBEL MASS EXPORT PVT LTD,MCSHT0006-0000402 GREEN,0000402-L,L,,0000402-L,2,0,0,0
REBEL MASS EXPORT PVT LTD,MCSHT0007-0000405 SKY BLUE,0000405-XXL,XXL,,0000405-XXL,2,0,0,0
REBEL MASS EXPORT PVT LTD,MCSHT0008-0000408 RED,0000408-M,M,,0000408-M,2,0,0,0
REBEL MASS EXPORT PVT LTD,MCSHT0008-0000410 RED,0000410-XXL,XXL,,0000410-XXL,2,0,0,0
REBEL MASS EXPORT PVT LTD,MCSHT0009-0000413 TURQUISE,0000413-XXL,XXL,,0000413-XXL,2,0,0,0
REBEL MASS EXPORT PVT LTD,MCSHT0010-0000418 BEIGE,0000418-L,L,,0000418-L,2,0,0,0
REBEL MASS EXPORT PVT LTD,MCSHT0011-0000421 BEIGE,0000421-M,M,,0000421-M,2,0,0,0
REBEL MASS EXPORT PVT LTD,MCSHT0011-0000423 BEIGE,0000423-XL,XL,,0000423-XL,2,0,0,0
REBEL MASS EXPORT PVT LTD,MCSHT0012-0001422 PINK,0001422-M,M,,0001422-M,2,0,0,0
REBEL MASS EXPORT PVT LTD,MCSHT0012-0001423 PINK,0001423-L,L,,0001423-L,2,0,0,0
REBEL MASS EXPORT PVT LTD,MCTRZ0004-0001002 DARK GREY,0001002-38,38,,0001002-38,2,0,0,0
REBEL MASS EXPORT PVT LTD,MCWCT0002-0000800 L.BLUE,0000800-40,40,,0000800-40,2,0,0,0
REBEL MASS EXPORT PVT LTD,MCWCT0003-0000804 RED,0000804-44,44,,0000804-44,2,0,0,0
REBEL MASS EXPORT PVT LTD,MCWCT0004-0000805 BROWN,0000805-38,38,,0000805-38,2,0,0,0
REBEL MASS EXPORT PVT LTD,MCWCT0004-0000806 BROWN,0000806-42,42,,0000806-42,2,0,0,0
REBEL MASS EXPORT PVT LTD,MCWCT0004-0000808 BROWN,0000808-40,40,,0000808-40,2,0,0,0
REBEL MASS EXPORT PVT LTD,MCWCT0005-0000811 SKY,0000811-40,40,,0000811-40,2,0,0,0
REBEL MASS EXPORT PVT LTD,MCWCT0007-0000818 BLUE,0000818-42,42,,0000818-42,2,0,0,0
REBEL MASS EXPORT PVT LTD,MCWCT0007-0000819 BLUE,0000819-38,38,,0000819-38,2,0,0,0
REBEL MASS EXPORT PVT LTD,MCWCT0008-0000822 BROWN,0000822-38,38,,0000822-38,2,0,0,0
REBEL MASS EXPORT PVT LTD,MCWCT0010-0000829 D.BROWN,0000829-38,38,,0000829-38,2,0,0,0
REBEL MASS EXPORT PVT LTD,MCWCT0010-0000831 D.BROWN,0000831-40,40,,0000831-40,2,0,0,0
REBEL MASS EXPORT PVT LTD,MCWCT0011-0000833 SILVER,0000833-44,44,,0000833-44,2,0,0,0
REBEL MASS EXPORT PVT LTD,MFSHT0002-0000537 LIGHT GREY,0000537-M,M,,0000537-M,2,0,0,0
REBEL MASS EXPORT PVT LTD,MFSHT0007-0000891 ORANGE,0000891-M,M,,0000891-M,2,0,0,0
REBEL MASS EXPORT PVT LTD,MFSHT0007-0000894 ORANGE,0000894-XXL,XXL,,0000894-XXL,2,0,0,0
REBEL MASS EXPORT PVT LTD,MFSHT0010-0000903 VIOLET,0000903-M,M,,0000903-M,2,0,0,0
REBEL MASS EXPORT PVT LTD,MFSHT0011-0000909 MID  BLUE,0000909-XL,XL,,0000909-XL,2,0,0,0
REBEL MASS EXPORT PVT LTD,MFSHT0011-0000910 MID  BLUE,0000910-XXL,XXL,,0000910-XXL,2,0,0,0
REBEL MASS EXPORT PVT LTD,MFSHT0012-0000911 SKY BLUE,0000911-M,M,,0000911-M,2,0,0,0
REBEL MASS EXPORT PVT LTD,MFSHT0013-0000918 YELLOW,0000918-XXL,XXL,,0000918-XXL,2,0,0,0
REBEL MASS EXPORT PVT LTD,MFSHT0014-0000919 L.BLUE,0000919-M,M,,0000919-M,2,0,0,0
REBEL MASS EXPORT PVT LTD,MFSHT0015-0000926 GREY,0000926-XXL,XXL,,0000926-XXL,2,0,0,0
REBEL MASS EXPORT PVT LTD,MFSHT0017-0000931 YELLOW,0000931-M,M,,0000931-M,2,0,0,0
REBEL MASS EXPORT PVT LTD,MFSHT0018-0000937 SEA GREEN,0000937-XL,XL,,0000937-XL,2,0,0,0
REBEL MASS EXPORT PVT LTD,MFSHT0018-0000938 SEA GREEN,0000938-XXL,XXL,,0000938-XXL,2,0,0,0
REBEL MASS EXPORT PVT LTD,MFSHT0019-0000939 WHITE,0000939-M,M,,0000939-M,2,0,0,0
REBEL MASS EXPORT PVT LTD,MFSHT0020-0000944 MID  BLUE,0000944-L,L,,0000944-L,2,0,0,0
REBEL MASS EXPORT PVT LTD,MFSHT0021-0000947 BLACK,0000947-M,M,,0000947-M,2,0,0,0
REBEL MASS EXPORT PVT LTD,MFSHT0022-0000951 LEMON,0000951-M,M,,0000951-M,2,0,0,0
REBEL MASS EXPORT PVT LTD,MFSHT0023-0000955 SKY BLUE,0000955-M,M,,0000955-M,2,0,0,0
REBEL MASS EXPORT PVT LTD,MFSHT0024-0000961 LAVENDER,0000961-XL,XL,,0000961-XL,2,0,0,0
REBEL MASS EXPORT PVT LTD,MFSHT0025-0000963 DARK BLUE,0000963-M,M,,0000963-M,2,0,0,0
REBEL MASS EXPORT PVT LTD,MFSHT0025-0000966 DARK BLUE,0000966-XXL,XXL,,0000966-XXL,2,0,0,0
REBEL MASS EXPORT PVT LTD,MFSHT0028-0000978 WHITE,0000978-XXL,XXL,,0000978-XXL,2,0,0,0
REBEL MASS EXPORT PVT LTD,MFSHT0029-0000979 L.BLUE,0000979-M,M,,0000979-M,2,0,0,0
REBEL MASS EXPORT PVT LTD,MFSHT0031-0001194 WHITE,0001194-L,L,,0001194-L,2,0,0,0
REBEL MASS EXPORT PVT LTD,MFSHT0031-0001196 WHITE,0001196-XL,XL,,0001196-XL,2,0,0,0
REBEL MASS EXPORT PVT LTD,MFTRZ0001-0000426 GREY,0000426-34,34,,0000426-34,2,0,0,0
REBEL MASS EXPORT PVT LTD,MFTRZ0002-0000432 NAVY,0000432-30,30,,0000432-30,2,0,0,0
REBEL MASS EXPORT PVT LTD,MFTRZ0002-0000433 NAVY,0000433-38,38,,0000433-38,2,0,0,0
REBEL MASS EXPORT PVT LTD,MFTRZ0004-0000444 NAVY,0000444-34,34,,0000444-34,2,0,0,0
REBEL MASS EXPORT PVT LTD,MFTRZ0005-0000450 BLACK,0000450-28,28,,0000450-28,2,0,0,0
REBEL MASS EXPORT PVT LTD,MFTRZ0007-0000461 NAVY,0000461-30,30,,0000461-30,2,0,0,0
REBEL MASS EXPORT PVT LTD,MFTRZ0007-0000464 NAVY,0000464-34,34,,0000464-34,2,0,0,0
REBEL MASS EXPORT PVT LTD,MFTRZ0008-0000468 CREAM,0000468-28,28,,0000468-28,2,0,0,0
REBEL MASS EXPORT PVT LTD,MFTRZ0009-0001009 BROWN,0001009-44,44,,0001009-44,2,0,0,0
REBEL MASS EXPORT PVT LTD,MFTRZ0011-0001021 GREY,0001021-28,28,,0001021-28,2,0,0,0
REBEL MASS EXPORT PVT LTD,MFTRZ0011-0001023 GREY,0001023-42,42,,0001023-42,2,0,0,0
REBEL MASS EXPORT PVT LTD,MFTRZ0011-0001027 GREY,0001027-30,30,,0001027-30,2,0,0,0
REBEL MASS EXPORT PVT LTD,MFTRZ0013-0001047 BLACK,0001047-30,30,,0001047-30,2,0,0,0
REBEL MASS EXPORT PVT LTD,MFTRZ0014-0001051 BLACK,0001051-44,44,,0001051-44,2,0,0,0
REBEL MASS EXPORT PVT LTD,MFTRZ0014-0001054 BLACK,0001054-28,28,,0001054-28,2,0,0,0
REBEL MASS EXPORT PVT LTD,MFTRZ0014-0001056 BLACK,0001056-30,30,,0001056-30,2,0,0,0
REBEL MASS EXPORT PVT LTD,MFTRZ0015-0001061 BLUE,0001061-42,42,,0001061-42,2,0,0,0
REBEL MASS EXPORT PVT LTD,MFTRZ0015-0001062 BLUE,0001062-36,36,,0001062-36,2,0,0,0
REBEL MASS EXPORT PVT LTD,MFTRZ0015-0001063 BLUE,0001063-40,40,,0001063-40,2,0,0,0
REBEL MASS EXPORT PVT LTD,MFTRZ0015-0001064 BLUE,0001064-28,28,,0001064-28,2,0,0,0
REBEL MASS EXPORT PVT LTD,MFTRZ0016-0001066 BLUE,0001066-30,30,,0001066-30,2,0,0,0
REBEL MASS EXPORT PVT LTD,MFTRZ0019-0001096 BLUE,0001096-34,34,,0001096-34,2,0,0,0
REBEL MASS EXPORT PVT LTD,MFTRZ0019-0001098 BLUE,0001098-38,38,,0001098-38,2,0,0,0
REBEL MASS EXPORT PVT LTD,MFTRZ0021-0001115 KHAKI,0001115-36,36,,0001115-36,2,0,0,0
REBEL MASS EXPORT PVT LTD,MFTRZ0021-0001119 KHAKI,0001119-44,44,,0001119-44,2,0,0,0
REBEL MASS EXPORT PVT LTD,MFTRZ0022-0001123 BLACK,0001123-34,34,,0001123-34,2,0,0,0
REBEL MASS EXPORT PVT LTD,MFTRZ0022-0001126 BLACK,0001126-40,40,,0001126-40,2,0,0,0
REBEL MASS EXPORT PVT LTD,MFTRZ0022-0001128 BLACK,0001128-44,44,,0001128-44,2,0,0,0
REBEL MASS EXPORT PVT LTD,MFTRZ0023-0001133 GREY,0001133-36,36,,0001133-36,2,0,0,0
REBEL MASS EXPORT PVT LTD,MFTRZ0023-0001136 GREY,0001136-42,42,,0001136-42,2,0,0,0
REBEL MASS EXPORT PVT LTD,MFTRZ0023-0001137 GREY,0001137-44,44,,0001137-44,2,0,0,0
REBEL MASS EXPORT PVT LTD,MFTRZ0024-0001310 MOUSE,0001310-28,28,,0001310-28,2,0,0,0
REBEL MASS EXPORT PVT LTD,MFTRZ0024-0001311 MOUSE,0001311-30,30,,0001311-30,2,0,0,0
REBEL MASS EXPORT PVT LTD,MFTRZ0024-0001312 MOUSE,0001312-32,32,,0001312-32,2,0,0,0
REBEL MASS EXPORT PVT LTD,MFTRZ0024-0001317 MOUSE,0001317-42,42,,0001317-42,2,0,0,0
REBEL MASS EXPORT PVT LTD,MFTRZ0024-0001318 MOUSE,0001318-44,44,,0001318-44,2,0,0,0
REBEL MASS EXPORT PVT LTD,MFTRZ0025-0001319 DARK GREY,0001319-28,28,,0001319-28,2,0,0,0
REBEL MASS EXPORT PVT LTD,MFTRZ0025-0001320 DARK GREY,0001320-30,30,,0001320-30,2,0,0,0
REBEL MASS EXPORT PVT LTD,MFTRZ0025-0001327 DARK GREY,0001327-44,44,,0001327-44,2,0,0,0
REBEL MASS EXPORT PVT LTD,MJKTF0008-0001426 C.GREEN.,0001426-M,M,,0001426-M,2,0,0,0
REBEL MASS EXPORT PVT LTD,MJKTF0008-0001435 GREEN,0001435-L,L,,0001435-L,2,0,0,0
REBEL MASS EXPORT PVT LTD,MPSHT0001-0001621 BLACK,0001621-L,L,,0001621-L,2,0,0,0
REBEL MASS EXPORT PVT LTD,MPSHT0001-0001633 COFFEE,0001633-L,L,,0001633-L,2,0,0,0
REBEL MASS EXPORT PVT LTD,MPSHT0001-0001634 COFFEE,0001634-XL,XL,,0001634-XL,2,0,0,0
REBEL MASS EXPORT PVT LTD,MPSHT0002-0001627 MEHANDI GREEN,0001627-XXL,XXL,,0001627-XXL,2,0,0,0
REBEL MASS EXPORT PVT LTD,MPSHT0003-0001636 INK BLUE,0001636-M,M,,0001636-M,2,0,0,0
REBEL MASS EXPORT PVT LTD,MPSHT0004-0001644 SEA GREEN,0001644-M,M,,0001644-M,2,0,0,0
REBEL MASS EXPORT PVT LTD,MPSHT0004-0001646 SEA GREEN,0001646-XL,XL,,0001646-XL,2,0,0,0
REBEL MASS EXPORT PVT LTD,MPSHT0004-0001648 WHITE,0001648-M,M,,0001648-M,2,0,0,0
REBEL MASS EXPORT PVT LTD,MSWTF0003-0004247 GREEN,0004247-M,M,,0004247-M,2,0,0,0
REBEL MASS EXPORT PVT LTD,MSWTS0001-0001467 OLIVE/LIGHT,0001467-M,M,,0001467-M,2,0,0,0
REBEL MASS EXPORT PVT LTD,MTSHS0002-0000561 NAVY,0000561-XXL,XXL,,0000561-XXL,2,0,0,0
REBEL MASS EXPORT PVT LTD,MTSHS0003-0000565 NAVY,0000565-L,L,,0000565-L,2,0,0,0
REBEL MASS EXPORT PVT LTD,MTSHS0009-0000588 NAVY,0000588-M,M,,0000588-M,2,0,0,0
REBEL MASS EXPORT PVT LTD,MTSHS0015-0000613 BLACK,0000613-XL,XL,,0000613-XL,2,0,0,0
REBEL MASS EXPORT PVT LTD,MTSHS0016-0000619 NAVY,0000619-M,M,,0000619-M,2,0,0,0
REBEL MASS EXPORT PVT LTD,MTSHS0017-0000620 WHITE,0000620-M,M,,0000620-M,2,0,0,0
REBEL MASS EXPORT PVT LTD,MTSHS0019-0000630 WHITE,0000630-M,M,,0000630-M,2,0,0,0
REBEL MASS EXPORT PVT LTD,MTSHS0020-0000632 WHITE,0000632-XXL,XXL,,0000632-XXL,2,0,0,0
REBEL MASS EXPORT PVT LTD,MTSHS0020-0000633 WHITE,0000633-XL,XL,,0000633-XL,2,0,0,0
REBEL MASS EXPORT PVT LTD,MTSHS0021-0000639 RED,0000639-M,M,,0000639-M,2,0,0,0
REBEL MASS EXPORT PVT LTD,MTSHS0022-0000643 WHITE,0000643-XL,XL,,0000643-XL,2,0,0,0
REBEL MASS EXPORT PVT LTD,MTSHS0023-0000646 NAVY,0000646-XXL,XXL,,0000646-XXL,2,0,0,0
REBEL MASS EXPORT PVT LTD,MTSHS0026-0000659 M.GREY,0000659-L,L,,0000659-L,2,0,0,0
REBEL MASS EXPORT PVT LTD,MWSST0001-0001721 BLACK,0001721-M,M,,0001721-M,2,0,0,0
REBEL MASS EXPORT PVT LTD,MWSST0001-0001723 BLACK,0001723-XL,XL,,0001723-XL,2,0,0,0
REBEL MASS EXPORT PVT LTD,MWSST0003-0001731 BROWN,0001731-XL,XL,,0001731-XL,2,0,0,0
REBEL MASS EXPORT PVT LTD,MWSST0003-0001732 BROWN,0001732-XXL,XXL,,0001732-XXL,2,0,0,0
REBEL MASS EXPORT PVT LTD,MWSST0005-0001740 PISTA,0001740-XXL,XXL,,0001740-XXL,2,0,0,0
REBEL MASS EXPORT PVT LTD,SHORT25-0001 OLIVE,DA1311-XL,XL,,DA1311-XL,2,0,0,0
REBEL MASS EXPORT PVT LTD,SHORT25-0001 OLIVE,DA1313-XXXL,XXXL,,DA1313-XXXL,2,0,0,0
REBEL MASS EXPORT PVT LTD,SHORT25-0001 PISTA,DA1303-XXXL,XXXL,,DA1303-XXXL,2,0,0,0
REBEL MASS EXPORT PVT LTD,SS25-0001A WHITE,DA1228-M,M,,DA1228-M,2,0,0,0
REBEL MASS EXPORT PVT LTD,SS25-0001A WHITE,DA1230-XL,XL,,DA1230-XL,2,0,0,0
REBEL MASS EXPORT PVT LTD,SS25-0001B WHITE,DA1233-L,L,,DA1233-L,2,0,0,0
REBEL MASS EXPORT PVT LTD,SS25-0001B WHITE,DA1234-XL,XL,,DA1234-XL,2,0,0,0
REBEL MASS EXPORT PVT LTD,SS25-0005 MAROON,DA1248-M,M,,DA1248-M,2,0,0,0
REBEL MASS EXPORT PVT LTD,SS25-0010 BLACK,DA1364-L,L,,DA1364-L,2,0,0,0
REBEL MASS EXPORT PVT LTD,SS25-0010 BLACK,DA1365-XL,XL,,DA1365-XL,2,0,0,0
REBEL MASS EXPORT PVT LTD,SS25-0010 BLACK,DA1366-XXL,XXL,,DA1366-XXL,2,0,0,0
REBEL MASS EXPORT PVT LTD,SS25-0011 BLACK,DA1368-L,L,,DA1368-L,2,0,0,0
REBEL MASS EXPORT PVT LTD,SS25-0011 BLACK,DA1367-M,M,,DA1367-M,2,0,0,0
REBEL MASS EXPORT PVT LTD,SS25-0011 BLACK,DA1369-XL,XL,,DA1369-XL,2,0,0,0
REBEL MASS EXPORT PVT LTD,SS25-0011 BLACK,DA1370-XXL,XXL,,DA1370-XXL,2,0,0,0
REBEL MASS EXPORT PVT LTD,SS25-0012 KHAKI,DA1372-L,L,,DA1372-L,2,0,0,0
REBEL MASS EXPORT PVT LTD,TRC25-0001 NAVY,DA1381-XL,XL,,DA1381-XL,2,0,0,1
REBEL MASS EXPORT PVT LTD,TRC25-0002 B.MELANGE,DA3284-XXL,XXL,,DA3284-XXL,2,0,0,2
REBEL MASS EXPORT PVT LTD,TS25-0001 BLK/WHT,DA0833-XXL,XXL,,DA0833-XXL,2,0,0,0
REBEL MASS EXPORT PVT LTD,TS25-0001 WHITE,DA0893-M,M,,DA0893-M,2,0,0,0
REBEL MASS EXPORT PVT LTD,TS25-0002 GREY/BLK,DA0835-L,L,,DA0835-L,2,0,0,0
REBEL MASS EXPORT PVT LTD,TS25-0002 GREY/BLK,DA0834-M,M,,DA0834-M,2,0,0,0
REBEL MASS EXPORT PVT LTD,TS25-0002 GREY/BLK,DA0836-XL,XL,,DA0836-XL,2,0,0,0
REBEL MASS EXPORT PVT LTD,TS25-0003A WHITE,DA0838-M,M,,DA0838-M,2,0,0,0
REBEL MASS EXPORT PVT LTD,TS25-0003B WHITE,DA0843-L,L,,DA0843-L,2,0,0,0
REBEL MASS EXPORT PVT LTD,TS25-0003E NAVY,DA0854-M,M,,DA0854-M,2,0,0,0
REBEL MASS EXPORT PVT LTD,TS25-0003E NAVY,DA0857-XXL,XXL,,DA0857-XXL,2,0,0,0
REBEL MASS EXPORT PVT LTD,TS25-0005 SEA GREEN,DA1018-M,M,,DA1018-M,2,0,0,0
REBEL MASS EXPORT PVT LTD,TS25-0005 SEA GREEN,DA1021-XXL,XXL,,DA1021-XXL,2,0,0,0
REBEL MASS EXPORT PVT LTD,TS25-0006 SKY/BLU,DA0898-L,L,,DA0898-L,2,0,0,0
REBEL MASS EXPORT PVT LTD,TS25-0009 WHT/GREY,DA0909-M,M,,DA0909-M,2,0,0,0
REBEL MASS EXPORT PVT LTD,TS25-0009 WHT/GREY,DA0912-XXL,XXL,,DA0912-XXL,2,0,0,0
REBEL MASS EXPORT PVT LTD,TS25-0011 NAVY,DA0998-M,M,,DA0998-M,2,0,0,0
REBEL MASS EXPORT PVT LTD,TS25-0012 SKY BLUE,DA1172-M,M,,DA1172-M,2,0,0,0
REBEL MASS EXPORT PVT LTD,TS25-0013A LEMON,DA1194-XL,XL,,DA1194-XL,2,0,0,0
REBEL MASS EXPORT PVT LTD,TS25-0013A LEMON,DA1195-XXL,XXL,,DA1195-XXL,2,0,0,0
REBEL MASS EXPORT PVT LTD,TS25-0013A RED,DA1209-L,L,,DA1209-L,2,0,0,0
REBEL MASS EXPORT PVT LTD,TS25-0013A RED/BLUE,DA1222-XL,XL,,DA1222-XL,2,0,0,0
REBEL MASS EXPORT PVT LTD,TS25-0015B GREY,DA1629-XXL,XXL,,DA1629-XXL,2,0,0,0
REBEL MASS EXPORT PVT LTD,TS25-0015C GREY,DA1631-L,L,,DA1631-L,2,0,0,0
REBEL MASS EXPORT PVT LTD,TS25-0015C GREY,DA1633-XXL,XXL,,DA1633-XXL,2,0,0,0
REBEL MASS EXPORT PVT LTD,TS25-0016 SKY,DA1640-XL,XL,,DA1640-XL,2,0,0,0
REBEL MASS EXPORT PVT LTD,TS25-0016 SKY,DA1641-XXL,XXL,,DA1641-XXL,2,0,0,0
REBEL MASS EXPORT PVT LTD,TS25-0034 GREY,DA1911-XXL,XXL,,DA1911-XXL,2,0,0,0
REBEL MASS EXPORT PVT LTD,TS25-0034 PISTA,DA1916-XXL,XXL,,DA1916-XXL,2,0,0,0
REBEL MASS EXPORT PVT LTD,TS25-0035 GREY,DA1939-XL,XL,,DA1939-XL,2,0,0,0
REBEL MASS EXPORT PVT LTD,TS25-0043 TURMERIC,DA2134-XXL,XXL,,DA2134-XXL,2,0,0,0
REBEL MASS EXPORT PVT LTD,TS25-0044 RED,DA2140-L,L,,DA2140-L,2,0,0,0
REBEL MASS EXPORT PVT LTD,TS25-0044 RED,DA2141-XL,XL,,DA2141-XL,2,0,0,0
REBEL MASS EXPORT PVT LTD,TS25-0044 RED,DA2142-XXL,XXL,,DA2142-XXL,2,0,0,0
REBEL MASS EXPORT PVT LTD,WATCH0001-0004456 GREEN,0004456-NA,NA,,0004456-NA,2,0,0,0
REBEL MASS EXPORT PVT LTD,TS25-0040 NAVY,DA1997-M,M,,DA1997-M,2,0,0,0
REBEL MASS EXPORT PVT LTD,2PC25-0035 NAVY/BLUE,DA3771-101.6CM(40),101.6CM (40),,DA3771-101.6CM(40),1,0,0,0
REBEL MASS EXPORT PVT LTD,2PC25-0035 NAVY/BLUE,DA3772-106.68CM(42),106.68CM (42),,DA3772-106.68CM(42),1,0,0,0
REBEL MASS EXPORT PVT LTD,2PC25-0035 NAVY/BLUE,DA3773-111.76(44),111.76 (44),,DA3773-111.76(44),1,0,0,0
REBEL MASS EXPORT PVT LTD,3PC25-0011 GREEN,DA2493-111.76CM(44),111.76CM (44),,DA2493-111.76CM(44),1,0,0,0
REBEL MASS EXPORT PVT LTD,3PC25-0011 SEA BLUE,DA2500-106.68CM(42),106.68CM (42),,DA2500-106.68CM(42),1,0,0,0
REBEL MASS EXPORT PVT LTD,3PC25-0011 SEA BLUE,DA2501-111.76CM(44),111.76CM (44),,DA2501-111.76CM(44),1,0,0,0
REBEL MASS EXPORT PVT LTD,BLZ25-0018 BEIGE,DA2552-96.52CM(38),96.52CM (38),,DA2552-96.52CM(38),1,0,0,0
REBEL MASS EXPORT PVT LTD,BLZ25-0019 GREY,DA2560-96.52CM(38),96.52CM (38),,DA2560-96.52CM(38),1,0,0,0
REBEL MASS EXPORT PVT LTD,BLZ26-0001 BEIGE,DA3847-101.6CM(40),101.6CM (40),,DA3847-101.6CM(40),1,0,0,0
REBEL MASS EXPORT PVT LTD,BLZ26-0001 BEIGE,DA3848-106.68CM(42),106.68CM (42),,DA3848-106.68CM(42),1,0,0,0
REBEL MASS EXPORT PVT LTD,BLZ26-0001 BEIGE,DA3849-111.76CM(44),111.76CM (44),,DA3849-111.76CM(44),1,0,0,0
REBEL MASS EXPORT PVT LTD,BLZ26-0001 BEIGE,DA3846-96.52CM(38),96.52CM (38),,DA3846-96.52CM(38),1,0,0,0
REBEL MASS EXPORT PVT LTD,BLZ26-0001 GREY,DA3839-101.6CM(40),101.6CM (40),,DA3839-101.6CM(40),1,0,0,0
REBEL MASS EXPORT PVT LTD,BLZ26-0001 GREY,DA3840-106.68CM(42),106.68CM (42),,DA3840-106.68CM(42),1,0,0,0
REBEL MASS EXPORT PVT LTD,BLZ26-0001 GREY,DA3841-111.76CM(44),111.76CM (44),,DA3841-111.76CM(44),1,0,0,0
REBEL MASS EXPORT PVT LTD,BLZ26-0001 GREY,DA3838-96.52CM(38),96.52CM (38),,DA3838-96.52CM(38),1,0,0,0
REBEL MASS EXPORT PVT LTD,BLZ26-0001 L.T BEIGE,DA3835-101.6CM(40),101.6CM (40),,DA3835-101.6CM(40),1,0,0,0
REBEL MASS EXPORT PVT LTD,BLZ26-0001 L.T BEIGE,DA3836-106.68CM(42),106.68CM (42),,DA3836-106.68CM(42),1,0,0,0
REBEL MASS EXPORT PVT LTD,BLZ26-0001 L.T BEIGE,DA3837-111.76CM(44),111.76CM (44),,DA3837-111.76CM(44),1,0,0,0
REBEL MASS EXPORT PVT LTD,BLZ26-0001 L.T BEIGE,DA3834-96.52CM(38),96.52CM (38),,DA3834-96.52CM(38),1,0,0,0
REBEL MASS EXPORT PVT LTD,BLZ26-0001 SKY,DA3843-101.6CM(40),101.6CM (40),,DA3843-101.6CM(40),1,0,0,0
REBEL MASS EXPORT PVT LTD,BLZ26-0001 SKY,DA3844-106.68CM(42),106.68CM (42),,DA3844-106.68CM(42),1,0,0,0
REBEL MASS EXPORT PVT LTD,BLZ26-0001 SKY,DA3845-111.76CM(44),111.76CM (44),,DA3845-111.76CM(44),1,0,0,0
REBEL MASS EXPORT PVT LTD,BLZ26-0001 SKY,DA3842-96.52CM(38),96.52CM (38),,DA3842-96.52CM(38),1,0,0,0
REBEL MASS EXPORT PVT LTD,CSH25-0070 CHOCOLATE,DA2568-M,M,,DA2568-M,1,0,0,0
REBEL MASS EXPORT PVT LTD,CSH25-0081 BEIGE/KHAKI,DA2623-M,M,,DA2623-M,1,0,0,0
REBEL MASS EXPORT PVT LTD,CSH25-0086 PINK,DA2648-M,M,,DA2648-M,1,0,0,0
REBEL MASS EXPORT PVT LTD,CSH25-0086 PINK,DA2651-XXL,XXL,,DA2651-XXL,1,0,0,0
REBEL MASS EXPORT PVT LTD,CSH25-0100 L.GREEN,DA2718-M,M,,DA2718-M,1,0,0,0
REBEL MASS EXPORT PVT LTD,CSH25-0101 CREAM,DA2723-M,M,,DA2723-M,1,0,0,0
REBEL MASS EXPORT PVT LTD,CSH25-0102 L.PINK,DA2728-M,M,,DA2728-M,1,0,0,0
REBEL MASS EXPORT PVT LTD,CSH25-0107 L.BROWN,DA3211-S,S,,DA3211-S,1,0,0,0
REBEL MASS EXPORT PVT LTD,CSH25-0107 OLIVE,DA3197-XXL,XXL,,DA3197-XXL,1,0,0,0
REBEL MASS EXPORT PVT LTD,CSH26-0001 COFFEE,DA3994-M,M,,DA3994-M,1,0,0,0
REBEL MASS EXPORT PVT LTD,CSH26-0001 COFFEE,DA3996-XL,XL,,DA3996-XL,1,0,0,0
REBEL MASS EXPORT PVT LTD,CSH26-0001 GREY,DA3975-L,L,,DA3975-L,1,0,0,0
REBEL MASS EXPORT PVT LTD,CSH26-0001 ORANGE,DA3982-M,M,,DA3982-M,1,0,0,0
REBEL MASS EXPORT PVT LTD,CSH26-0001 RED/BLUE,DA3990-M,M,,DA3990-M,1,0,0,0
REBEL MASS EXPORT PVT LTD,CSH26-0001 RED/BLUE,DA3992-XL,XL,,DA3992-XL,1,0,0,0
REBEL MASS EXPORT PVT LTD,CSH26-0001 RED/CREAM,DA4011-L,L,,DA4011-L,1,0,0,0
REBEL MASS EXPORT PVT LTD,CSH26-0001 RED/CREAM,DA4012-XL,XL,,DA4012-XL,1,0,0,0
REBEL MASS EXPORT PVT LTD,CSH26-0001 RED/GREEN,DA4003-L,L,,DA4003-L,1,0,0,0
REBEL MASS EXPORT PVT LTD,CSH26-0001 RED/GREEN,DA4002-M,M,,DA4002-M,1,0,0,0
REBEL MASS EXPORT PVT LTD,CSH26-0001 RED/GREEN,DA4004-XL,XL,,DA4004-XL,1,0,0,0
REBEL MASS EXPORT PVT LTD,CSH26-0001 WHITE/BLUE,DA3979-L,L,,DA3979-L,1,0,0,0
REBEL MASS EXPORT PVT LTD,CSH26-0001 WHITE/BLUE,DA3978-M,M,,DA3978-M,1,0,0,0
REBEL MASS EXPORT PVT LTD,CSH26-0001 WHITE/BLUE,DA3980-XL,XL,,DA3980-XL,1,0,0,0
REBEL MASS EXPORT PVT LTD,CSH26-0002 RED,DA3987-L,L,,DA3987-L,1,0,0,0
REBEL MASS EXPORT PVT LTD,CSS26-0001 CREAM,DA3930-M,M,,DA3930-M,1,0,0,0
REBEL MASS EXPORT PVT LTD,CSS26-0001 SKY BLUE,DA3926-M,M,,DA3926-M,1,0,0,0
REBEL MASS EXPORT PVT LTD,CSS26-0001 SKY BLUE,DA3928-XL,XL,,DA3928-XL,1,0,0,0
REBEL MASS EXPORT PVT LTD,DNM26-0002 BLUE,DA4205-76.20CM(30),76.20CM (30),,DA4205-76.20CM(30),1,0,0,0
REBEL MASS EXPORT PVT LTD,DNM26-0004 DARK BLUE,DA4217-76.20CM(30),76.20CM (30),,DA4217-76.20CM(30),1,0,0,0
REBEL MASS EXPORT PVT LTD,DNM26-0004 DARK BLUE,DA4220-91.44CM(36),91.44CM (36),,DA4220-91.44CM(36),1,0,0,0
REBEL MASS EXPORT PVT LTD,DNM26-0005 BLACK,DA4223-76.20CM(30),76.20CM (30),,DA4223-76.20CM(30),1,0,0,0
REBEL MASS EXPORT PVT LTD,DNM26-0008 BLUE,BM0134-76.20CM(30),76.20CM (30),,BM0134-76.20CM(30),1,0,0,0
REBEL MASS EXPORT PVT LTD,FSH25-0062 L.BEIGE,DA2302-S,S,,DA2302-S,1,0,0,0
REBEL MASS EXPORT PVT LTD,FSH25-0062 L.BEIGE,DA2307-XXXL,XXXL,,DA2307-XXXL,1,0,0,0
REBEL MASS EXPORT PVT LTD,FSH25-0062 L.GREY,DA2296-S,S,,DA2296-S,1,0,0,0
REBEL MASS EXPORT PVT LTD,FSH25-0062 PISTA,DA2320-S,S,,DA2320-S,1,0,0,0
REBEL MASS EXPORT PVT LTD,FSH25-0062 PISTA,DA2325-XXXL,XXXL,,DA2325-XXXL,1,0,0,0
REBEL MASS EXPORT PVT LTD,FSH25-0062 SKY,DA2265-XXXL,XXXL,,DA2265-XXXL,1,0,0,0
REBEL MASS EXPORT PVT LTD,FSH25-0062 TURQ,DA2277-XXXL,XXXL,,DA2277-XXXL,1,0,0,0
REBEL MASS EXPORT PVT LTD,FSH25-0064 WHITE,DA2849-M,M,,DA2849-M,1,0,0,0
REBEL MASS EXPORT PVT LTD,FSH25-0068A BLACK,DA2867-XL,XL,,DA2867-XL,1,0,0,0
REBEL MASS EXPORT PVT LTD,FSH25-0071 OLIVE,DA3467-M,M,,DA3467-M,1,0,0,0
REBEL MASS EXPORT PVT LTD,FSH25-0071 OLIVE,DA3470-XXL,XXL,,DA3470-XXL,1,0,0,0
REBEL MASS EXPORT PVT LTD,FSH25-0071 PISTA,DA3474-XXL,XXL,,DA3474-XXL,1,0,0,0
REBEL MASS EXPORT PVT LTD,FTR25-0076 BLACK,DA3075-81.28CM(32),81.28CM (32),,DA3075-81.28CM(32),1,0,0,0
REBEL MASS EXPORT PVT LTD,JKT26-0001 WHITE,DA3889-XXL,XXL,,DA3889-XXL,1,0,0,0
REBEL MASS EXPORT PVT LTD,LW25-0001 ANTHRA,DA2039-L,L,,DA2039-L,1,0,0,0
REBEL MASS EXPORT PVT LTD,LW26-0001 BROWN,DA3827-L,L,,DA3827-L,1,0,0,0
REBEL MASS EXPORT PVT LTD,LW26-0001 MEHANDI,DA3823-L,L,,DA3823-L,1,0,0,0
REBEL MASS EXPORT PVT LTD,LW26-0001 MEHANDI,DA3822-M,M,,DA3822-M,1,0,0,0
REBEL MASS EXPORT PVT LTD,LW26-0001 R.GREEN,DA3815-L,L,,DA3815-L,1,0,0,0
REBEL MASS EXPORT PVT LTD,LW26-0001 R.GREEN,DA3816-XL,XL,,DA3816-XL,1,0,0,0
REBEL MASS EXPORT PVT LTD,LW26-0001 TEAL,DA3883-L,L,,DA3883-L,1,0,0,0
REBEL MASS EXPORT PVT LTD,TS25-0049 NAVY,DA2203-XXL,XXL,,DA2203-XXL,1,0,0,0
REBEL MASS EXPORT PVT LTD,TS25-0054A NAVY,DA2375-XXL,XXL,,DA2375-XXL,1,0,0,0
REBEL MASS EXPORT PVT LTD,TS25-0054C OLIVE,DA2381-S,S,,DA2381-S,1,0,0,0
REBEL MASS EXPORT PVT LTD,TS25-0054C OLIVE,DA2385-XXL,XXL,,DA2385-XXL,1,0,0,0
REBEL MASS EXPORT PVT LTD,TS25-0059 BLACK,DA2804-4XL,4XL,,DA2804-4XL,1,0,0,0
REBEL MASS EXPORT PVT LTD,TS26-0002 NAVY/BLUE,BM0154-L,L,,BM0154-L,1,0,0,0
REBEL MASS EXPORT PVT LTD,TS26-0008 GREY/WHITE,BM0140-XXXXL,XXXXL,,BM0140-XXXXL,1,0,0,0
REBEL MASS EXPORT PVT LTD,2PC25-0003 MAHROON,DA0711-96.52CM(38),96.52CM (38),,DA0711-96.52CM(38),1,0,0,0
REBEL MASS EXPORT PVT LTD,2PC25-0004 GREY,DA0718-111.76CM(44),111.76CM (44),,DA0718-111.76CM(44),1,0,0,0
REBEL MASS EXPORT PVT LTD,2PC25-0005 TURQ,DA0719-96.52CM(38),96.52CM (38),,DA0719-96.52CM(38),1,0,0,0
REBEL MASS EXPORT PVT LTD,2PC25-0006 B.GREEN,DA0723-96.52CM(38),96.52CM (38),,DA0723-96.52CM(38),1,0,0,0
REBEL MASS EXPORT PVT LTD,2PC25-0007 M.BLUE,DA0730-111.76CM(44),111.76CM (44),,DA0730-111.76CM(44),1,0,0,0
REBEL MASS EXPORT PVT LTD,2PC25-0007 M.BLUE,DA0727-96.52CM(38),96.52CM (38),,DA0727-96.52CM(38),1,0,0,0
REBEL MASS EXPORT PVT LTD,2PC25-0008 BLACK,DA0732-101.6CM(40),101.6CM (40),,DA0732-101.6CM(40),1,0,0,0
REBEL MASS EXPORT PVT LTD,2PC25-0008 BLACK,DA0734-111.76CM(44),111.76CM (44),,DA0734-111.76CM(44),1,0,0,0
REBEL MASS EXPORT PVT LTD,2PC25-0008 BLACK,DA0731-96.52CM(38),96.52CM (38),,DA0731-96.52CM(38),1,0,0,0
REBEL MASS EXPORT PVT LTD,2PC25-0010 BLACK,DA0739-96.52CM(38),96.52CM (38),,DA0739-96.52CM(38),1,0,0,0
REBEL MASS EXPORT PVT LTD,2PC25-0011 CHARCOAL,DA0743-96.52CM(38),96.52CM (38),,DA0743-96.52CM(38),1,0,0,0
REBEL MASS EXPORT PVT LTD,2PC25-0014 OFF WHITE,DA0758-111.76CM(44),111.76CM (44),,DA0758-111.76CM(44),1,0,0,0
REBEL MASS EXPORT PVT LTD,2PC25-0015 GREY,DA0759-96.52CM(38),96.52CM (38),,DA0759-96.52CM(38),1,0,0,0
REBEL MASS EXPORT PVT LTD,2PC25-0016 BLK/MAHROON,DA0766-111.76CM(44),111.76CM (44),,DA0766-111.76CM(44),1,0,0,0
REBEL MASS EXPORT PVT LTD,2PC25-0016 BLK/MAHROON,DA0763-96.52CM(38),96.52CM (38),,DA0763-96.52CM(38),1,0,0,0
REBEL MASS EXPORT PVT LTD,2PC25-0020 NAVY/BLU,DA1855-101.6CM(40),101.6CM (40),,DA1855-101.6CM(40),1,0,0,0
REBEL MASS EXPORT PVT LTD,2PC25-0020 NAVY/BLU,DA1854-96.52CM(38),96.52CM (38),,DA1854-96.52CM(38),1,0,0,0
REBEL MASS EXPORT PVT LTD,2PC25-0021 BLACK,DA1861-111.76CM(44),111.76CM (44),,DA1861-111.76CM(44),1,0,0,0
REBEL MASS EXPORT PVT LTD,2PC25-0022 BLACK,DA1864-106.68CM(42),106.68CM (42),,DA1864-106.68CM(42),1,0,0,0
REBEL MASS EXPORT PVT LTD,2PC25-0022 BLACK,DA1865-111.76CM(44),111.76CM (44),,DA1865-111.76CM(44),1,0,0,0
REBEL MASS EXPORT PVT LTD,2PC25-0024 BLUE,DA1872-106.68CM(42),106.68CM (42),,DA1872-106.68CM(42),1,0,0,0
REBEL MASS EXPORT PVT LTD,2PC25-0027 KHAKI/GREY,DA1942-116.84(46),116.84 (46),,DA1942-116.84(46),1,0,0,0
REBEL MASS EXPORT PVT LTD,3PC25-0003 CHARCOLE,DA0960-116.84CM(46),116.84CM (46),,DA0960-116.84CM(46),1,0,0,0
REBEL MASS EXPORT PVT LTD,3PC25-0003 GREY,DA0959-116.84CM(46),116.84CM (46),,DA0959-116.84CM(46),1,0,0,0
REBEL MASS EXPORT PVT LTD,3PC25-0005 NAVY,DA0954-101.6CM(40),101.6CM (40),,DA0954-101.6CM(40),1,0,0,0
REBEL MASS EXPORT PVT LTD,3PC25-0005 NAVY,DA0957-116.84CM(46),116.84CM (46),,DA0957-116.84CM(46),1,0,0,0
REBEL MASS EXPORT PVT LTD,3PC25-0006 D.GREY,DA0962-101.6CM(40),101.6CM (40),,DA0962-101.6CM(40),1,0,0,0
REBEL MASS EXPORT PVT LTD,3PC25-0006 D.GREY,DA0961-96.52CM(38),96.52CM (38),,DA0961-96.52CM(38),1,0,0,0
REBEL MASS EXPORT PVT LTD,3PC25-0008 GREY/BLK,DA1891-101.6CM(40),101.6CM (40),,DA1891-101.6CM(40),1,0,0,0
REBEL MASS EXPORT PVT LTD,ASRFTR-001 N/A,DA3056-101.6CM(40),101.6CM (40),,DA3056-101.6CM(40),1,0,0,0
REBEL MASS EXPORT PVT LTD,AW24BL0001-0002573 BLUE,0002573-111.76CM(44),111.76CM (44),,0002573-111.76CM(44),1,0,0,0
REBEL MASS EXPORT PVT LTD,AW24BL0001-0002574 GREY,0002574-91.44CM(36),91.44CM (36),,0002574-91.44CM(36),1,0,0,0
REBEL MASS EXPORT PVT LTD,AW24BL0002-0002759 GREY,0002759-106.68CM(42),106.68CM (42),,0002759-106.68CM(42),1,0,0,0
REBEL MASS EXPORT PVT LTD,AW24BL0002-0002760 GREY,0002760-111.76CM(44),111.76CM (44),,0002760-111.76CM(44),1,0,0,0
REBEL MASS EXPORT PVT LTD,AW24BL0002-0002772 KHAKI,0002772-111.76CM(44),111.76CM (44),,0002772-111.76CM(44),1,0,0,0
REBEL MASS EXPORT PVT LTD,AW24BL0002-0002779 NAVY,0002779-116.84CM(46),116.84CM (46),,0002779-116.84CM(46),1,0,0,0
REBEL MASS EXPORT PVT LTD,AW24BL0003-0003203 CAMEL,0003203-111.76CM(44),111.76CM (44),,0003203-111.76CM(44),1,0,0,0
REBEL MASS EXPORT PVT LTD,AW24BL0003-0003205 BROWN,0003205-101.6CM(40),101.6CM (40),,0003205-101.6CM(40),1,0,0,0
REBEL MASS EXPORT PVT LTD,AW24BL0003-0003211 BLACK,0003211-111.76CM(44),111.76CM (44),,0003211-111.76CM(44),1,0,0,0
REBEL MASS EXPORT PVT LTD,AW24BL0003-0003214 NAVY,0003214-106.68CM(42),106.68CM (42),,0003214-106.68CM(42),1,0,0,0
REBEL MASS EXPORT PVT LTD,AW24BL0007-0003649 BR/BLUE,0003649-96.52CM(38),96.52CM (38),,0003649-96.52CM(38),1,0,0,0
REBEL MASS EXPORT PVT LTD,AW24BL0007-0003656 L.BEIGE,0003656-106.68CM(42),106.68CM (42),,0003656-106.68CM(42),1,0,0,0
REBEL MASS EXPORT PVT LTD,AW24BL0007-0003668 S.BLUE,0003668-91.44CM(36),91.44CM(36),,0003668-91.44CM(36),1,0,0,0
REBEL MASS EXPORT PVT LTD,AW24BL0007-0003669 S.BLUE,0003669-96.52CM(38),96.52CM (38),,0003669-96.52CM(38),1,0,0,0
REBEL MASS EXPORT PVT LTD,AW24BL0007-0003671 S.BLUE,0003671-106.68CM(42),106.68CM (42),,0003671-106.68CM(42),1,0,0,0
REBEL MASS EXPORT PVT LTD,AW24BL0007-0003697 MULTI,0003697-111.76CM(44),111.76CM (44),,0003697-111.76CM(44),1,0,0,0
REBEL MASS EXPORT PVT LTD,AW24BL0008-0003713 BLUE,0003713-91.44CM(36),91.44CM(36),,0003713-91.44CM(36),1,0,0,0
REBEL MASS EXPORT PVT LTD,AW24BL0008-0003714 BLUE,0003714-96.52CM(38),96.52CM (38),,0003714-96.52CM(38),1,0,0,0
REBEL MASS EXPORT PVT LTD,AW24BL0008-0003716 BLUE,0003716-106.68CM(42),106.68CM (42),,0003716-106.68CM(42),1,0,0,0
REBEL MASS EXPORT PVT LTD,AW24BL0008-0003717 BLUE,0003717-111.76CM(44),111.76CM (44),,0003717-111.76CM(44),1,0,0,0
REBEL MASS EXPORT PVT LTD,AW24BL0009-0004086 L.GREEN,0004086-96.52CM(38),96.52CM (38),,0004086-96.52CM(38),1,0,0,0
REBEL MASS EXPORT PVT LTD,AW24BL0011-0004424 BLUE,0004424-106.68CM(42),106.68CM (42),,0004424-106.68CM(42),1,0,0,0
REBEL MASS EXPORT PVT LTD,AW24CR0001-0002411 GREY,0002411-91.44CM(36),91.44CM (36),,0002411-91.44CM(36),1,0,0,0
REBEL MASS EXPORT PVT LTD,AW24CR0001-0002414 BEIGE,0002414-76.20CM(30),76.20CM (30),,0002414-76.20CM(30),1,0,0,0
REBEL MASS EXPORT PVT LTD,AW24CR0001-0002419 BEIGE,0002419-101.6CM(40),101.6CM (40),,0002419-101.6CM(40),1,0,0,0
REBEL MASS EXPORT PVT LTD,AW24CR0001-0002420 OFF.WHITE,0002420-76.20CM(30),76.20CM (30),,0002420-76.20CM(30),1,0,0,0
REBEL MASS EXPORT PVT LTD,AW24CR0001-0002422 OFF WHITE,0002422-86.36CM(34),86.36CM (34),,0002422-86.36CM(34),1,0,0,0
REBEL MASS EXPORT PVT LTD,AW24CR0001-0002423 OFF WHITE,0002423-91.44CM(36),91.44CM (36),,0002423-91.44CM(36),1,0,0,0
REBEL MASS EXPORT PVT LTD,AW24CR0001-0002425 OFF WHITE,0002425-101.6CM(40),101.6CM (40),,0002425-101.6CM(40),1,0,0,0
REBEL MASS EXPORT PVT LTD,AW24CR0001-0002426 BLACK,0002426-76.20CM(30),76.20CM (30),,0002426-76.20CM(30),1,0,0,0
REBEL MASS EXPORT PVT LTD,AW24CR0001-0002428 BLACK,0002428-86.36CM(34),86.36CM (34),,0002428-86.36CM(34),1,0,0,0
REBEL MASS EXPORT PVT LTD,AW24CR0001-0002430 BLACK,0002430-96.52CM(38),96.52CM (38),,0002430-96.52CM(38),1,0,0,0
REBEL MASS EXPORT PVT LTD,AW24CR0002-0003495 TINT BLUE,0003495-76.2CM(30),76.2CM (30),,0003495-76.2CM(30),1,0,0,0
REBEL MASS EXPORT PVT LTD,AW24CTR0001-0002825 BLACK,0002825-81.28CM(32),81.28CM (32),,0002825-81.28CM(32),1,0,0,0
REBEL MASS EXPORT PVT LTD,AW24CTR0001-0002828 BLACK,0002828-96.52CM(38),96.52CM (38),,0002828-96.52CM(38),1,0,0,0
REBEL MASS EXPORT PVT LTD,AW24CTR0001-0002839 COFFEE,0002839-76.20CM(30),76.20CM (30),,0002839-76.20CM(30),1,0,0,0
REBEL MASS EXPORT PVT LTD,AW24CTR0001-0002845 BEIGE,0002845-81.28CM(32),81.28CM (32),,0002845-81.28CM(32),1,0,0,0
REBEL MASS EXPORT PVT LTD,AW24CTR0001-0002847 BEIGE,0002847-91.44CM(36),91.44CM (36),,0002847-91.44CM(36),1,0,0,0
REBEL MASS EXPORT PVT LTD,AW24CTR0002-0002856 BLACK,0002856-86.36CM(34),86.36CM (34),,0002856-86.36CM(34),1,0,0,0
REBEL MASS EXPORT PVT LTD,AW24CTR0002-0002857 BLACK,0002857-91.44CM(36),91.44CM (36),,0002857-91.44CM(36),1,0,0,0
REBEL MASS EXPORT PVT LTD,AW24CTR0002-0002867 BLUE,0002867-91.44CM(36),91.44CM (36),,0002867-91.44CM(36),1,0,0,0
REBEL MASS EXPORT PVT LTD,AW24CTR0003-0004836 NAVY,0004836-86.36CM(34),86.36CM (34),,0004836-86.36CM(34),1,0,0,0
REBEL MASS EXPORT PVT LTD,AW24CTR0003-0004837 NAVY,0004837-91.44CM(36),91.44CM (36),,0004837-91.44CM(36),1,0,0,0
REBEL MASS EXPORT PVT LTD,AW24CTR0003-0004838 NAVY,0004838-96.52CM(38),96.52CM (38),,0004838-96.52CM(38),1,0,0,0
REBEL MASS EXPORT PVT LTD,AW24CTR0003-0004839 NAVY,0004839-101.6CM(40),101.6CM (40),,0004839-101.6CM(40),1,0,0,0
REBEL MASS EXPORT PVT LTD,AW24CTR0003-0004841 BLACK,0004841-81.28CM(32),81.28CM (32),,0004841-81.28CM(32),1,0,0,0
REBEL MASS EXPORT PVT LTD,AW24CTR0003-0004843 BLACK,0004843-91.44CM(36),91.44CM (36),,0004843-91.44CM(36),1,0,0,0
REBEL MASS EXPORT PVT LTD,AW24CTR0003-0004844 BLACK,0004844-96.52CM(38),96.52CM (38),,0004844-96.52CM(38),1,0,0,0
REBEL MASS EXPORT PVT LTD,AW24CTR0003-0004861 L.GREY,0004861-91.44CM(36),91.44CM (36),,0004861-91.44CM(36),1,0,0,0
REBEL MASS EXPORT PVT LTD,AW24CTR0005-0005765 OLIVE,0005765-91.44CM(36),91.44CM (36),,0005765-91.44CM(36),1,0,0,0
REBEL MASS EXPORT PVT LTD,AW24D0003-0002554 BLUE,0002554-76.20CM(30),76.20CM (30),,0002554-76.20CM(30),1,0,0,0
REBEL MASS EXPORT PVT LTD,AW24D0005-0003513 ICE BLUE,0003513-81.28CM(32),81.28CM (32),,0003513-81.28CM(32),1,0,0,0
REBEL MASS EXPORT PVT LTD,AW24D0005-0003516 ICE BLUE,0003516-96.52CM(38),96.52CM (38),,0003516-96.52CM(38),1,0,0,0
REBEL MASS EXPORT PVT LTD,AW24D0009-0003536 ICE BLUE,0003536-76.2CM(30),76.2CM (30),,0003536-76.2CM(30),1,0,0,0
REBEL MASS EXPORT PVT LTD,AW24D0009-0003550 TINT BROWN,0003550-86.36CM(34),86.36CM (34),,0003550-86.36CM(34),1,0,0,0
REBEL MASS EXPORT PVT LTD,AW24D0009-0003552 TINT BROWN,0003552-96.52CM(38),96.52CM (38),,0003552-96.52CM(38),1,0,0,0
REBEL MASS EXPORT PVT LTD,AW24D0009-0003553 DIRTY EARTH,0003553-71.12CM(28),71.12CM (28),,0003553-71.12CM(28),1,0,0,0
REBEL MASS EXPORT PVT LTD,AW24D0009-0003554 DIRTY EARTH,0003554-76.2CM(30),76.2CM (30),,0003554-76.2CM(30),1,0,0,0
REBEL MASS EXPORT PVT LTD,AW24D0021-0005378 L.BLUE,0005378-81.28CM(32),81.28CM (32),,0005378-81.28CM(32),1,0,0,0
REBEL MASS EXPORT PVT LTD,AW24D0021-0005382 BLUE,0005382-71.12CM(28),71.12CM (28),,0005382-71.12CM(28),1,0,0,0
REBEL MASS EXPORT PVT LTD,AW24D0021-0005383 BLUE,0005383-76.20CM(30),76.20CM (30),,0005383-76.20CM(30),1,0,0,0
REBEL MASS EXPORT PVT LTD,AW24D0024-0005411 L.BLUE,0005411-76.20CM(30),76.20CM (30),,0005411-76.20CM(30),1,0,0,0
REBEL MASS EXPORT PVT LTD,AW24FTR0001-0002520 GREY,0002520-86.36CM(34),86.36CM (34),,0002520-86.36CM(34),1,0,0,0
REBEL MASS EXPORT PVT LTD,AW24FTR0001-0002522 GREY,0002522-96.52CM(38),96.52CM (38),,0002522-96.52CM(38),1,0,0,0
REBEL MASS EXPORT PVT LTD,AW24FTR0001-0005162 CHARCOAL,0005162-81.28CM(32),81.28CM (32),,0005162-81.28CM(32),1,0,0,0
REBEL MASS EXPORT PVT LTD,AW24FTR0001-0005163 CHARCOAL,0005163-86.36CM(34),86.36CM (34),,0005163-86.36CM(34),1,0,0,0
REBEL MASS EXPORT PVT LTD,AW24FTR0001-0005165 CHARCOAL,0005165-96.52CM(38),96.52CM (38),,0005165-96.52CM(38),1,0,0,0
REBEL MASS EXPORT PVT LTD,AW24FTR0003-0002594 BEIGE,0002594-91.44CM(36),91.44CM (36),,0002594-91.44CM(36),1,0,0,0
REBEL MASS EXPORT PVT LTD,AW24FTR0003-0002596 BEIGE,0002596-101.6CM(40),101.6CM (40),,0002596-101.6CM(40),1,0,0,0
REBEL MASS EXPORT PVT LTD,AW24FTR0003-0002600 DARK GREY,0002600-86.36CM(34),86.36CM (34),,0002600-86.36CM(34),1,0,0,0
REBEL MASS EXPORT PVT LTD,AW24FTR0003-0002601 DARK GREY,0002601-91.44CM(36),91.44CM (36),,0002601-91.44CM(36),1,0,0,0
REBEL MASS EXPORT PVT LTD,AW24FTR0004-0002604 BLACK,0002604-71.12CM(28),71.12CM (28),,0002604-71.12CM(28),1,0,0,0
REBEL MASS EXPORT PVT LTD,AW24FTR0004-0002605 BLACK,0002605-76.20CM(30),76.20CM (30),,0002605-76.20CM(30),1,0,0,0
REBEL MASS EXPORT PVT LTD,AW24FTR0004-0002608 BLACK,0002608-91.44CM(36),91.44CM (36),,0002608-91.44CM(36),1,0,0,0
REBEL MASS EXPORT PVT LTD,AW24FTR0004-0002609 BLACK,0002609-96.52CM(38),96.52CM (38),,0002609-96.52CM(38),1,0,0,0
REBEL MASS EXPORT PVT LTD,AW24FTR0005-0002990 BLACK,0002990-71.12CM(28),71.12CM (28),,0002990-71.12CM(28),1,0,0,0
REBEL MASS EXPORT PVT LTD,AW24FTR0005-0002991 BLACK,0002991-76.2CM(30),76.2CM (30),,0002991-76.2CM(30),1,0,0,0
REBEL MASS EXPORT PVT LTD,AW24FTR0005-0003013 OFF WHITE,0003013-96.52CM(38),96.52CM (38),,0003013-96.52CM(38),1,0,0,0
REBEL MASS EXPORT PVT LTD,AW24FTR0005-0003021 SKY BLUE,0003021-76.2CM(30),76.2CM (30),,0003021-76.2CM(30),1,0,0,0
REBEL MASS EXPORT PVT LTD,AW24FTR0005-0003024 SKY BLUE,0003024-91.44CM(36),91.44CM(36),,0003024-91.44CM(36),1,0,0,0
REBEL MASS EXPORT PVT LTD,AW24FTR0005-0003030 GREEN,0003030-91.44CM(36),91.44CM(36),,0003030-91.44CM(36),1,0,0,0
REBEL MASS EXPORT PVT LTD,AW24FTR0005-0003041 CHARCOAL,0003041-86.36CM(34),86.36CM (34),,0003041-86.36CM(34),1,0,0,0
REBEL MASS EXPORT PVT LTD,AW24FTR0005-0003048 PISTA,0003048-91.44CM(36),91.44CM(36),,0003048-91.44CM(36),1,0,0,0
REBEL MASS EXPORT PVT LTD,AW24FTR0005-0003053 CHARCOAL,0003053-86.36CM(34),86.36CM (34),,0003053-86.36CM(34),1,0,0,0
REBEL MASS EXPORT PVT LTD,AW24FTR0005-0003054 CHARCOAL,0003054-91.44CM(36),91.44CM(36),,0003054-91.44CM(36),1,0,0,0
REBEL MASS EXPORT PVT LTD,AW24FTR0005-0003069 CREAM,0003069-76.2CM(30),76.2CM (30),,0003069-76.2CM(30),1,0,0,0
REBEL MASS EXPORT PVT LTD,AW24FTR0005-0003071 CREAM,0003071-86.36CM(34),86.36CM (34),,0003071-86.36CM(34),1,0,0,0
REBEL MASS EXPORT PVT LTD,AW24FTR0005-0003090 D.KHAKI,0003090-91.44CM(36),91.44CM(36),,0003090-91.44CM(36),1,0,0,0
REBEL MASS EXPORT PVT LTD,AW24FTR0005-0003091 D.KHAKI,0003091-96.52CM(38),96.52CM (38),,0003091-96.52CM(38),1,0,0,0
REBEL MASS EXPORT PVT LTD,AW24FTR0005-0003097 B.GREEN,0003097-96.52CM(38),96.52CM (38),,0003097-96.52CM(38),1,0,0,0
REBEL MASS EXPORT PVT LTD,AW24FTR0005-0003106 D.KHAKI,0003106-81.28CM(32),81.28CM (32),,0003106-81.28CM(32),1,0,0,0
REBEL MASS EXPORT PVT LTD,AW24FTR0005-0003126 BLUE,0003126-91.44CM(36),91.44CM(36),,0003126-91.44CM(36),1,0,0,0
REBEL MASS EXPORT PVT LTD,AW24FTR0005-0003127 BLUE,0003127-96.52CM(38),96.52CM (38),,0003127-96.52CM(38),1,0,0,0
REBEL MASS EXPORT PVT LTD,AW24FTR0005-0003133 BROWN,0003133-96.52CM(38),96.52CM (38),,0003133-96.52CM(38),1,0,0,0
REBEL MASS EXPORT PVT LTD,AW24FTR0005-0003139 SEA GREEN,0003139-96.52CM(38),96.52CM (38),,0003139-96.52CM(38),1,0,0,0
REBEL MASS EXPORT PVT LTD,AW24FTR0005-0003151 PEACH,0003151-96.52CM(38),96.52CM (38),,0003151-96.52CM(38),1,0,0,0
REBEL MASS EXPORT PVT LTD,AW24FTR0005-0003157 VAILET,0003157-96.52CM(38),96.52CM (38),,0003157-96.52CM(38),1,0,0,0
REBEL MASS EXPORT PVT LTD,AW24FTR0005-0003161 MID  BLUE,0003161-86.36CM(34),86.36CM (34),,0003161-86.36CM(34),1,0,0,0
REBEL MASS EXPORT PVT LTD,AW24FTR0005-0003167 L.GREY,0003167-86.36CM(34),86.36CM (34),,0003167-86.36CM(34),1,0,0,0
REBEL MASS EXPORT PVT LTD,AW24FTR0005-0003171 B.GREEN,0003171-76.2CM(30),76.2CM (30),,0003171-76.2CM(30),1,0,0,0
REBEL MASS EXPORT PVT LTD,AW24FTR0005-0003173 B.GREEN,0003173-86.36CM(34),86.36CM (34),,0003173-86.36CM(34),1,0,0,0
REBEL MASS EXPORT PVT LTD,AW24FTR0005-0003174 B.GREEN,0003174-91.44CM(36),91.44CM(36),,0003174-91.44CM(36),1,0,0,0
REBEL MASS EXPORT PVT LTD,AW24FTR0005-0003175 B.GREEN,0003175-96.52CM(38),96.52CM (38),,0003175-96.52CM(38),1,0,0,0
REBEL MASS EXPORT PVT LTD,AW24FTR0005-0003179 BEIGE,0003179-86.36CM(34),86.36CM (34),,0003179-86.36CM(34),1,0,0,0
REBEL MASS EXPORT PVT LTD,AW24FTR0005-0003199 BEIGE,0003199-96.52CM(38),96.52CM (38),,0003199-96.52CM(38),1,0,0,0
REBEL MASS EXPORT PVT LTD,AW24FTR0006-0003372 ML.YELLOW,0003372-86.36CM(34),86.36CM (34),,0003372-86.36CM(34),1,0,0,0
REBEL MASS EXPORT PVT LTD,AW24FTR0006-0003373 ML.YELLOW,0003373-91.44CM(36),91.44CM(36),,0003373-91.44CM(36),1,0,0,0
REBEL MASS EXPORT PVT LTD,AW24FTR0006-0003374 ML.YELLOW,0003374-96.52CM(38),96.52CM (38),,0003374-96.52CM(38),1,0,0,0
REBEL MASS EXPORT PVT LTD,AW24FTR0006-0003970 BLACK,0003970-71.12CM(28),71.12CM (28),,0003970-71.12CM(28),1,0,0,0
REBEL MASS EXPORT PVT LTD,AW24FTR0007-0003388 D.GREY,0003388-96.52CM(38),96.52CM (38),,0003388-96.52CM(38),1,0,0,0
REBEL MASS EXPORT PVT LTD,AW24FTR0007-0003389 D.GREY,0003389-101.6CM(40),101.6CM (40),,0003389-101.6CM(40),1,0,0,0
REBEL MASS EXPORT PVT LTD,AW24FTR0008-0003390 BLACK,0003390-71.12CM(28),71.12CM (28),,0003390-71.12CM(28),1,0,0,0
REBEL MASS EXPORT PVT LTD,AW24FTR0008-0003391 BLACK,0003391-76.2CM(30),76.2CM (30),,0003391-76.2CM(30),1,0,0,0
REBEL MASS EXPORT PVT LTD,AW24FTR0009-0003401 MEHANDI,0003401-91.44CM(36),91.44CM(36),,0003401-91.44CM(36),1,0,0,0
REBEL MASS EXPORT PVT LTD,AW24FTR0009-0003405 WINE,0003405-76.2CM(30),76.2CM (30),,0003405-76.2CM(30),1,0,0,0
REBEL MASS EXPORT PVT LTD,AW24FTR0009-0003408 WINE,0003408-91.44CM(36),91.44CM(36),,0003408-91.44CM(36),1,0,0,0
REBEL MASS EXPORT PVT LTD,AW24FTR0010-0003414 GREY,0003414-86.36CM(34),86.36CM (34),,0003414-86.36CM(34),1,0,0,0
REBEL MASS EXPORT PVT LTD,AW24FTR0010-0003421 KHAKI,0003421-86.36CM(34),86.36CM (34),,0003421-86.36CM(34),1,0,0,0
REBEL MASS EXPORT PVT LTD,AW24FTR0010-0003430 BLACK,0003430-96.52CM(38),96.52CM (38),,0003430-96.52CM(38),1,0,0,0
REBEL MASS EXPORT PVT LTD,AW24FTR0010-0003433 KHAKI,0003433-76.2CM(30),76.2CM (30),,0003433-76.2CM(30),1,0,0,0
REBEL MASS EXPORT PVT LTD,AW24FTR0010-0003435 KHAKI,0003435-86.36CM(34),86.36CM (34),,0003435-86.36CM(34),1,0,0,0
REBEL MASS EXPORT PVT LTD,AW24FTR0010-0003443 BLUE,0003443-91.44CM(36),91.44CM(36),,0003443-91.44CM(36),1,0,0,0
REBEL MASS EXPORT PVT LTD,AW24FTR0010-0003445 BLUE,0003445-101.6CM(40),101.6CM (40),,0003445-101.6CM(40),1,0,0,0
REBEL MASS EXPORT PVT LTD,AW24FTR0010-0003446 D.GREY,0003446-71.12CM(28),71.12CM (28),,0003446-71.12CM(28),1,0,0,0
REBEL MASS EXPORT PVT LTD,AW24FTR0010-0003449 D.GREY,0003449-86.36CM(34),86.36CM (34),,0003449-86.36CM(34),1,0,0,0
REBEL MASS EXPORT PVT LTD,AW24FTR0010-0003450 D.GREY,0003450-91.44CM(36),91.44CM(36),,0003450-91.44CM(36),1,0,0,0
REBEL MASS EXPORT PVT LTD,AW24FTR0010-0003451 D.GREY,0003451-96.52CM(38),96.52CM (38),,0003451-96.52CM(38),1,0,0,0
REBEL MASS EXPORT PVT LTD,AW24FTR0010-0003452 D.GREY,0003452-101.6CM(40),101.6CM (40),,0003452-101.6CM(40),1,0,0,0
REBEL MASS EXPORT PVT LTD,AW24FTR0010-0003456 L.BROWN,0003456-86.36CM(34),86.36CM (34),,0003456-86.36CM(34),1,0,0,0
REBEL MASS EXPORT PVT LTD,AW24FTR0010-0003457 L.BROWN,0003457-91.44CM(36),91.44CM(36),,0003457-91.44CM(36),1,0,0,0
REBEL MASS EXPORT PVT LTD,AW24FTR0010-0003466 L.KHAKI,0003466-101.6CM(40),101.6CM (40),,0003466-101.6CM(40),1,0,0,0
REBEL MASS EXPORT PVT LTD,AW24FTR0010-0003472 SEA GREEN,0003472-96.52CM(38),96.52CM (38),,0003472-96.52CM(38),1,0,0,0
REBEL MASS EXPORT PVT LTD,AW24FTR0010-0003473 SEA GREEN,0003473-101.6CM(40),101.6CM (40),,0003473-101.6CM(40),1,0,0,0
REBEL MASS EXPORT PVT LTD,AW24FTR0010-0003477 BEIGE,0003477-86.36CM(34),86.36CM (34),,0003477-86.36CM(34),1,0,0,0
REBEL MASS EXPORT PVT LTD,AW24FTR0010-0003479 BEIGE,0003479-96.52CM(38),96.52CM (38),,0003479-96.52CM(38),1,0,0,0
REBEL MASS EXPORT PVT LTD,AW24FTR0010-0003487 MAHANDI,0003487-101.6CM(40),101.6CM (40),,0003487-101.6CM(40),1,0,0,0
REBEL MASS EXPORT PVT LTD,AW24FTR0010-0003494 D.BROWN,0003494-101.6CM(40),101.6CM (40),,0003494-101.6CM(40),1,0,0,0
REBEL MASS EXPORT PVT LTD,AW24FTR0010-0003981 OLIVE,0003981-91.44CM(36),91.44CM(36),,0003981-91.44CM(36),1,0,0,0
REBEL MASS EXPORT PVT LTD,AW24FTR0010-0003984 L.BLUE,0003984-71.12CM(28),71.12CM (28),,0003984-71.12CM(28),1,0,0,0
REBEL MASS EXPORT PVT LTD,AW24FTR0010-0003985 L.BLUE,0003985-76.2CM(30),76.2CM (30),,0003985-76.2CM(30),1,0,0,0
REBEL MASS EXPORT PVT LTD,AW24FTR0010-0003989 L.BLUE,0003989-96.52CM(38),96.52CM (38),,0003989-96.52CM(38),1,0,0,0
REBEL MASS EXPORT PVT LTD,AW24FTR0010-0003996 GREY,0003996-96.52CM(38),96.52CM (38),,0003996-96.52CM(38),1,0,0,0
REBEL MASS EXPORT PVT LTD,AW24FTR0010-0003997 GREY,0003997-101.6CM(40),101.6CM (40),,0003997-101.6CM(40),1,0,0,0
REBEL MASS EXPORT PVT LTD,AW24FTR0010-0004026 L.GREY,0004026-71.12CM(28),71.12CM (28),,0004026-71.12CM(28),1,0,0,0
REBEL MASS EXPORT PVT LTD,AW24FTR0010-0004029 L.GREY,0004029-86.36CM(34),86.36CM (34),,0004029-86.36CM(34),1,0,0,0
REBEL MASS EXPORT PVT LTD,AW24FTR0010-0004032 L.GREY,0004032-101.6CM(40),101.6CM (40),,0004032-101.6CM(40),1,0,0,0
REBEL MASS EXPORT PVT LTD,AW24FTR0011-0003998 D.GREY,0003998-71.12CM(28),71.12CM (28),,0003998-71.12CM(28),1,0,0,0
REBEL MASS EXPORT PVT LTD,AW24FTR0011-0003999 D.GREY,0003999-76.2CM(30),76.2CM (30),,0003999-76.2CM(30),1,0,0,0
REBEL MASS EXPORT PVT LTD,AW24FTR0011-0004001 D.GREY,0004001-86.36CM(34),86.36CM (34),,0004001-86.36CM(34),1,0,0,0
REBEL MASS EXPORT PVT LTD,AW24FTR0011-0004008 M.GREY,0004008-86.36CM(34),86.36CM (34),,0004008-86.36CM(34),1,0,0,0
REBEL MASS EXPORT PVT LTD,AW24FTR0011-0004011 M.GREY,0004011-101.6CM(40),101.6CM (40),,0004011-101.6CM(40),1,0,0,0
REBEL MASS EXPORT PVT LTD,AW24FTR0011-0004013 CHARCOAL,0004013-76.2CM(30),76.2CM (30),,0004013-76.2CM(30),1,0,0,0
REBEL MASS EXPORT PVT LTD,AW24FTR0011-0004016 CHARCOAL,0004016-91.44CM(36),91.44CM(36),,0004016-91.44CM(36),1,0,0,0
REBEL MASS EXPORT PVT LTD,AW24FTR0011-0004018 CHARCOAL,0004018-101.6CM(40),101.6CM (40),,0004018-101.6CM(40),1,0,0,0
REBEL MASS EXPORT PVT LTD,AW24FTR0011-0004021 BLACK,0004021-81.28CM(32),81.28CM (32),,0004021-81.28CM(32),1,0,0,0
REBEL MASS EXPORT PVT LTD,AW24FTR0011-0004022 BLACK,0004022-86.36CM(34),86.36CM (34),,0004022-86.36CM(34),1,0,0,0
REBEL MASS EXPORT PVT LTD,AW24FTR0013-0004931 BLUE,0004931-96.52CM(38),96.52CM (38),,0004931-96.52CM(38),1,0,0,0
REBEL MASS EXPORT PVT LTD,AW24FTR0014-0004935 CHARCOAL,0004935-86.36CM(34),86.36CM (34),,0004935-86.36CM(34),1,0,0,0
REBEL MASS EXPORT PVT LTD,AW24FTR0014-0004936 CHARCOAL,0004936-91.44CM(36),91.44CM(36),,0004936-91.44CM(36),1,0,0,0
REBEL MASS EXPORT PVT LTD,AW24FTR0019-0004969 NAVY,0004969-76.20CM(30),76.20CM (30),,0004969-76.20CM(30),1,0,0,0
REBEL MASS EXPORT PVT LTD,AW24FTR0019-0004972 NAVY,0004972-91.44CM(36),91.44CM(36),,0004972-91.44CM(36),1,0,0,0
REBEL MASS EXPORT PVT LTD,AW24FTR0020-0004978 NAVY,0004978-91.44CM(36),91.44CM(36),,0004978-91.44CM(36),1,0,0,0
REBEL MASS EXPORT PVT LTD,AW24FTR0020-0004979 NAVY,0004979-96.52CM(38),96.52CM (38),,0004979-96.52CM(38),1,0,0,0
REBEL MASS EXPORT PVT LTD,AW24FTR0020-0005347 NAVY,0005347-101.6CM(40),101.6CM (40),,0005347-101.6CM(40),1,0,0,0
REBEL MASS EXPORT PVT LTD,AW24FTR0021-0004981 NAVY,0004981-76.20CM(30),76.20CM (30),,0004981-76.20CM(30),1,0,0,0
REBEL MASS EXPORT PVT LTD,AW24FTR0021-0004985 NAVY,0004985-96.52CM(38),96.52CM (38),,0004985-96.52CM(38),1,0,0,0
REBEL MASS EXPORT PVT LTD,AW24FTR0021-0005222 NAVY,0005222-101.6CM(40),101.6CM (40),,0005222-101.6CM(40),1,0,0,0
REBEL MASS EXPORT PVT LTD,AW24FTR0024-0005072 BLUE,0005072-91.44CM(36),91.44CM(36),,0005072-91.44CM(36),1,0,0,0
REBEL MASS EXPORT PVT LTD,AW24FTR0024-0005073 BLUE,0005073-96.52CM(38),96.52CM (38),,0005073-96.52CM(38),1,0,0,0
REBEL MASS EXPORT PVT LTD,AW24FTR0024-0006418 D.BLUE,0006418-91.44CM(36),91.44CM (36),,0006418-91.44CM(36),1,0,0,0
REBEL MASS EXPORT PVT LTD,AW24FTR0024-0006419 D.BLUE,0006419-96.52CM(38),96.52CM (38),,0006419-96.52CM(38),1,0,0,0
REBEL MASS EXPORT PVT LTD,AW24FTR0025-0005078 NAVY,0005078-91.44CM(36),91.44CM(36),,0005078-91.44CM(36),1,0,0,0
REBEL MASS EXPORT PVT LTD,AW24FTR0032-0005134 D.BROWN,0005134-81.28CM(32),81.28CM (32),,0005134-81.28CM(32),1,0,0,0
REBEL MASS EXPORT PVT LTD,AW24FTR0034-0005148 GREY,0005148-81.28CM(32),81.28CM (32),,0005148-81.28CM(32),1,0,0,0
REBEL MASS EXPORT PVT LTD,AW24FTR0034-0005150 GREY,0005150-91.44CM(36),91.44CM(36),,0005150-91.44CM(36),1,0,0,0
REBEL MASS EXPORT PVT LTD,AW24FTR0034-0005152 GREY,0005152-101.6CM(40),101.6CM (40),,0005152-101.6CM(40),1,0,0,0
REBEL MASS EXPORT PVT LTD,AW24FTR0035-0005168 BLACK,0005168-76.20CM(30),76.20CM (30),,0005168-76.20CM(30),1,0,0,0
REBEL MASS EXPORT PVT LTD,AW24FTR0035-0005171 BLACK,0005171-91.44CM(36),91.44CM(36),,0005171-91.44CM(36),1,0,0,0
REBEL MASS EXPORT PVT LTD,AW24FTR0036-0005177 GREY,0005177-86.36CM(34),86.36CM (34),,0005177-86.36CM(34),1,0,0,0
REBEL MASS EXPORT PVT LTD,AW24FTR0037-0005795 GREY,0005795-86.36CM(34),86.36CM (34),,0005795-86.36CM(34),1,0,0,0
REBEL MASS EXPORT PVT LTD,AW24FTR0037-0005798 GREY,0005798-101.6CM(40),101.6CM (40),,0005798-101.6CM(40),1,0,0,0
REBEL MASS EXPORT PVT LTD,AW24FTR0038-0005800 BLACK,0005800-76.20CM(30),76.20CM (30),,0005800-76.20CM(30),1,0,0,0
REBEL MASS EXPORT PVT LTD,AW24FTR0038-0005802 BLACK,0005802-86.36CM(34),86.36CM (34),,0005802-86.36CM(34),1,0,0,0
REBEL MASS EXPORT PVT LTD,AW24FTR0040-0006590 D.NAVY,0006590-91.44CM(36),91.44CM (36),,0006590-91.44CM(36),1,0,0,0
REBEL MASS EXPORT PVT LTD,AW24-JKT0001-0001993 CREAM,0001993-M,M,,0001993-M,1,0,0,0
REBEL MASS EXPORT PVT LTD,AW24-JKT0001-0001998 MOUSE,0001998-M,M,,0001998-M,1,0,0,0
REBEL MASS EXPORT PVT LTD,AW24-JKT0001-0002004 BLACK,0002004-L,L,,0002004-L,1,0,0,0
REBEL MASS EXPORT PVT LTD,AW24-JKT0002-0002025 OLIVE,0002025-L,L,,0002025-L,1,0,0,0
REBEL MASS EXPORT PVT LTD,AW24-JKT0002-0002029 D.GREY,0002029-M,M,,0002029-M,1,0,0,0
REBEL MASS EXPORT PVT LTD,AW24-JKT0002-0002030 D.GREY,0002030-L,L,,0002030-L,1,0,0,0
REBEL MASS EXPORT PVT LTD,AW24-JKT0002-0002031 D.GREY,0002031-XL,XL,,0002031-XL,1,0,0,0
REBEL MASS EXPORT PVT LTD,AW24-JKT0003-0002041 BLACK/GREY,0002041-XL,XL,,0002041-XL,1,0,0,0
REBEL MASS EXPORT PVT LTD,AW24JKT0003-0002633 GREY,0002633-XL,XL,,0002633-XL,1,0,0,1
REBEL MASS EXPORT PVT LTD,AW24JKT0005-2438 GREEN,2438-XL,XL,,2438-XL,1,0,0,0
REBEL MASS EXPORT PVT LTD,AW24JKT0005-2440 MOUSE,2440-M,M,,2440-M,1,0,0,0
REBEL MASS EXPORT PVT LTD,AW24JKT0005-2442 MOUSE,2442-XL,XL,,2442-XL,1,0,0,0
REBEL MASS EXPORT PVT LTD,AW24JKT0006-0002476 KHAKI,0002476-M,M,,0002476-M,1,0,0,0
REBEL MASS EXPORT PVT LTD,AW24JKT0008-0002494 GREY,0002494-XXL,XXL,,0002494-XXL,1,0,0,1
REBEL MASS EXPORT PVT LTD,AW24JKT0008-0002656 GREY,0002656-M,M,,0002656-M,1,0,0,0
REBEL MASS EXPORT PVT LTD,AW24JKT0009-0002612 BLACK,0002612-L,L,,0002612-L,1,0,0,0
REBEL MASS EXPORT PVT LTD,AW24JKT0009-0002616 OFF WHITE,0002616-M,M,,0002616-M,1,0,0,0
REBEL MASS EXPORT PVT LTD,AW24JKT0009-0002618 OFF WHITE,0002618-XL,XL,,0002618-XL,1,0,0,0
REBEL MASS EXPORT PVT LTD,AW24JKT0009-0002619 OFF WHITE,0002619-XXL,XXL,,0002619-XXL,1,0,0,0
REBEL MASS EXPORT PVT LTD,AW24JKT0010-0002817 D.GREY,0002817-L,L,,0002817-L,1,0,0,0
REBEL MASS EXPORT PVT LTD,AW24JKT0012-0004461 BEIGE,0004461-L,L,,0004461-L,1,0,0,0
REBEL MASS EXPORT PVT LTD,AW24JKT0012-0004474 GREEN,0004474-XL,XL,,0004474-XL,1,0,0,0
REBEL MASS EXPORT PVT LTD,AW24JKT0012-0004478 BLACK,0004478-XL,XL,,0004478-XL,1,0,0,0
REBEL MASS EXPORT PVT LTD,AW24JKT0012-0004485 COFFEE,0004485-L,L,,0004485-L,1,0,0,0
REBEL MASS EXPORT PVT LTD,AW24JKT0012-0004491 BOTLE GREEN,0004491-XXL,XXL,,0004491-XXL,1,0,0,0
REBEL MASS EXPORT PVT LTD,AW24JKT0013-0004738 MAHROON,0004738-XL,XL,,0004738-XL,1,0,0,0
REBEL MASS EXPORT PVT LTD,AW24JKT0013-0004744 KHAKI,0004744-M,M,,0004744-M,1,0,0,0
REBEL MASS EXPORT PVT LTD,AW24JKT0013-0004745 KHAKI,0004745-L,L,,0004745-L,1,0,0,0
REBEL MASS EXPORT PVT LTD,AW24JKT0014-0004749 CREAM,0004749-L,L,,0004749-L,1,0,0,0
REBEL MASS EXPORT PVT LTD,AW24JKT0014-0004750 CREAM,0004750-XL,XL,,0004750-XL,1,0,0,0
REBEL MASS EXPORT PVT LTD,AW24JKT0014-0004751 CREAM,0004751-XXL,XXL,,0004751-XXL,1,0,0,0
REBEL MASS EXPORT PVT LTD,AW24JKT0014-0004752 BLACK,0004752-M,M,,0004752-M,1,0,0,0
REBEL MASS EXPORT PVT LTD,AW24JKT0015-0004761 CREAM,0004761-L,L,,0004761-L,1,0,0,0
REBEL MASS EXPORT PVT LTD,AW24JKT0015-0004764 MEHNDI,0004764-M,M,,0004764-M,1,0,0,0
REBEL MASS EXPORT PVT LTD,AW24JKT0015-0004766 MEHNDI,0004766-XL,XL,,0004766-XL,1,0,0,0
REBEL MASS EXPORT PVT LTD,AW24JKT0016-0007125 BEIGE,0007125-M,M,,0007125-M,1,0,0,0
REBEL MASS EXPORT PVT LTD,AW24JKT0016-0007132 BLK/BEIGE,0007132-XXL,XXL,,0007132-XXL,1,0,0,0
REBEL MASS EXPORT PVT LTD,AW24JKT0018-0007121 BLACK,0007121-M,M,,0007121-M,1,0,0,0
REBEL MASS EXPORT PVT LTD,AW24JKT0018-0007124 BLACK,0007124-XXL,XXL,,0007124-XXL,1,0,0,0
REBEL MASS EXPORT PVT LTD,AW24LC0001-0002784 OLIVE,0002784-111.76CM(44),111.76CM (44),,0002784-111.76CM(44),1,0,0,0
REBEL MASS EXPORT PVT LTD,AW24LC0001-0002791 NAVY,0002791-116.84CM(46),116.84CM (46),,0002791-116.84CM(46),1,0,0,0
REBEL MASS EXPORT PVT LTD,AW24LC0002-0002808 D.GREY,0002808-111.76CM(44),111.76CM (44),,0002808-111.76CM(44),1,0,0,0
REBEL MASS EXPORT PVT LTD,AW24S20001-0004289 BLK/GREY.,0004289-101.6CM(40),101.6CM (40),,0004289-101.6CM(40),1,0,0,0
REBEL MASS EXPORT PVT LTD,AW24S20002-0004884 GREY,0004884-96.52CM(38),96.52CM (38),,0004884-96.52CM(38),1,0,0,0
REBEL MASS EXPORT PVT LTD,AW24S20004-0004899 AIR FORCE,0004899-111.76CM(44),111.76CM (44),,0004899-111.76CM(44),1,0,0,0
REBEL MASS EXPORT PVT LTD,AW24S30001-0003821 D.GREY,0003821-101.6CM(40),101.6CM (40),,0003821-101.6CM(40),1,0,0,0
REBEL MASS EXPORT PVT LTD,AW24S30001-0003825 GREY,0003825-101.6CM(40),101.6CM (40),,0003825-101.6CM(40),1,0,0,0
REBEL MASS EXPORT PVT LTD,AW24S30001-0003828 WINE,0003828-96.52CM(38),96.52CM (38),,0003828-96.52CM(38),1,0,0,0
REBEL MASS EXPORT PVT LTD,AW24S30001-0003829 WINE,0003829-101.6CM(40),101.6CM (40),,0003829-101.6CM(40),1,0,0,0
REBEL MASS EXPORT PVT LTD,AW24S30002-0003836 BLUE,0003836-96.52CM(38),96.52CM (38),,0003836-96.52CM(38),1,0,0,0
REBEL MASS EXPORT PVT LTD,AW24S30002-0003837 BLUE,0003837-101.6CM(40),101.6CM (40),,0003837-101.6CM(40),1,0,0,0
REBEL MASS EXPORT PVT LTD,AW24S30002-0003839 BLUE,0003839-111.76CM(44),111.76CM (44),,0003839-111.76CM(44),1,0,0,0
REBEL MASS EXPORT PVT LTD,AW24S30002-0003840 SEA BLUE,0003840-96.52CM(38),96.52CM (38),,0003840-96.52CM(38),1,0,0,0
REBEL MASS EXPORT PVT LTD,AW24S30003-0003844 GREY,0003844-96.52CM(38),96.52CM (38),,0003844-96.52CM(38),1,0,0,0
REBEL MASS EXPORT PVT LTD,AW24S30004-0003848 BLUE,0003848-96.52CM(38),96.52CM (38),,0003848-96.52CM(38),1,0,0,0
REBEL MASS EXPORT PVT LTD,AW24S30004-0003850 BLUE,0003850-106.68CM(42),106.68CM (42),,0003850-106.68CM(42),1,0,0,0
REBEL MASS EXPORT PVT LTD,AW24S30004-0004147 CHARCOAL,0004147-96.52CM(38),96.52CM (38),,0004147-96.52CM(38),1,0,0,0
REBEL MASS EXPORT PVT LTD,AW24S30005-0004103 SKY BLUE,0004103-101.6CM(40),101.6CM (40),,0004103-101.6CM(40),1,0,0,0
REBEL MASS EXPORT PVT LTD,AW24S30005-0004105 SKY BLUE,0004105-111.76CM(44),111.76CM (44),,0004105-111.76CM(44),1,0,0,0
REBEL MASS EXPORT PVT LTD,AW24S30005-0004109 FAWN,0004109-111.76CM(44),111.76CM (44),,0004109-111.76CM(44),1,0,0,0
REBEL MASS EXPORT PVT LTD,AW24S30005-0004112 L.GREY,0004112-106.68CM(42),106.68CM (42),,0004112-106.68CM(42),1,0,0,0
REBEL MASS EXPORT PVT LTD,AW24S30005-0004125 GREY,0004125-111.76CM(44),111.76CM (44),,0004125-111.76CM(44),1,0,0,0
REBEL MASS EXPORT PVT LTD,AW24S30005-0004301 T.BLUE,0004301-96.52CM(38),96.52CM (38),,0004301-96.52CM(38),1,0,0,0
REBEL MASS EXPORT PVT LTD,AW24S30006-0004152 WINE,0004152-101.6CM(40),101.6CM (40),,0004152-101.6CM(40),1,0,0,0
REBEL MASS EXPORT PVT LTD,AW24S30006-0004154 WINE,0004154-111.76CM(44),111.76CM (44),,0004154-111.76CM(44),1,0,0,0
REBEL MASS EXPORT PVT LTD,AW24S30007-0004246 BLACK,0004246-111.76CM(44),111.76CM (44),,0004246-111.76CM(44),1,0,0,0
REBEL MASS EXPORT PVT LTD,AW24SH0001-0002008 ECRU,0002008-M,M,,0002008-M,1,0,0,0
REBEL MASS EXPORT PVT LTD,AW24SH0001-0002012 BEIGE,0002012-M,M,,0002012-M,1,0,0,0
REBEL MASS EXPORT PVT LTD,AW24SH0001-0002015 BEIGE,0002015-XXL,XXL,,0002015-XXL,1,0,0,0
REBEL MASS EXPORT PVT LTD,AW24SH0001-0002022 BLACK,0002022-XL,XL,,0002022-XL,1,0,0,0
REBEL MASS EXPORT PVT LTD,AW24SH0001-0002053 GREEN,0002053-M,M,,0002053-M,1,0,0,0
REBEL MASS EXPORT PVT LTD,AW24SH0001-0002056 GREEN,0002056-XXL,XXL,,0002056-XXL,1,0,0,0
REBEL MASS EXPORT PVT LTD,AW24SH0001-0002059 PEACH,0002059-XL,XL,,0002059-XL,1,0,0,0
REBEL MASS EXPORT PVT LTD,AW24SH0001-0002072 L.GREY,0002072-XXL,XXL,,0002072-XXL,1,0,0,0
REBEL MASS EXPORT PVT LTD,AW24SH0001-0002073 BLUE,0002073-M,M,,0002073-M,1,0,0,0
REBEL MASS EXPORT PVT LTD,AW24SH0001-0002074 BLUE,0002074-L,L,,0002074-L,1,0,0,0
REBEL MASS EXPORT PVT LTD,AW24SH0001-0002217 L.GREEN,0002217-M,M,,0002217-M,1,0,0,0
REBEL MASS EXPORT PVT LTD,AW24SH0001-0002219 L.GREEN,0002219-XL,XL,,0002219-XL,1,0,0,0
REBEL MASS EXPORT PVT LTD,AW24SH0001-0002220 L.GREEN,0002220-XXL,XXL,,0002220-XXL,1,0,0,0
REBEL MASS EXPORT PVT LTD,AW24SH0001-0002224 PISTA,0002224-XXL,XXL,,0002224-XXL,1,0,0,0
REBEL MASS EXPORT PVT LTD,AW24SH0005-0002097 BLUE,0002097-M,M,,0002097-M,1,0,0,0
REBEL MASS EXPORT PVT LTD,AW24SH0007-0002123 NAVY,0002123-3XL,3XL,,0002123-3XL,1,0,0,0
REBEL MASS EXPORT PVT LTD,AW24SH0007-0002124 BLACK,0002124-M,M,,0002124-M,1,0,0,0
REBEL MASS EXPORT PVT LTD,AW24SH0007-0002126 BLACK,0002126-XL,XL,,0002126-XL,1,0,0,0
REBEL MASS EXPORT PVT LTD,AW24SH0007-0002127 BLACK,0002127-XXL,XXL,,0002127-XXL,1,0,0,0
REBEL MASS EXPORT PVT LTD,AW24SH0007-0002133 WINE,0002133-3XL,3XL,,0002133-3XL,1,0,0,0
REBEL MASS EXPORT PVT LTD,AW24SH0007-0002134 COFFEE,0002134-M,M,,0002134-M,1,0,0,0
REBEL MASS EXPORT PVT LTD,AW24SH0007-0002137 COFFEE,0002137-XXL,XXL,,0002137-XXL,1,0,0,0
REBEL MASS EXPORT PVT LTD,AW24SH0008-0002145 BLACK,0002145-L,L,,0002145-L,1,0,0,0
REBEL MASS EXPORT PVT LTD,AW24SH0008-0002147 BLACK,0002147-XXL,XXL,,0002147-XXL,1,0,0,0
REBEL MASS EXPORT PVT LTD,AW24SH0009-0002189 NAVY,0002189-M,M,,0002189-M,1,0,0,0
REBEL MASS EXPORT PVT LTD,AW24SH0010-0002195 BEIGE,0002195-XL,XL,,0002195-XL,1,0,0,0
REBEL MASS EXPORT PVT LTD,AW24SH0011-0002197 BLACK,0002197-M,M,,0002197-M,1,0,0,0
REBEL MASS EXPORT PVT LTD,AW24SH0013-0002207 WHITE,0002207-XL,XL,,0002207-XL,1,0,0,0
REBEL MASS EXPORT PVT LTD,AW24SH0013-0002208 WHITE,0002208-XXL,XXL,,0002208-XXL,1,0,0,0
REBEL MASS EXPORT PVT LTD,AW24SH0014-0002209 WHT/BLUE,0002209-M,M,,0002209-M,1,0,0,0
REBEL MASS EXPORT PVT LTD,AW24SH0014-0002210 WHT/BLUE,0002210-L,L,,0002210-L,1,0,0,0
REBEL MASS EXPORT PVT LTD,AW24SH0014-0002963 WHT/GREEN,0002963-L,L,,0002963-L,1,0,0,0
REBEL MASS EXPORT PVT LTD,AW24SH0018-0002241 CREAM,0002241-M,M,,0002241-M,1,0,0,0
REBEL MASS EXPORT PVT LTD,AW24SH0018-0002242 CREAM,0002242-L,L,,0002242-L,1,0,0,0
REBEL MASS EXPORT PVT LTD,AW24SH0018-0002245 BLUE,0002245-M,M,,0002245-M,1,0,0,0
REBEL MASS EXPORT PVT LTD,AW24SH0018-0002246 BLUE,0002246-L,L,,0002246-L,1,0,0,0
REBEL MASS EXPORT PVT LTD,AW24SH0019-0002254 BLUE,0002254-L,L,,0002254-L,1,0,0,0
REBEL MASS EXPORT PVT LTD,AW24SH0020-0002257 LEMON,0002257-M,M,,0002257-M,1,0,0,0
REBEL MASS EXPORT PVT LTD,AW24SH0021-0002285 CREAM,0002285-M,M,,0002285-M,1,0,0,0
REBEL MASS EXPORT PVT LTD,AW24SH0021-0002292 M.GREEN,0002292-XXL,XXL,,0002292-XXL,1,0,0,0
REBEL MASS EXPORT PVT LTD,AW24SH0021-0002293 GREEN,0002293-M,M,,0002293-M,1,0,0,0
REBEL MASS EXPORT PVT LTD,AW24SH0021-0002299 NAVY,0002299-XL,XL,,0002299-XL,1,0,0,0
REBEL MASS EXPORT PVT LTD,AW24SH0021-0002300 NAVY,0002300-XXL,XXL,,0002300-XXL,1,0,0,0
REBEL MASS EXPORT PVT LTD,AW24SH0021-0002304 ONION,0002304-XXL,XXL,,0002304-XXL,1,0,0,0
REBEL MASS EXPORT PVT LTD,AW24SH0021-0002305 BEIGE,0002305-M,M,,0002305-M,1,0,0,0
REBEL MASS EXPORT PVT LTD,AW24SH0021-0002313 L.GREY,0002313-M,M,,0002313-M,1,0,0,0
REBEL MASS EXPORT PVT LTD,AW24SH0021-0002316 L.GREY,0002316-XXL,XXL,,0002316-XXL,1,0,0,0
REBEL MASS EXPORT PVT LTD,AW24SH0021-0002317 YELLOW,0002317-M,M,,0002317-M,1,0,0,0
REBEL MASS EXPORT PVT LTD,AW24SH0021-0002321 B.GREEN,0002321-M,M,,0002321-M,1,0,0,0
REBEL MASS EXPORT PVT LTD,AW24SH0021-0002323 B.GREEN,0002323-XL,XL,,0002323-XL,1,0,0,0
REBEL MASS EXPORT PVT LTD,AW24SH0021-0002353 GREY,0002353-M,M,,0002353-M,1,0,0,0
REBEL MASS EXPORT PVT LTD,AW24SH0021-0002357 CHARCOAL,0002357-M,M,,0002357-M,1,0,0,0
REBEL MASS EXPORT PVT LTD,AW24SH0021-0002358 CHARCOAL,0002358-L,L,,0002358-L,1,0,0,0
REBEL MASS EXPORT PVT LTD,AW24SH0022-0002329 GREY,0002329-M,M,,0002329-M,1,0,0,0
REBEL MASS EXPORT PVT LTD,AW24SH0028-0002361 GREEN,0002361-M,M,,0002361-M,1,0,0,0
REBEL MASS EXPORT PVT LTD,AW24SH0029-0002372 BLUE,0002372-XXL,XXL,,0002372-XXL,1,0,0,0
REBEL MASS EXPORT PVT LTD,AW24SH0029-0002373 BROWN,0002373-M,M,,0002373-M,1,0,0,0
REBEL MASS EXPORT PVT LTD,AW24SH0029-0002375 BROWN,0002375-XL,XL,,0002375-XL,1,0,0,0
REBEL MASS EXPORT PVT LTD,AW24SH0030-0002381 YELLOW,0002381-M,M,,0002381-M,1,0,0,0
REBEL MASS EXPORT PVT LTD,AW24SH0031-0002016 PEACH,0002016-M,M,,0002016-M,1,0,0,0
REBEL MASS EXPORT PVT LTD,AW24SH0031-0002677 FAWN,0002677-XL,XL,,0002677-XL,1,0,0,0
REBEL MASS EXPORT PVT LTD,AW24SH0031-0002685 MEHNDI,0002685-XL,XL,,0002685-XL,1,0,0,0
REBEL MASS EXPORT PVT LTD,AW24SH0031-0002694 BEIGE,0002694-XXL,XXL,,0002694-XXL,1,0,0,0
REBEL MASS EXPORT PVT LTD,AW24SH0032-0002702 GREY,0002702-XXL,XXL,,0002702-XXL,1,0,0,0
REBEL MASS EXPORT PVT LTD,AW24SH0033-0002707 BROWN,0002707-M,M,,0002707-M,1,0,0,0
REBEL MASS EXPORT PVT LTD,AW24SH0033-0002709 BROWN,0002709-XL,XL,,0002709-XL,1,0,0,0
REBEL MASS EXPORT PVT LTD,AW24SH0033-0002714 BLACK,0002714-XXL,XXL,,0002714-XXL,1,0,0,0
REBEL MASS EXPORT PVT LTD,AW24SH0035-0002733 FIROZI,0002733-XL,XL,,0002733-XL,1,0,0,0
REBEL MASS EXPORT PVT LTD,AW24SH0035-0002739 ORANGE,0002739-M,M,,0002739-M,1,0,0,0
REBEL MASS EXPORT PVT LTD,AW24SH0035-0002944 SKY BLUE,0002944-XL,XL,,0002944-XL,1,0,0,0
REBEL MASS EXPORT PVT LTD,AW24SH0035-0002945 SKY BLUE,0002945-XXL,XXL,,0002945-XXL,1,0,0,0
REBEL MASS EXPORT PVT LTD,AW24SH0037-0002892 D.GREY,0002892-XL,XL,,0002892-XL,1,0,0,0
REBEL MASS EXPORT PVT LTD,AW24SH0037-0002910 GOLDEN,0002910-M,M,,0002910-M,1,0,0,0
REBEL MASS EXPORT PVT LTD,AW24SH0038-0002915 OFF WHITE,0002915-L,L,,0002915-L,1,0,0,0
REBEL MASS EXPORT PVT LTD,AW24SH0038-0002925 BEIGE,0002925-XXL,XXL,,0002925-XXL,1,0,0,0
REBEL MASS EXPORT PVT LTD,AW24SH0038-0002926 SKY BLUE,0002926-M,M,,0002926-M,1,0,0,0
REBEL MASS EXPORT PVT LTD,AW24SH0039-0002935 CREAM,0002935-L,L,,0002935-L,1,0,0,0
REBEL MASS EXPORT PVT LTD,AW24SH0039-0002936 CREAM,0002936-XL,XL,,0002936-XL,1,0,0,0
REBEL MASS EXPORT PVT LTD,AW24SH0039-0002937 CREAM,0002937-XXL,XXL,,0002937-XXL,1,0,0,0
REBEL MASS EXPORT PVT LTD,AW24SH0041-0002954 WHITE,0002954-M,M,,0002954-M,1,0,0,0
REBEL MASS EXPORT PVT LTD,AW24SH0045-0002986 GREY,0002986-M,M,,0002986-M,1,0,0,0
REBEL MASS EXPORT PVT LTD,AW24SH0045-0004656 GREY,0004656-M,M,,0004656-M,1,0,0,0
REBEL MASS EXPORT PVT LTD,AW24SH0045-0004658 GREY,0004658-XL,XL,,0004658-XL,1,0,0,0
REBEL MASS EXPORT PVT LTD,AW24SH0052-0003298 PINK,0003298-XL,XL,,0003298-XL,1,0,0,0
REBEL MASS EXPORT PVT LTD,AW24SH0053-0003303 WHT/BLUE,0003303-XXL,XXL,,0003303-XXL,1,0,0,0
REBEL MASS EXPORT PVT LTD,AW24SH0054-0003309 WHITE,0003309-L,L,,0003309-L,1,0,0,0
REBEL MASS EXPORT PVT LTD,AW24SH0054-0003313 WHT/BEIGE,0003313-L,L,,0003313-L,1,0,0,0
REBEL MASS EXPORT PVT LTD,AW24SH0054-0003315 WHT/BEIGE,0003315-XXL,XXL,,0003315-XXL,1,0,0,0
REBEL MASS EXPORT PVT LTD,AW24SH0061-0003365 WHITE,0003365-M,M,,0003365-M,1,0,0,0
REBEL MASS EXPORT PVT LTD,AW24SH0063-0003914 BLUE,0003914-M,M,,0003914-M,1,0,0,0
REBEL MASS EXPORT PVT LTD,AW24SH0063-0003915 BLUE,0003915-L,L,,0003915-L,1,0,0,0
REBEL MASS EXPORT PVT LTD,AW24SH0063-0003916 BLUE,0003916-XL,XL,,0003916-XL,1,0,0,0
REBEL MASS EXPORT PVT LTD,AW24SH0065-0003946 WHITE,0003946-M,M,,0003946-M,1,0,0,0
REBEL MASS EXPORT PVT LTD,AW24SH0065-0003948 WHITE,0003948-XL,XL,,0003948-XL,1,0,0,0
REBEL MASS EXPORT PVT LTD,AW24SH0067-0003957 WHITE,0003957-XXL,XXL,,0003957-XXL,1,0,0,0
REBEL MASS EXPORT PVT LTD,AW24SH0068-0003958 WHITE,0003958-M,M,,0003958-M,1,0,0,0
REBEL MASS EXPORT PVT LTD,AW24SH0069-0003962 WHITE,0003962-M,M,,0003962-M,1,0,0,0
REBEL MASS EXPORT PVT LTD,AW24SH0071-0004033 WHITE,0004033-M,M,,0004033-M,1,0,0,0
REBEL MASS EXPORT PVT LTD,AW24SH0072-0004038 WHITE,0004038-L,L,,0004038-L,1,0,0,0
REBEL MASS EXPORT PVT LTD,AW24SH0074-0004046 WHITE,0004046-M,M,,0004046-M,1,0,0,0
REBEL MASS EXPORT PVT LTD,AW24SH0076-0004057 WHITE,0004057-XXL,XXL,,0004057-XXL,1,0,0,0
REBEL MASS EXPORT PVT LTD,AW24SH0078-0004066 NAVY,0004066-M,M,,0004066-M,1,0,0,0
REBEL MASS EXPORT PVT LTD,AW24SH0080-0004081 WHITE,0004081-XXL,XXL,,0004081-XXL,1,0,0,0
REBEL MASS EXPORT PVT LTD,AW24SH0080-0004083 BLACK,0004083-L,L,,0004083-L,1,0,0,0
REBEL MASS EXPORT PVT LTD,AW24SH0080-0004085 BLACK,0004085-XXL,XXL,,0004085-XXL,1,0,0,0
REBEL MASS EXPORT PVT LTD,AW24SH0085-0004239 BLACK,0004239-M,M,,0004239-M,1,0,0,0
REBEL MASS EXPORT PVT LTD,AW24SH0085-0004242 BLACK,0004242-XXL,XXL,,0004242-XXL,1,0,0,0
REBEL MASS EXPORT PVT LTD,AW24SH0087-0004511 CREAM,0004511-XXL,XXL,,0004511-XXL,1,0,0,0
REBEL MASS EXPORT PVT LTD,AW24SH0087-0004513 SKY BLUE,0004513-L,L,,0004513-L,1,0,0,0
REBEL MASS EXPORT PVT LTD,AW24SH0087-0004519 BROWN,0004519-XXL,XXL,,0004519-XXL,1,0,0,0
REBEL MASS EXPORT PVT LTD,AW24SH0087-0006793 RED,0006793-M,M,,0006793-M,1,0,0,0
REBEL MASS EXPORT PVT LTD,AW24SH0087-0006798 BROWN,0006798-L,L,,0006798-L,1,0,0,0
REBEL MASS EXPORT PVT LTD,AW24SH0087-0006799 BROWN,0006799-XL,XL,,0006799-XL,1,0,0,0
REBEL MASS EXPORT PVT LTD,AW24SH0089-0004552 SKY BLUE,0004552-M,M,,0004552-M,1,0,0,0
REBEL MASS EXPORT PVT LTD,AW24SH0089-0004572 WINE,0004572-M,M,,0004572-M,1,0,0,0
REBEL MASS EXPORT PVT LTD,AW24SH0089-0004580 TEAL,0004580-M,M,,0004580-M,1,0,0,0
REBEL MASS EXPORT PVT LTD,AW24SH0091-0004625 BROWN,0004625-L,L,,0004625-L,1,0,0,0
REBEL MASS EXPORT PVT LTD,AW24SH0092-0004628 WHITE,0004628-M,M,,0004628-M,1,0,0,0
REBEL MASS EXPORT PVT LTD,AW24SH0093-0004640 WHITE,0004640-M,M,,0004640-M,1,0,0,0
REBEL MASS EXPORT PVT LTD,AW24SH0093-0004651 BLACK,0004651-XXL,XXL,,0004651-XXL,1,0,0,0
REBEL MASS EXPORT PVT LTD,AW24SH0094-0004680 BLACK,0004680-M,M,,0004680-M,1,0,0,0
REBEL MASS EXPORT PVT LTD,AW24SH0094-0004681 BLACK,0004681-L,L,,0004681-L,1,0,0,0
REBEL MASS EXPORT PVT LTD,AW24SH0094-0004682 BLACK,0004682-XL,XL,,0004682-XL,1,0,0,0
REBEL MASS EXPORT PVT LTD,AW24SH0094-0004687 GREY,0004687-XXL,XXL,,0004687-XXL,1,0,0,0
REBEL MASS EXPORT PVT LTD,AW24SH0094-0004688 BEIGE,0004688-M,M,,0004688-M,1,0,0,0
REBEL MASS EXPORT PVT LTD,AW24SH0094-0004711 WHITE,0004711-XXL,XXL,,0004711-XXL,1,0,0,0
REBEL MASS EXPORT PVT LTD,AW24SH0094-0004772 MID GREY,0004772-M,M,,0004772-M,1,0,0,0
REBEL MASS EXPORT PVT LTD,AW24SH0094-0004774 MID GREY,0004774-XL,XL,,0004774-XL,1,0,0,0
REBEL MASS EXPORT PVT LTD,AW24SH0094-0004775 MID GREY,0004775-XXL,XXL,,0004775-XXL,1,0,0,0
REBEL MASS EXPORT PVT LTD,AW24SH0097-0004803 DARK GREY,0004803-XXL,XXL,,0004803-XXL,1,0,0,0
REBEL MASS EXPORT PVT LTD,AW24SH0098-0004900 WHITE,0004900-M,M,,0004900-M,1,0,0,0
REBEL MASS EXPORT PVT LTD,AW24SH0098-0004903 WHITE,0004903-XXL,XXL,,0004903-XXL,1,0,0,0
REBEL MASS EXPORT PVT LTD,AW24SH0101-0005264 WHT/BLUE,0005264-L,L,,0005264-L,1,0,0,0
REBEL MASS EXPORT PVT LTD,AW24SH0101-0005267 BR/BLUE,0005267-M,M,,0005267-M,1,0,0,0
REBEL MASS EXPORT PVT LTD,AW24SH0102-0005277 BLU/BEIGE,0005277-XL,XL,,0005277-XL,1,0,0,0
REBEL MASS EXPORT PVT LTD,AW24SH0103-0005279 WHT/BLUE,0005279-M,M,,0005279-M,1,0,0,0
REBEL MASS EXPORT PVT LTD,AW24SH0103-0005283 WHT/RED,0005283-M,M,,0005283-M,1,0,0,0
REBEL MASS EXPORT PVT LTD,AW24SH0104-0005288 GREY,0005288-L,L,,0005288-L,1,0,0,0
REBEL MASS EXPORT PVT LTD,AW24SH0104-0005292 SKY BLUE,0005292-L,L,,0005292-L,1,0,0,0
REBEL MASS EXPORT PVT LTD,AW24SH0104-0005294 SKY BLUE,0005294-XXL,XXL,,0005294-XXL,1,0,0,0
REBEL MASS EXPORT PVT LTD,AW24SH0105-0005299 WHT/BEIGE,0005299-M,M,,0005299-M,1,0,0,0
REBEL MASS EXPORT PVT LTD,AW24SH0106-0005305 BLACK,0005305-XL,XL,,0005305-XL,1,0,0,0
REBEL MASS EXPORT PVT LTD,AW24SH0106-0005307 WHITE,0005307-M,M,,0005307-M,1,0,0,0
REBEL MASS EXPORT PVT LTD,AW24SH0106-0005309 WHITE,0005309-XL,XL,,0005309-XL,1,0,0,0
REBEL MASS EXPORT PVT LTD,AW24SH0106-0005310 WHITE,0005310-XXL,XXL,,0005310-XXL,1,0,0,0
REBEL MASS EXPORT PVT LTD,AW24SH0107-0005312 PISTA,0005312-L,L,,0005312-L,1,0,0,0
REBEL MASS EXPORT PVT LTD,AW24SH0107-0005314 PISTA,0005314-XXL,XXL,,0005314-XXL,1,0,0,0
REBEL MASS EXPORT PVT LTD,AW24SH0108-0008023 BLACK,0008023-XL,XL,,0008023-XL,1,0,0,0
REBEL MASS EXPORT PVT LTD,AW24SH0111-0005484 NAVY,0005484-M,M,,0005484-M,1,0,0,0
REBEL MASS EXPORT PVT LTD,AW24SH0145-0005715 WHITE,0005715-M,M,,0005715-M,1,0,0,0
REBEL MASS EXPORT PVT LTD,AW24SH0146-0005720 BLACK,0005720-L,L,,0005720-L,1,0,0,0
REBEL MASS EXPORT PVT LTD,AW24SH0182-0006217 SKY BLUE,0006217-M,M,,0006217-M,1,0,0,0
REBEL MASS EXPORT PVT LTD,AW24SH0183-0006225 GREY,0006225-M,M,,0006225-M,1,0,0,0
REBEL MASS EXPORT PVT LTD,AW24SH0183-0006229 BEIGE,0006229-M,M,,0006229-M,1,0,0,0
REBEL MASS EXPORT PVT LTD,AW24SH0185-0006244 KHAKI,0006244-XXL,XXL,,0006244-XXL,1,0,0,0
REBEL MASS EXPORT PVT LTD,AW24SH0186-0006249 D.GREY,0006249-M,M,,0006249-M,1,0,0,0
REBEL MASS EXPORT PVT LTD,AW24SH0186-0006252 D.GREY,0006252-XXL,XXL,,0006252-XXL,1,0,0,0
REBEL MASS EXPORT PVT LTD,AW24SH0187-0006261 CHARCOAL,0006261-M,M,,0006261-M,1,0,0,0
REBEL MASS EXPORT PVT LTD,AW24SH0189-0006288 NAVY,0006288-XXL,XXL,,0006288-XXL,1,0,0,0
REBEL MASS EXPORT PVT LTD,AW24SH0190-0006289 GREY,0006289-M,M,,0006289-M,1,0,0,0
REBEL MASS EXPORT PVT LTD,AW24SH0191-0006297 D.NAVY,0006297-M,M,,0006297-M,1,0,0,0
REBEL MASS EXPORT PVT LTD,AW24SH0193-0006516 NAVY,0006516-M,M,,0006516-M,1,0,0,0
REBEL MASS EXPORT PVT LTD,AW24SH0194-0006520 CREAM,0006520-M,M,,0006520-M,1,0,0,0
REBEL MASS EXPORT PVT LTD,AW24SK0001-0002451 BEIGE,0002451-XXL,XXL,,0002451-XXL,1,0,0,0
REBEL MASS EXPORT PVT LTD,AW24SK0001-0002507 SKY BLUE,0002507-L,L,,0002507-L,1,0,0,0
REBEL MASS EXPORT PVT LTD,AW24SK0001-0002509 SKY BLUE,0002509-XXL,XXL,,0002509-XXL,1,0,0,0
REBEL MASS EXPORT PVT LTD,AW24SK0001-0002534 WHITE,0002534-XXL,XXL,,0002534-XXL,1,0,0,0
REBEL MASS EXPORT PVT LTD,AW24SS0009-0003801 SEA GREEN,0003801-L,L,,0003801-L,1,0,0,0
REBEL MASS EXPORT PVT LTD,AW24SS0009-0003814 BLACK,0003814-XL,XL,,0003814-XL,1,0,0,0
REBEL MASS EXPORT PVT LTD,AW24SS0016-0005037 BLACK,0005037-XXL,XXL,,0005037-XXL,1,0,0,0
REBEL MASS EXPORT PVT LTD,AW24SS0020-0006317 BLACK,0006317-M,M,,0006317-M,1,0,0,0
REBEL MASS EXPORT PVT LTD,AW24SS0020-0006325 SEA GREEN,0006325-M,M,,0006325-M,1,0,0,0
REBEL MASS EXPORT PVT LTD,AW24SS0020-0006326 SEA GREEN,0006326-L,L,,0006326-L,1,0,0,0
REBEL MASS EXPORT PVT LTD,AW24SS0022-0006349 GREEN,0006349-M,M,,0006349-M,1,0,0,0
REBEL MASS EXPORT PVT LTD,AW24SS0023-0006364 OLIVE,0006364-XXL,XXL,,0006364-XXL,1,0,0,0
REBEL MASS EXPORT PVT LTD,AW24SS0023-0006365 OLIVE,0006365-M,M,,0006365-M,1,0,0,0
REBEL MASS EXPORT PVT LTD,AW24SS0023-0006368 OLIVE,0006368-XXL,XXL,,0006368-XXL,1,0,0,0
REBEL MASS EXPORT PVT LTD,AW24SS0023-0006506 OLIVE,0006506-XL,XL,,0006506-XL,1,0,0,0
REBEL MASS EXPORT PVT LTD,AW24SS0027-0006619 ANTRA,0006619-XXL,XXL,,0006619-XXL,1,0,0,0
REBEL MASS EXPORT PVT LTD,AW24TK0001-0004308 ANTRA,0004308-XXL,XXL,,0004308-XXL,1,0,0,0
REBEL MASS EXPORT PVT LTD,AW24TS0001-0002166 BLUE,0002166-L,L,,0002166-L,1,0,0,0
REBEL MASS EXPORT PVT LTD,AW24TS0001-0002167 BLUE,0002167-XL,XL,,0002167-XL,1,0,0,0
REBEL MASS EXPORT PVT LTD,AW24TS0001-0002168 BLUE,0002168-XXL,XXL,,0002168-XXL,1,0,0,0
REBEL MASS EXPORT PVT LTD,AW24TS0001-0002169 L.GREEN,0002169-S,S,,0002169-S,1,0,0,0
REBEL MASS EXPORT PVT LTD,AW24TS0001-0002172 L.GREEN,0002172-XL,XL,,0002172-XL,1,0,0,0
REBEL MASS EXPORT PVT LTD,AW24TS0001-0002175 AIR FORCE,0002175-M,M,,0002175-M,1,0,0,0
REBEL MASS EXPORT PVT LTD,AW24TS0001-0002176 AIR FORCE,0002176-L,L,,0002176-L,1,0,0,0
REBEL MASS EXPORT PVT LTD,AW24TS0001-0002177 AIR FORCE,0002177-XL,XL,,0002177-XL,1,0,0,0
REBEL MASS EXPORT PVT LTD,AW24TS0001-0002181 WHITE,0002181-L,L,,0002181-L,1,0,0,0
REBEL MASS EXPORT PVT LTD,AW24TS0001-0002183 WHITE,0002183-XXL,XXL,,0002183-XXL,1,0,0,0
REBEL MASS EXPORT PVT LTD,AW24TS0001-0002186 BLACK,0002186-L,L,,0002186-L,1,0,0,0
REBEL MASS EXPORT PVT LTD,AW24TX0001-0004315 GREEN,0004315-101.6CM(40),101.6CM (40),,0004315-101.6CM(40),1,0,0,0
REBEL MASS EXPORT PVT LTD,AW24TX0001-0004316 GREEN,0004316-106.68CM(42),106.68CM (42),,0004316-106.68CM(42),1,0,0,0
REBEL MASS EXPORT PVT LTD,AW24WL0001-0003781 BLACK,0003781-L,L,,0003781-L,1,0,0,1
REBEL MASS EXPORT PVT LTD,BELT0003-0001835 BLACK,0001835-120CM,120 CM,,0001835-120CM,1,0,0,0
REBEL MASS EXPORT PVT LTD,BELT0004-0001846 BROWN,0001846-125CM,125 CM,,0001846-125CM,1,0,0,0
REBEL MASS EXPORT PVT LTD,BELT0004-0001847 BROWN,0001847-130CM,130 CM,,0001847-130CM,1,0,0,0
REBEL MASS EXPORT PVT LTD,BELT0006-0001790 BR/BLACK,0001790-115CM,115 CM,BR/BLACK,0001790-115CM,1,0,0,0
REBEL MASS EXPORT PVT LTD,BELT0006-0001791 BR/BLACK,0001791-120CM,120 CM,BR/BLACK,0001791-120CM,1,0,0,0
REBEL MASS EXPORT PVT LTD,BELT0007-0001857 DARK BROWN,0001857-104CM,104 CM,,0001857-104CM,1,0,0,0
REBEL MASS EXPORT PVT LTD,BLZ25-0009 BLACK,DA0811-116.84CM(46),116.84CM (46),,DA0811-116.84CM(46),1,0,0,0
REBEL MASS EXPORT PVT LTD,BLZ25-0009 NAVY,DA0815-106.68CM(42),106.68CM (42),,DA0815-106.68CM(42),1,0,0,0
REBEL MASS EXPORT PVT LTD,BLZ25-0009 NAVY,DA0813-96.52CM(38),96.52CM (38),,DA0813-96.52CM(38),1,0,0,0
REBEL MASS EXPORT PVT LTD,BLZ25-0009 NAVY/BLUE,DA0821-106.68CM(42),106.68CM (42),,DA0821-106.68CM(42),1,0,0,0
REBEL MASS EXPORT PVT LTD,BLZ25-0009 NAVY/BLUE,DA0822-111.76CM(44),111.76CM (44),,DA0822-111.76CM(44),1,0,0,0
REBEL MASS EXPORT PVT LTD,BLZ25-0009 NAVY/BLUE,DA0818-91.44CM(36),91.44CM (36),,DA0818-91.44CM(36),1,0,0,0
REBEL MASS EXPORT PVT LTD,BLZ25-0010 CHARCOLE/GREY,DA0858-91.44CM(36),91.44CM (36),,DA0858-91.44CM(36),1,0,0,0
REBEL MASS EXPORT PVT LTD,BLZ25-0015 M.GREY,DA1419-116.84CM(46),116.84CM (46),,DA1419-116.84CM(46),1,0,0,0
REBEL MASS EXPORT PVT LTD,BLZ25-0015 M.GREY,DA1407-96.52CM(38),96.52CM (38),,DA1407-96.52CM(38),1,0,0,0
REBEL MASS EXPORT PVT LTD,BLZ25-0016 NAVY,DA1420-116.84CM(46),116.84CM (46),,DA1420-116.84CM(46),1,0,0,0
REBEL MASS EXPORT PVT LTD,BLZ25-0021 GREY/BLK,DA3397-127CM(50),127 CM (50),,DA3397-127CM(50),1,0,0,0
REBEL MASS EXPORT PVT LTD,BLZ25-40-0004-0008154 GREY,0008154-111.76CM(44),111.76CM (44),,0008154-111.76CM(44),1,0,0,0
REBEL MASS EXPORT PVT LTD,CJKT25-15-0001-0007113 GREY,0007113-M,M,,0007113-M,1,0,0,0
REBEL MASS EXPORT PVT LTD,CJKT25-15-0001-0007171 BLACK,0007171-XL,XL,,0007171-XL,1,0,0,0
REBEL MASS EXPORT PVT LTD,CJKT25-15-0001-0007173 MOUSE,0007173-M,M,,0007173-M,1,0,0,0
REBEL MASS EXPORT PVT LTD,CJKT25-15-0001-0007175 MOUSE,0007175-XL,XL,,0007175-XL,1,0,0,0
REBEL MASS EXPORT PVT LTD,CJKT25-15-0001-0007195 BROWN,0007195-XL,XL,,0007195-XL,1,0,0,0
REBEL MASS EXPORT PVT LTD,CJKT25-15-0001-0007196 BROWN,0007196-XXL,XXL,,0007196-XXL,1,0,0,0
REBEL MASS EXPORT PVT LTD,CJKT25-15-0001-0007203 TAN,0007203-XL,XL,,0007203-XL,1,0,0,0
REBEL MASS EXPORT PVT LTD,CJKT25-15-0001-0007204 TAN,0007204-XXL,XXL,,0007204-XXL,1,0,0,0
REBEL MASS EXPORT PVT LTD,CPO25-44-0002-0007590 MAHROON,0007590-M,M,,0007590-M,1,0,0,0
REBEL MASS EXPORT PVT LTD,CPO25-44-0002-0007591 MAHROON,0007591-L,L,,0007591-L,1,0,0,0
REBEL MASS EXPORT PVT LTD,CPO25-44-0002-0007592 MAHROON,0007592-XL,XL,,0007592-XL,1,0,0,0
REBEL MASS EXPORT PVT LTD,CRC25-0001 BLUE,DA2840-81.28CM(32),81.28CM (32),,DA2840-81.28CM(32),1,0,0,0
REBEL MASS EXPORT PVT LTD,CRC25-0001 BLUE,DA2841-86.36CM(34),86.36CM (34),,DA2841-86.36CM(34),1,0,0,0
REBEL MASS EXPORT PVT LTD,CRC25-0001 BLUE,DA2842-91.44CM(36),91.44CM (36),,DA2842-91.44CM(36),1,0,0,0
REBEL MASS EXPORT PVT LTD,CRC25-0001 BLUE,DA2843-96.52CM(38),96.52CM (38),,DA2843-96.52CM(38),1,0,0,0
REBEL MASS EXPORT PVT LTD,CRC25-0001-0006802 CREAM,0006802-81.28CM(32),81.28CM (32),,0006802-81.28CM(32),1,0,0,0
REBEL MASS EXPORT PVT LTD,CRC25-0001-0006805 CREAM,0006805-96.52CM(38),96.52CM (38),,0006805-96.52CM(38),1,0,0,0
REBEL MASS EXPORT PVT LTD,CRC25-0001-0006806 CREAM,0006806-101.6CM(40),101.6CM (40),,0006806-101.6CM(40),1,0,0,0
REBEL MASS EXPORT PVT LTD,CRC25-0001-0006815 BLACK,0006815-86.36CM(34),86.36CM (34),,0006815-86.36CM(34),1,0,0,0
REBEL MASS EXPORT PVT LTD,CRC25-0001-0006816 BLACK,0006816-91.44CM(36),91.44CM (36),,0006816-91.44CM(36),1,0,0,0
REBEL MASS EXPORT PVT LTD,CRC25-0001-0007597 OLIVE,0007597-76.20CM(30),76.20CM (30),,0007597-76.20CM(30),1,0,0,0
REBEL MASS EXPORT PVT LTD,CRC25-0001-0007598 OLIVE,0007598-81.28CM(32),81.28CM (32),,0007598-81.28CM(32),1,0,0,0
REBEL MASS EXPORT PVT LTD,CRC25-0001-0007599 OLIVE,0007599-86.36CM(34),86.36CM (34),,0007599-86.36CM(34),1,0,0,0
REBEL MASS EXPORT PVT LTD,CRC25-0001-0007601 OLIVE,0007601-96.52CM(38),96.52CM (38),,0007601-96.52CM(38),1,0,0,0
REBEL MASS EXPORT PVT LTD,CRC25-0001-0007603 GREY,0007603-76.20CM(30),76.20CM (30),,0007603-76.20CM(30),1,0,0,0
REBEL MASS EXPORT PVT LTD,CRC25-0001-0007606 GREY,0007606-91.44CM(36),91.44CM (36),,0007606-91.44CM(36),1,0,0,0
REBEL MASS EXPORT PVT LTD,CRC25-0001-0007607 GREY,0007607-96.52CM(38),96.52CM (38),,0007607-96.52CM(38),1,0,0,0
REBEL MASS EXPORT PVT LTD,CRC25-0001-0007609 OFF WHITE,0007609-76.20CM(30),76.20CM (30),,0007609-76.20CM(30),1,0,0,0
REBEL MASS EXPORT PVT LTD,CRC25-0001-0007610 OFF WHITE,0007610-81.28CM(32),81.28CM (32),,0007610-81.28CM(32),1,0,0,0
REBEL MASS EXPORT PVT LTD,CRC25-0001-0007611 OFF WHITE,0007611-86.36CM(34),86.36CM (34),,0007611-86.36CM(34),1,0,0,0
REBEL MASS EXPORT PVT LTD,CRC25-0001-0007613 OFF WHITE,0007613-96.52CM(38),96.52CM (38),,0007613-96.52CM(38),1,0,0,0
REBEL MASS EXPORT PVT LTD,CRC25-0002-0007627 L.GREY,0007627-76.20CM(30),76.20CM (30),,0007627-76.20CM(30),1,0,0,0
REBEL MASS EXPORT PVT LTD,CRC25-0002-0007633 STEAL GREY,0007633-76.20CM(30),76.20CM (30),,0007633-76.20CM(30),1,0,0,0
REBEL MASS EXPORT PVT LTD,CRC25-0004 BLACK,DA0043-71.12CM(28),71.12CM (28),,DA0043-71.12CM(28),1,0,0,0
REBEL MASS EXPORT PVT LTD,CRC25-0004 BLACK,DA0048-96.52CM(38),96.52CM (38),,DA0048-96.52CM(38),1,0,0,0
REBEL MASS EXPORT PVT LTD,CRC25-0004 L.GREEN,DA0471-71.12CM(28),71.12CM (28),,DA0471-71.12CM(28),1,0,0,0
REBEL MASS EXPORT PVT LTD,CRC25-0004 L.GREEN,DA0476-96.52CM(38),96.52CM (38),,DA0476-96.52CM(38),1,0,0,0
REBEL MASS EXPORT PVT LTD,CRC25-0004 L.GREY,DA0020-76.20CM(30),76.20CM (30),,DA0020-76.20CM(30),1,0,0,0
REBEL MASS EXPORT PVT LTD,CRC25-0004 L.YELLOW,DA0055-71.12CM(28),71.12CM (28),,DA0055-71.12CM(28),1,0,0,0
REBEL MASS EXPORT PVT LTD,CRC25-0004 MUSTARD,DA0025-71.12CM(28),71.12CM (28),,DA0025-71.12CM(28),1,0,0,0
REBEL MASS EXPORT PVT LTD,CRC25-0004A NAVY,DA0230-96.52CM(38),96.52CM (38),,DA0230-96.52CM(38),1,0,0,0
REBEL MASS EXPORT PVT LTD,CRC25-0005 D.GREY,DA0255-71.12CM(28),71.12CM (28),,DA0255-71.12CM(28),1,0,0,0
REBEL MASS EXPORT PVT LTD,CRC25-0005 D.GREY,DA0256-76.20CM(30),76.20CM (30),,DA0256-76.20CM(30),1,0,0,0
REBEL MASS EXPORT PVT LTD,CRC25-0005 OFF WHITE,DA0232-76.20CM(30),76.20CM (30),,DA0232-76.20CM(30),1,0,0,0
REBEL MASS EXPORT PVT LTD,CRC25-0006 BLACK,DA0321-71.12CM(28),71.12CM (28),,DA0321-71.12CM(28),1,0,0,0
REBEL MASS EXPORT PVT LTD,CRC25-0006 BLACK,DA0324-86.36CM(34),86.36CM (34),,DA0324-86.36CM(34),1,0,0,0
REBEL MASS EXPORT PVT LTD,CRC25-0006 OLIVE,DA0301-106.68CM(42),106.68CM (42),,DA0301-106.68CM(42),1,0,0,0
REBEL MASS EXPORT PVT LTD,CRC25-0006 OLIVE,DA0296-81.28CM(32),81.28CM (32),,DA0296-81.28CM(32),1,0,0,0
REBEL MASS EXPORT PVT LTD,CRC25-0006 SKY BLUE,DA0312-71.12CM(28),71.12CM (28),,DA0312-71.12CM(28),1,0,0,0
REBEL MASS EXPORT PVT LTD,CRC25-0008 MUSTARD,DA0392-111.76CM(44),111.76CM (44),,DA0392-111.76CM(44),1,0,0,0
REBEL MASS EXPORT PVT LTD,CRC25-0009 MUSTARD,DA0430-76.20CM(30),76.20CM (30),,DA0430-76.20CM(30),1,0,0,0
REBEL MASS EXPORT PVT LTD,CRC25-0009 MUSTARD,DA0434-96.52CM(38),96.52CM (38),,DA0434-96.52CM(38),1,0,0,0
REBEL MASS EXPORT PVT LTD,CRC25-0009 NAVY,DA0424-91.44CM(36),91.44CM (36),,DA0424-91.44CM(36),1,0,0,0
REBEL MASS EXPORT PVT LTD,CRC25-0009 NAVY,DA0425-96.52CM(38),96.52CM (38),,DA0425-96.52CM(38),1,0,0,0
REBEL MASS EXPORT PVT LTD,CRC25-0010 DARK BROWN,DA2534-71.12CM(28),71.12CM (28),,DA2534-71.12CM(28),1,0,0,0
REBEL MASS EXPORT PVT LTD,CRC25-0010 DARK BROWN,DA2535-76.20CM(30),76.20CM (30),,DA2535-76.20CM(30),1,0,0,0
REBEL MASS EXPORT PVT LTD,CSH25-0005-0006849 WHITE,0006849-M,M,,0006849-M,1,0,0,0
REBEL MASS EXPORT PVT LTD,CSH25-0005-0006853 NAVY,0006853-M,M,,0006853-M,1,0,0,0
REBEL MASS EXPORT PVT LTD,CSH25-0009-0006890 PEACH,0006890-L,L,,0006890-L,1,0,0,0
REBEL MASS EXPORT PVT LTD,CSH25-0010-0006897 D.NAVY,0006897-M,M,,0006897-M,1,0,0,0
REBEL MASS EXPORT PVT LTD,CSH25-0011-0006909 BLACK,0006909-M,M,,0006909-M,1,0,0,0
REBEL MASS EXPORT PVT LTD,CSH25-0011-0006912 BLACK,0006912-XXL,XXL,,0006912-XXL,1,0,0,0
REBEL MASS EXPORT PVT LTD,CSH25-18-0037 BLUE,DA0161-M,M,,DA0161-M,1,0,0,0
REBEL MASS EXPORT PVT LTD,CSH25-20-0012-0007061 SKY BLUE,0007061-M,M,,0007061-M,1,0,0,0
REBEL MASS EXPORT PVT LTD,CSH25-39-0015-0007550 WHITE,0007550-M,M,,0007550-M,1,0,0,0
REBEL MASS EXPORT PVT LTD,CSH25-39-0015-0007554 NAVY,0007554-M,M,,0007554-M,1,0,0,0
REBEL MASS EXPORT PVT LTD,CSH25-39-0016-0007562 GREY,0007562-M,M,,0007562-M,1,0,0,0
REBEL MASS EXPORT PVT LTD,CSS25-15-0005-0007192 MAHANDI,0007192-XXL,XXL,,0007192-XXL,1,0,0,0
REBEL MASS EXPORT PVT LTD,CTR25-0007 NAVY,DA0148-101.6CM(40),101.6CM (40),,DA0148-101.6CM(40),1,0,0,0
REBEL MASS EXPORT PVT LTD,CTR25-0007 NAVY,DA0143-76.20CM(30),76.20CM (30),,DA0143-76.20CM(30),1,0,0,0
REBEL MASS EXPORT PVT LTD,CTR25-0007 STEAL GREY,DA0081-81.28CM(32),81.28CM (32),,DA0081-81.28CM(32),1,0,0,0
REBEL MASS EXPORT PVT LTD,CTR25-0008 BEIGE,DA1425-91.44CM(36),91.44CM (36),,DA1425-91.44CM(36),1,0,0,0
REBEL MASS EXPORT PVT LTD,CTR25-0008 BLACK,DA1440-91.44CM(36),91.44CM (36),,DA1440-91.44CM(36),1,0,0,0
REBEL MASS EXPORT PVT LTD,CTR25-0008 CHARCOAL,DA1435-91.44CM(36),91.44CM (36),,DA1435-91.44CM(36),1,0,0,0
REBEL MASS EXPORT PVT LTD,CTR25-0008 GREY,DA1443-81.28CM(32),81.28CM (32),,DA1443-81.28CM(32),1,0,0,0
REBEL MASS EXPORT PVT LTD,CTR25-0008 GREY,DA1446-96.52CM(38),96.52CM (38),,DA1446-96.52CM(38),1,0,0,0
REBEL MASS EXPORT PVT LTD,CTR25-0008 OLIVE,DA1430-91.44CM(36),91.44CM (36),,DA1430-91.44CM(36),1,0,0,0
REBEL MASS EXPORT PVT LTD,CTR25-36-0004 BLACK,DA1948-101.6(40),101.6 (40),,DA1948-101.6(40),1,0,0,0
REBEL MASS EXPORT PVT LTD,CTR25-36-0004-0007487 L.GREY,0007487-96.52CM(38),96.52CM (38),,0007487-96.52CM(38),1,0,0,0
REBEL MASS EXPORT PVT LTD,CWC25-0002 PISTA/GOLD,DA3339-106.68CM(42),106.68CM (42),,DA3339-106.68CM(42),1,0,0,0
REBEL MASS EXPORT PVT LTD,CWC25-0003 WINE,DA3341-96.52CM(38),96.52CM (38),,DA3341-96.52CM(38),1,0,0,0
REBEL MASS EXPORT PVT LTD,CWC25-0005 MEHROON,DA3350-101.6CM(40),101.6CM (40),,DA3350-101.6CM(40),1,0,0,0
REBEL MASS EXPORT PVT LTD,CWC25-0005 MEHROON,DA3351-106.68CM(42),106.68CM (42),,DA3351-106.68CM(42),1,0,0,0
REBEL MASS EXPORT PVT LTD,CWC25-0006 GOLD,DA3361-96.52CM(38),96.52CM (38),,DA3361-96.52CM(38),1,0,0,0
REBEL MASS EXPORT PVT LTD,CWC25-0006 OFF WHITE,DA3355-106.68CM(42),106.68CM (42),,DA3355-106.68CM(42),1,0,0,0
REBEL MASS EXPORT PVT LTD,CWC25-0006 OFF WHITE,DA3356-111.76CM(44),111.76CM (44),,DA3356-111.76CM(44),1,0,0,0
REBEL MASS EXPORT PVT LTD,CWC25-0006 PEACH,DA3368-111.76CM(44),111.76CM (44),,DA3368-111.76CM(44),1,0,0,0
REBEL MASS EXPORT PVT LTD,CWC25-32-0004 BEIGE,DA1575-101.6CM(40),101.6CM (40),,DA1575-101.6CM(40),1,0,0,0
REBEL MASS EXPORT PVT LTD,CWC25-32-0012 GOLDEN,DA1609-111.76CM(44),111.76CM (44),,DA1609-111.76CM(44),1,0,0,0
REBEL MASS EXPORT PVT LTD,CWC25-32-0012 GOLDEN,DA1606-96.52CM(38),96.52CM (38),,DA1606-96.52CM(38),1,0,0,0
REBEL MASS EXPORT PVT LTD,CWC25-32-0013 BLACK,DA1613-111.76CM(44),111.76CM (44),,DA1613-111.76CM(44),1,0,0,0
REBEL MASS EXPORT PVT LTD,CWL25-15-0001-0007141 MAHANDI,0007141-M,M,,0007141-M,1,0,0,0
REBEL MASS EXPORT PVT LTD,CWL25-15-0001-0007153 MAHROON,0007153-M,M,,0007153-M,1,0,0,0
REBEL MASS EXPORT PVT LTD,CWL25-15-0001-0007155 MAHROON,0007155-XL,XL,,0007155-XL,1,0,0,0
REBEL MASS EXPORT PVT LTD,DCR25-0012 BLUE,DA3157-71.12CM(28),71.12CM (28),,DA3157-71.12CM(28),1,0,0,0
REBEL MASS EXPORT PVT LTD,DCR25-0012 BLUE,DA3160-86.36CM(34),86.36CM (34),,DA3160-86.36CM(34),1,0,0,0
REBEL MASS EXPORT PVT LTD,DCR25-0012 BLUE,DA3162-96.52CM(38),96.52CM (38),,DA3162-96.52CM(38),1,0,0,0
REBEL MASS EXPORT PVT LTD,DCR25-34-0001-0007532 BLUE,0007532-71.12CM(28),71.12CM (28),,0007532-71.12CM(28),1,0,0,0
REBEL MASS EXPORT PVT LTD,DNM25-34-0004-0007757 GREY,0007757-91.44CM(36),91.44CM (36),,0007757-91.44CM(36),1,0,0,0
REBEL MASS EXPORT PVT LTD,DNM25-34-0007-0007779 BLACK,0007779-81.28CM(32),81.28CM (32),,0007779-81.28CM(32),1,0,0,0
REBEL MASS EXPORT PVT LTD,DNM25-34-0007-0007795 L.BLUE,0007795-71.12CM(28),71.12CM (28),,0007795-71.12CM(28),1,0,0,0
REBEL MASS EXPORT PVT LTD,DNM25-34-0009-0007817 OLIVE,0007817-91.44CM(36),91.44CM (36),,0007817-91.44CM(36),1,0,0,0
REBEL MASS EXPORT PVT LTD,FSH25-0041 BLACK,DA1802-M,M,,DA1802-M,1,0,0,0
REBEL MASS EXPORT PVT LTD,FSH25-0041 WHITE,DA1810-M,M,,DA1810-M,1,0,0,0
REBEL MASS EXPORT PVT LTD,FSH25-0048 WHITE,DA2063-L,L,,DA2063-L,1,0,0,0
REBEL MASS EXPORT PVT LTD,FSH25-0059 CREAM,DA2239-XXL,XXL,,DA2239-XXL,1,0,0,0
REBEL MASS EXPORT PVT LTD,FSH25-39-0007-0007896 MAHROON,0007896-XXL,XXL,,0007896-XXL,1,0,0,0
REBEL MASS EXPORT PVT LTD,FTR25-0002-0006749 BEIGE,0006749-96.52CM(38),96.52CM (38),,0006749-96.52CM(38),1,0,0,0
REBEL MASS EXPORT PVT LTD,FTR25-0003-0006753 CHARCOAL,0006753-91.44CM(36),91.44CM(36),,0006753-91.44CM(36),1,0,0,0
REBEL MASS EXPORT PVT LTD,FTR25-0005-0006766 GREY,0006766-101.6CM(40),101.6CM (40),,0006766-101.6CM(40),1,0,0,0
REBEL MASS EXPORT PVT LTD,FTR25-0008-0007033 CREAM,0007033-76.20CM(30),76.20CM (30),,0007033-76.20CM(30),1,0,0,0
REBEL MASS EXPORT PVT LTD,FTR25-0008-0007036 CREAM,0007036-91.44CM(36),91.44CM (36),,0007036-91.44CM(36),1,0,0,0
REBEL MASS EXPORT PVT LTD,FTR25-0008-0007038 GREY,0007038-76.20CM(30),76.20CM (30),,0007038-76.20CM(30),1,0,0,0
REBEL MASS EXPORT PVT LTD,FTR25-0008-0007043 GREY,0007043-101.6CM(40),101.6CM (40),,0007043-101.6CM(40),1,0,0,0
REBEL MASS EXPORT PVT LTD,FTR25-0033-0008075 KHAKI,0008075-101.6CM(40),101.6CM (40),,0008075-101.6CM(40),1,0,0,0
REBEL MASS EXPORT PVT LTD,FTR25-0044 BEIGE,DA0165-76.20CM(30),76.20CM (30),,DA0165-76.20CM(30),1,0,0,0
REBEL MASS EXPORT PVT LTD,FTR25-0044 CREAM,DA0180-76.20CM(30),76.20CM (30),,DA0180-76.20CM(30),1,0,0,0
REBEL MASS EXPORT PVT LTD,FTR25-0044 KHAKI,DA0170-76.20CM(30),76.20CM (30),,DA0170-76.20CM(30),1,0,0,0
REBEL MASS EXPORT PVT LTD,FTR25-0044 KHAKI,DA0174-96.52CM(38),96.52CM (38),,DA0174-96.52CM(38),1,0,0,0
REBEL MASS EXPORT PVT LTD,FTR25-0044 OLIVE,DA0175-76.20CM(30),76.20CM (30),,DA0175-76.20CM(30),1,0,0,0
REBEL MASS EXPORT PVT LTD,FTR25-0045 BEIGE,DA0185-76.20CM(30),76.20CM (30),,DA0185-76.20CM(30),1,0,0,0
REBEL MASS EXPORT PVT LTD,FTR25-0045 BEIGE,DA0189-96.52CM(38),96.52CM (38),,DA0189-96.52CM(38),1,0,0,0
REBEL MASS EXPORT PVT LTD,FTR25-0045 BLUE,DA1950-71.12(28),71.12 (28),,DA1950-71.12(28),1,0,0,0
REBEL MASS EXPORT PVT LTD,FTR25-0048 BLACK,DA1038-96.52CM(38),96.52CM (38),,DA1038-96.52CM(38),1,0,0,0
REBEL MASS EXPORT PVT LTD,FTR25-0049 BLACK,DA1045-101.6CM(40),101.6CM (40),,DA1045-101.6CM(40),1,0,0,0
REBEL MASS EXPORT PVT LTD,FTR25-0049 BLACK,DA1042-86.36CM(34),86.36CM (34),,DA1042-86.36CM(34),1,0,0,0
REBEL MASS EXPORT PVT LTD,FTR25-0051 LT. GREY,DA1057-101.6CM(40),101.6CM (40),,DA1057-101.6CM(40),1,0,0,0
REBEL MASS EXPORT PVT LTD,FTR25-0053 BLACK,DA1064-76.20CM(30),76.20CM (30),,DA1064-76.20CM(30),1,0,0,0
REBEL MASS EXPORT PVT LTD,FTR25-0054 DK. GREY,DA1075-101.6CM(40),101.6CM (40),,DA1075-101.6CM(40),1,0,0,0
REBEL MASS EXPORT PVT LTD,FTR25-0054 DK. GREY,DA1073-91.44CM(36),91.44CM (36),,DA1073-91.44CM(36),1,0,0,0
REBEL MASS EXPORT PVT LTD,FTR25-0055 BLACK,DA1079-91.44CM(36),91.44CM (36),,DA1079-91.44CM(36),1,0,0,0
REBEL MASS EXPORT PVT LTD,FTR25-0056 LT. GREY,DA1085-91.44CM(36),91.44CM (36),,DA1085-91.44CM(36),1,0,0,0
REBEL MASS EXPORT PVT LTD,FTR25-0056 LT. GREY,DA1086-96.52CM(38),96.52CM (38),,DA1086-96.52CM(38),1,0,0,0
REBEL MASS EXPORT PVT LTD,FTR25-0058 GREY,DA1097-91.44CM(36),91.44CM (36),,DA1097-91.44CM(36),1,0,0,0
REBEL MASS EXPORT PVT LTD,FTR25-0058 GREY,DA1098-96.52CM(38),96.52CM (38),,DA1098-96.52CM(38),1,0,0,0
REBEL MASS EXPORT PVT LTD,FTR25-0059 BLACK,DA1100-76.20CM(30),76.20CM (30),,DA1100-76.20CM(30),1,0,0,0
REBEL MASS EXPORT PVT LTD,FTR25-0060 OFF WHITE,DA1111-101.6CM(40),101.6CM (40),,DA1111-101.6CM(40),1,0,0,0
REBEL MASS EXPORT PVT LTD,FTR25-0061 GREY,DA1112-76.20CM(30),76.20CM (30),,DA1112-76.20CM(30),1,0,0,0
REBEL MASS EXPORT PVT LTD,FTR25-0061 GREY,DA1114-86.36CM(34),86.36CM (34),,DA1114-86.36CM(34),1,0,0,0
REBEL MASS EXPORT PVT LTD,FTR25-0063 BEIGE,DA1129-101.6CM(40),101.6CM (40),,DA1129-101.6CM(40),1,0,0,0
REBEL MASS EXPORT PVT LTD,FTR25-0064 GREY,DA1134-96.52CM(38),96.52CM (38),,DA1134-96.52CM(38),1,0,0,0
REBEL MASS EXPORT PVT LTD,FTR25-0067 DK. GREY,DA1152-96.52CM(38),96.52CM (38),,DA1152-96.52CM(38),1,0,0,0
REBEL MASS EXPORT PVT LTD,FTR25-0068 GREY,DA1155-81.28CM(32),81.28CM (32),,DA1155-81.28CM(32),1,0,0,0
REBEL MASS EXPORT PVT LTD,FTR25-0068 GREY,DA1157-91.44CM(36),91.44CM (36),,DA1157-91.44CM(36),1,0,0,0
REBEL MASS EXPORT PVT LTD,FTR25-0074 LT.GREY,DA2184-96.52CM(38),96.52CM (38),,DA2184-96.52CM(38),1,0,0,0
REBEL MASS EXPORT PVT LTD,FTR25-18-0009-0007243 KHAKI,0007243-86.36CM(34),86.36CM (34),,0007243-86.36CM(34),1,0,0,0
REBEL MASS EXPORT PVT LTD,FTR25-18-0009-0007244 KHAKI,0007244-91.44CM(36),91.44CM (36),,0007244-91.44CM(36),1,0,0,0
REBEL MASS EXPORT PVT LTD,FTR25-18-0011-0007253 GREY,0007253-76.20CM(30),76.20CM (30),,0007253-76.20CM(30),1,0,0,0
REBEL MASS EXPORT PVT LTD,FTR25-18-0011-0007255 GREY,0007255-86.36CM(34),86.36CM (34),,0007255-86.36CM(34),1,0,0,0
REBEL MASS EXPORT PVT LTD,FTR25-18-0011-0007256 GREY,0007256-91.44CM(36),91.44CM (36),,0007256-91.44CM(36),1,0,0,0
REBEL MASS EXPORT PVT LTD,FTR25-18-0011-0007257 GREY,0007257-96.52CM(38),96.52CM (38),,0007257-96.52CM(38),1,0,0,0
REBEL MASS EXPORT PVT LTD,FTR25-18-0013-0007285 OLIVE,0007285-86.36CM(34),86.36CM (34),,0007285-86.36CM(34),1,0,0,0
REBEL MASS EXPORT PVT LTD,FTR25-18-0013-0007286 OLIVE,0007286-91.44CM(36),91.44CM (36),,0007286-91.44CM(36),1,0,0,0
REBEL MASS EXPORT PVT LTD,FTR25-18-0014-0007297 GREY,0007297-86.36CM(34),86.36CM (34),,0007297-86.36CM(34),1,0,0,0
REBEL MASS EXPORT PVT LTD,FTR25-18-0023-0007353 BLACK,0007353-96.52CM(38),96.52CM (38),,0007353-96.52CM(38),1,0,0,0
REBEL MASS EXPORT PVT LTD,FTR25-18-0024-0007364 GREY,0007364-91.44CM(36),91.44CM (36),,0007364-91.44CM(36),1,0,0,0
REBEL MASS EXPORT PVT LTD,FTR25-18-0025-0007393 BLACK,0007393-86.36CM(34),86.36CM (34),,0007393-86.36CM(34),1,0,0,0
REBEL MASS EXPORT PVT LTD,FTR25-18-0025-0007394 BLACK,0007394-91.44CM(36),91.44CM (36),,0007394-91.44CM(36),1,0,0,0
REBEL MASS EXPORT PVT LTD,FTR25-18-0026-0007399 BLUE,0007399-86.36CM(34),86.36CM (34),,0007399-86.36CM(34),1,0,0,0
REBEL MASS EXPORT PVT LTD,FTR25-18-0026-0007401 BLUE,0007401-96.52CM(38),96.52CM (38),,0007401-96.52CM(38),1,0,0,0
REBEL MASS EXPORT PVT LTD,FTR25-18-0026-0007402 BLUE,0007402-101.6CM(40),101.6CM (40),,0007402-101.6CM(40),1,0,0,0
REBEL MASS EXPORT PVT LTD,FTR25-18-0026-0007408 D.GREY,0007408-101.6CM(40),101.6CM (40),,0007408-101.6CM(40),1,0,0,0
REBEL MASS EXPORT PVT LTD,FTR25-18-0026-0007415 BLACK,0007415-76.20CM(30),76.20CM (30),,0007415-76.20CM(30),1,0,0,0
REBEL MASS EXPORT PVT LTD,FTR25-18-0026-0007418 BLACK,0007418-91.44CM(36),91.44CM (36),,0007418-91.44CM(36),1,0,0,0
REBEL MASS EXPORT PVT LTD,FTR25-18-0026-0007419 BLACK,0007419-96.52CM(38),96.52CM (38),,0007419-96.52CM(38),1,0,0,0
REBEL MASS EXPORT PVT LTD,FTR25-18-0027-0007430 GREY,0007430-91.44CM(36),91.44CM (36),,0007430-91.44CM(36),1,0,0,0
REBEL MASS EXPORT PVT LTD,FTR25-18-0029-0007705 GREY,0007705-86.36CM(34),86.36CM (34),,0007705-86.36CM(34),1,0,0,0
REBEL MASS EXPORT PVT LTD,FTR25-18-0029-0007707 GREY,0007707-96.52CM(38),96.52CM (38),,0007707-96.52CM(38),1,0,0,0
REBEL MASS EXPORT PVT LTD,FTR25-18-0034-0007855 BLACK,0007855-76.20CM(30),76.20CM (30),,0007855-76.20CM(30),1,0,0,0
REBEL MASS EXPORT PVT LTD,FTR25-18-0035-0007864 BLACK,0007864-91.44CM(36),91.44CM(36),,0007864-91.44CM(36),1,0,0,0
REBEL MASS EXPORT PVT LTD,FTR25-18-0035-0007867 BLACK,0007867-106.68CM(42),106.68CM (42),,0007867-106.68CM(42),1,0,0,0
REBEL MASS EXPORT PVT LTD,FTR25-18-0036-0007871 BLACK,0007871-91.44CM(36),91.44CM(36),,0007871-91.44CM(36),1,0,0,0
REBEL MASS EXPORT PVT LTD,FTR25-18-0037-0007873 BLUE,0007873-76.20CM(30),76.20CM (30),,0007873-76.20CM(30),1,0,0,0
REBEL MASS EXPORT PVT LTD,FTR25-18-0037-0008095 D.BLUE,0008095-86.36CM(34),86.36CM (34),,0008095-86.36CM(34),1,0,0,0
REBEL MASS EXPORT PVT LTD,FTR25-18-0037-0008096 D.BLUE,0008096-91.44CM(36),91.44CM(36),,0008096-91.44CM(36),1,0,0,0
REBEL MASS EXPORT PVT LTD,FTR25-18-0039-0007886 SKY BLUE,0007886-91.44CM(36),91.44CM(36),,0007886-91.44CM(36),1,0,0,0
REBEL MASS EXPORT PVT LTD,FTR25-18-0041-0008102 ANTRA,0008102-91.44CM(36),91.44CM(36),,0008102-91.44CM(36),1,0,0,0
REBEL MASS EXPORT PVT LTD,FTR25-18-0041-0008103 ANTRA,0008103-96.52CM(38),96.52CM (38),,0008103-96.52CM(38),1,0,0,0
REBEL MASS EXPORT PVT LTD,FTR25-18-0041-0008104 ANTRA,0008104-101.6CM(40),101.6CM (40),,0008104-101.6CM(40),1,0,0,0
REBEL MASS EXPORT PVT LTD,FTR25-18-0042-0008108 L.GREY,0008108-91.44CM(36),91.44CM (36),,0008108-91.44CM(36),1,0,0,0
REBEL MASS EXPORT PVT LTD,FTR25-18-0042-0008109 L.GREY,0008109-96.52CM(38),96.52CM (38),,0008109-96.52CM(38),1,0,0,0
REBEL MASS EXPORT PVT LTD,FTR25-18-0043-0008267 TEAL,0008267-76.20CM(30),76.20CM (30),,0008267-76.20CM(30),1,0,0,0
REBEL MASS EXPORT PVT LTD,FTR25-18-0043-0008270 TEAL,0008270-91.44CM(36),91.44CM(36),,0008270-91.44CM(36),1,0,0,0
REBEL MASS EXPORT PVT LTD,FTR25-18-0043-0008271 TEAL,0008271-96.52CM(38),96.52CM (38),,0008271-96.52CM(38),1,0,0,0
REBEL MASS EXPORT PVT LTD,FTR25-18-0043-0008280 SKY BLUE,0008280-91.44CM(36),91.44CM (36),,0008280-91.44CM(36),1,0,0,0
REBEL MASS EXPORT PVT LTD,FTR25-18-0044 GREY/BLUE,DA1457-101.6CM(40),101.6CM (40),,DA1457-101.6CM(40),1,0,0,0
REBEL MASS EXPORT PVT LTD,FTR25-18-0046 BLACK,DA1464-76.20CM(30),76.20CM (30),,DA1464-76.20CM(30),1,0,0,0
REBEL MASS EXPORT PVT LTD,FTR25-18-0048 ANTHRA,DA1479-91.44CM(36),91.44CM (36),,DA1479-91.44CM(36),1,0,0,0
REBEL MASS EXPORT PVT LTD,FTR25-18-0054 CHARCOAL,DA1516-96.52CM(38),96.52CM (38),,DA1516-96.52CM(38),1,0,0,0
REBEL MASS EXPORT PVT LTD,FTR25-18-0059 G.BLUE,DA1547-101.6CM(40),101.6CM (40),,DA1547-101.6CM(40),1,0,0,0
REBEL MASS EXPORT PVT LTD,FTR25-18-0060 G.BLUE,DA1552-96.52CM(38),96.52CM (38),,DA1552-96.52CM(38),1,0,0,0
REBEL MASS EXPORT PVT LTD,FTR25-18-0061 BLUE,DA1556-86.36CM(34),86.36CM (34),,DA1556-86.36CM(34),1,0,0,0
REBEL MASS EXPORT PVT LTD,FTR25-36-0044 GREY,DA1966-76.20CM(30),76.20CM (30),,DA1966-76.20CM(30),1,0,0,0
REBEL MASS EXPORT PVT LTD,FTR25-36-0044 GREY,DA1969-91.44CM(36),91.44CM (36),,DA1969-91.44CM(36),1,0,0,0
REBEL MASS EXPORT PVT LTD,FTR25-36-0044 L.GREY,DA1964-91.44CM(36),91.44CM (36),,DA1964-91.44CM(36),1,0,0,0
REBEL MASS EXPORT PVT LTD,FTR25-36-0044 T.BLUE,DA1959-91.44CM(36),91.44CM (36),,DA1959-91.44CM(36),1,0,0,0
REBEL MASS EXPORT PVT LTD,FTR25-36-0044 T.BLUE,DA1960-96.52CM(38),96.52CM (38),,DA1960-96.52CM(38),1,0,0,0
REBEL MASS EXPORT PVT LTD,MBDNM0007-0000510 GREY,0000510-38,38,,0000510-38,1,0,0,0
REBEL MASS EXPORT PVT LTD,MBDNM0009-0000523 BLACK,0000523-28,28,,0000523-28,1,0,0,0
REBEL MASS EXPORT PVT LTD,MBDNM0009-0000524 BLACK,0000524-36,36,,0000524-36,1,0,0,0
REBEL MASS EXPORT PVT LTD,MBDNM0012-0000847 MERCRIZE BLUE,0000847-38,38,,0000847-38,1,0,0,0
REBEL MASS EXPORT PVT LTD,MBDNM0015-0000862 DIRTY GREEN,0000862-34,34,,0000862-34,1,0,0,0
REBEL MASS EXPORT PVT LTD,MBDNM0018-0000883 MID  BLUE,0000883-34,34,,0000883-34,1,0,0,0
REBEL MASS EXPORT PVT LTD,MBDNM0019-0000885 ICE BLUE,0000885-38,38,,0000885-38,1,0,0,0
REBEL MASS EXPORT PVT LTD,MBDNM0022-0001685 BLACK,0001685-32,32,,0001685-32,1,0,0,0
REBEL MASS EXPORT PVT LTD,MBDNM0022-0001687 BLACK,0001687-36,36,,0001687-36,1,0,0,0
REBEL MASS EXPORT PVT LTD,MBDNM0025-0001751 DARK GREY,0001751-91.44CM(36INCH),91.44 CM (36 INCH),,0001751-91.44CM(36INCH),1,0,0,0
REBEL MASS EXPORT PVT LTD,MBDNM0027-0001759 LIGHT BLUE,0001759-71.12CM(28),71.12CM (28),,0001759-71.12CM(28),1,0,0,0
REBEL MASS EXPORT PVT LTD,MCBLZ0001-0000661 BLACK,0000661-42,42,,0000661-42,1,0,0,0
REBEL MASS EXPORT PVT LTD,MCBLZ0002-0000664 L.SKY,0000664-38,38,,0000664-38,1,0,0,0
REBEL MASS EXPORT PVT LTD,MCBLZ0002-0000667 L.SKY,0000667-44,44,,0000667-44,1,0,0,0
REBEL MASS EXPORT PVT LTD,MCBLZ0003-0000668 DARK BLUE,0000668-42,42,,0000668-42,1,0,0,0
REBEL MASS EXPORT PVT LTD,MCBLZ0003-0000670 DARK BLUE,0000670-44,44,,0000670-44,1,0,0,0
REBEL MASS EXPORT PVT LTD,MCBLZ0004-0000675 GREEN,0000675-44,44,,0000675-44,1,0,0,0
REBEL MASS EXPORT PVT LTD,MCBLZ0005-0000676 L.BLUE,0000676-38,38,,0000676-38,1,0,0,0
REBEL MASS EXPORT PVT LTD,MCBLZ0006-0000682 RED,0000682-44,44,,0000682-44,1,0,0,0
REBEL MASS EXPORT PVT LTD,MCBLZ0007-0000686 BROWN,0000686-42,42,,0000686-42,1,0,0,0
REBEL MASS EXPORT PVT LTD,MCBLZ0008-0000689 SKY,0000689-38,38,,0000689-38,1,0,0,0
REBEL MASS EXPORT PVT LTD,MCBLZ0008-0000690 SKY,0000690-44,44,,0000690-44,1,0,0,0
REBEL MASS EXPORT PVT LTD,MCBLZ0013-0000711 SILVER,0000711-38,38,,0000711-38,1,0,0,0
REBEL MASS EXPORT PVT LTD,MCBLZ0015-0000719 GREY,0000719-38,38,,0000719-38,1,0,0,0
REBEL MASS EXPORT PVT LTD,MCBLZ0019-0000732 BLUE,0000732-44,44,,0000732-44,1,0,0,0
REBEL MASS EXPORT PVT LTD,MCBLZ0020-0000739 CHARCOAL,0000739-44,44,,0000739-44,1,0,0,0
REBEL MASS EXPORT PVT LTD,MCBLZ0021-0000743 TAN,0000743-38,38,,0000743-38,1,0,0,0
REBEL MASS EXPORT PVT LTD,MCBLZ0024-0000752 L.GREEN,0000752-38,38,,0000752-38,1,0,0,0
REBEL MASS EXPORT PVT LTD,MCBLZ0028-0000768 LAVENDER,0000768-38,38,,0000768-38,1,0,0,0
REBEL MASS EXPORT PVT LTD,MCBLZ0031-0000780 GREY,0000780-44,44,,0000780-44,1,0,0,0
REBEL MASS EXPORT PVT LTD,MCBLZ0033-0000791 L.BLUE,0000791-38,38,,0000791-38,1,0,0,0
REBEL MASS EXPORT PVT LTD,MCBLZ0034-0001138 BROWN,0001138-38,38,,0001138-38,1,0,0,0
REBEL MASS EXPORT PVT LTD,MCBLZ0035-0001145 GREY,0001145-44,44,,0001145-44,1,0,0,0
REBEL MASS EXPORT PVT LTD,MCBLZ0037-0001153 WHITE,0001153-44,44,,0001153-44,1,0,0,0
REBEL MASS EXPORT PVT LTD,MCBLZ0042-0001170 BEIJE,0001170-38,38,,0001170-38,1,0,0,0
REBEL MASS EXPORT PVT LTD,MCBLZ0042-0001171 BEIJE,0001171-40,40,,0001171-40,1,0,0,0
REBEL MASS EXPORT PVT LTD,MCBLZ0043-0001174 DARK GREY,0001174-38,38,,0001174-38,1,0,0,0
REBEL MASS EXPORT PVT LTD,MCBLZ0044-0001178 SKY BLUE,0001178-38,38,,0001178-38,1,0,0,0
REBEL MASS EXPORT PVT LTD,MCBLZ0045-0001182 GREY,0001182-38,38,,0001182-38,1,0,0,0
REBEL MASS EXPORT PVT LTD,MCBLZ0049-0001336 MAHROON,0001336-M,M,,0001336-M,1,0,0,0
REBEL MASS EXPORT PVT LTD,MCBLZ0049-0001398 MAHROON,0001398-S,S,,0001398-S,1,0,0,0
REBEL MASS EXPORT PVT LTD,MCBLZ0050-0001340 DARK BROWN,0001340-M,M,,0001340-M,1,0,0,0
REBEL MASS EXPORT PVT LTD,MCBLZ0050-0001341 DARK BROWN,0001341-L,L,,0001341-L,1,0,0,0
REBEL MASS EXPORT PVT LTD,MCBLZ0050-0001342 DARK BROWN,0001342-XL,XL,,0001342-XL,1,0,0,0
REBEL MASS EXPORT PVT LTD,MCBLZ0050-0001399 DARK BROWN,0001399-S,S,,0001399-S,1,0,0,0
REBEL MASS EXPORT PVT LTD,MCBLZ0051-0001346 GREY,0001346-XL,XL,,0001346-XL,1,0,0,0
REBEL MASS EXPORT PVT LTD,MCBLZ0051-0001347 GREY,0001347-XXL,XXL,,0001347-XXL,1,0,0,0
REBEL MASS EXPORT PVT LTD,MCBLZ0052-0001349 NAVY,0001349-L,L,,0001349-L,1,0,0,0
REBEL MASS EXPORT PVT LTD,MCBLZ0053-0001353 LIGHT GREY,0001353-L,L,,0001353-L,1,0,0,0
REBEL MASS EXPORT PVT LTD,MCBLZ0055-0001363 DARK GREY,0001363-XXL,XXL,,0001363-XXL,1,0,0,0
REBEL MASS EXPORT PVT LTD,MCBLZ0060-0001381 GREY,0001381-L,L,,0001381-L,1,0,0,0
REBEL MASS EXPORT PVT LTD,MCBLZ0061-0001387 KHAKI,0001387-XXL,XXL,,0001387-XXL,1,0,0,0
REBEL MASS EXPORT PVT LTD,MCBLZ0062-0001388 PISTA GREEN,0001388-M,M,,0001388-M,1,0,0,0
REBEL MASS EXPORT PVT LTD,MCBLZ0062-0001390 PISTA GREEN,0001390-XL,XL,,0001390-XL,1,0,0,0
REBEL MASS EXPORT PVT LTD,MCC2ST002-0001514 DARK GREY,0001514-42,42,,0001514-42,1,0,0,0
REBEL MASS EXPORT PVT LTD,MCC2ST004-0001520 D.GREY,0001520-38,38,,0001520-38,1,0,0,0
REBEL MASS EXPORT PVT LTD,MCC2ST004-0001522 D.GREY,0001522-42,42,,0001522-42,1,0,0,0
REBEL MASS EXPORT PVT LTD,MCC2ST004-0001523 D.GREY,0001523-44,44,,0001523-44,1,0,0,0
REBEL MASS EXPORT PVT LTD,MCC2ST005-0001525 GREY,0001525-40,40,,0001525-40,1,0,0,0
REBEL MASS EXPORT PVT LTD,MCC2ST006-0001531 GREY,0001531-44,44,,0001531-44,1,0,0,0
REBEL MASS EXPORT PVT LTD,MCC2ST008-0001539 BOTLE GREEN,0001539-44,44,,0001539-44,1,0,0,0
REBEL MASS EXPORT PVT LTD,MCC2ST009-0001543 NAVY,0001543-44,44,,0001543-44,1,0,0,0
REBEL MASS EXPORT PVT LTD,MCC2ST011-0001549 GREY,0001549-40,40,,0001549-40,1,0,0,0
REBEL MASS EXPORT PVT LTD,MCC2ST011-0001551 GREY,0001551-44,44,,0001551-44,1,0,0,0
REBEL MASS EXPORT PVT LTD,MCC2ST012-0001553 D.GREY,0001553-40,40,,0001553-40,1,0,0,0
REBEL MASS EXPORT PVT LTD,MCC2ST013-0001559 BLACK,0001559-44,44,,0001559-44,1,0,0,0
REBEL MASS EXPORT PVT LTD,MCC2ST014-0001561 BLACK,0001561-40,40,,0001561-40,1,0,0,0
REBEL MASS EXPORT PVT LTD,MCC2ST015-0001565 GREY,0001565-40,40,,0001565-40,1,0,0,0
REBEL MASS EXPORT PVT LTD,MCC2ST016-0001568 BLACK,0001568-38,38,,0001568-38,1,0,0,0
REBEL MASS EXPORT PVT LTD,MCC2ST016-0001570 BLACK,0001570-42,42,,0001570-42,1,0,0,0
REBEL MASS EXPORT PVT LTD,MCC2ST016-0001571 BLACK,0001571-44,44,,0001571-44,1,0,0,0
REBEL MASS EXPORT PVT LTD,MCC2ST018-0001579 D.GREY,0001579-44,44,,0001579-44,1,0,0,0
REBEL MASS EXPORT PVT LTD,MCC2ST019-0001581 BLACK,0001581-40,40,,0001581-40,1,0,0,0
REBEL MASS EXPORT PVT LTD,MCC2ST020-0001585 GREY,0001585-40,40,,0001585-40,1,0,0,0
REBEL MASS EXPORT PVT LTD,MCC2ST026-0001608 BLACK,0001608-38,38,,0001608-38,1,0,0,0
REBEL MASS EXPORT PVT LTD,MCKRT0001-0001907 WINE,0001907-XXL,XXL,,0001907-XXL,1,0,0,0
REBEL MASS EXPORT PVT LTD,MCSHT0002-0000384 PINK,0000384-L,L,,0000384-L,1,0,0,0
REBEL MASS EXPORT PVT LTD,MCSHT0002-0000387 PINK,0000387-XXL,XXL,,0000387-XXL,1,0,0,0
REBEL MASS EXPORT PVT LTD,MCSHT0003-0000388 NAVY,0000388-L,L,,0000388-L,1,0,0,0
REBEL MASS EXPORT PVT LTD,MCSHT0003-0000390 NAVY,0000390-M,M,,0000390-M,1,0,0,0
REBEL MASS EXPORT PVT LTD,MCSHT0004-0000393 NAVY,0000393-M,M,,0000393-M,1,0,0,0
REBEL MASS EXPORT PVT LTD,MCSHT0005-0000399 ROYAL BLUE,0000399-M,M,,0000399-M,1,0,0,0
REBEL MASS EXPORT PVT LTD,MCSHT0006-0000401 GREEN,0000401-XXL,XXL,,0000401-XXL,1,0,0,0
REBEL MASS EXPORT PVT LTD,MCSHT0006-0000403 GREEN,0000403-M,M,,0000403-M,1,0,0,0
REBEL MASS EXPORT PVT LTD,MCSHT0007-0000406 SKY BLUE,0000406-L,L,,0000406-L,1,0,0,0
REBEL MASS EXPORT PVT LTD,MCSHT0009-0000412 TURQUISE,0000412-M,M,,0000412-M,1,0,0,0
REBEL MASS EXPORT PVT LTD,MCSHT0009-0000415 TURQUISE,0000415-XL,XL,,0000415-XL,1,0,0,0
REBEL MASS EXPORT PVT LTD,MCSHT0010-0000416 BEIGE,0000416-XXL,XXL,,0000416-XXL,1,0,0,0
REBEL MASS EXPORT PVT LTD,MCSHT0011-0000422 BEIGE,0000422-XXL,XXL,,0000422-XXL,1,0,0,0
REBEL MASS EXPORT PVT LTD,MCSHT0012-0001424 PINK,0001424-XL,XL,,0001424-XL,1,0,0,0
REBEL MASS EXPORT PVT LTD,MCTRZ0003-0000993 PISTA GREEN,0000993-30,30,,0000993-30,1,0,0,0
REBEL MASS EXPORT PVT LTD,MCTRZ0003-0000997 PISTA GREEN,0000997-38,38,,0000997-38,1,0,0,0
REBEL MASS EXPORT PVT LTD,MCTRZ0004-0001000 DARK GREY,0001000-34,34,,0001000-34,1,0,0,0
REBEL MASS EXPORT PVT LTD,MCWCT0001-0000795 DARK BLUE,0000795-42,42,,0000795-42,1,0,0,0
REBEL MASS EXPORT PVT LTD,MCWCT0001-0000796 DARK BLUE,0000796-38,38,,0000796-38,1,0,0,0
REBEL MASS EXPORT PVT LTD,MCWCT0003-0000802 RED,0000802-42,42,,0000802-42,1,0,0,0
REBEL MASS EXPORT PVT LTD,MCWCT0004-0000807 BROWN,0000807-44,44,,0000807-44,1,0,0,0
REBEL MASS EXPORT PVT LTD,MCWCT0005-0000809 SKY,0000809-44,44,,0000809-44,1,0,0,0
REBEL MASS EXPORT PVT LTD,MCWCT0006-0000816 TAN,0000816-38,38,,0000816-38,1,0,0,0
REBEL MASS EXPORT PVT LTD,MCWCT0009-0000826 TAN,0000826-40,40,,0000826-40,1,0,0,0
REBEL MASS EXPORT PVT LTD,MCWCT0011-0000834 SILVER,0000834-42,42,,0000834-42,1,0,0,0
REBEL MASS EXPORT PVT LTD,MFSHT0008-0000895 PINK,0000895-M,M,,0000895-M,1,0,0,0
REBEL MASS EXPORT PVT LTD,MFSHT0009-0000900 LAVENDER,0000900-L,L,,0000900-L,1,0,0,0
REBEL MASS EXPORT PVT LTD,MFSHT0009-0000901 LAVENDER,0000901-XL,XL,,0000901-XL,1,0,0,0
REBEL MASS EXPORT PVT LTD,MFSHT0010-0000906 VIOLET,0000906-XXL,XXL,,0000906-XXL,1,0,0,0
REBEL MASS EXPORT PVT LTD,MFSHT0013-0000915 YELLOW,0000915-M,M,,0000915-M,1,0,0,0
REBEL MASS EXPORT PVT LTD,MFSHT0014-0000920 L.BLUE,0000920-L,L,,0000920-L,1,0,0,0
REBEL MASS EXPORT PVT LTD,MFSHT0016-0000927 GREEN,0000927-M,M,,0000927-M,1,0,0,0
REBEL MASS EXPORT PVT LTD,MFSHT0016-0000928 GREEN,0000928-L,L,,0000928-L,1,0,0,0
REBEL MASS EXPORT PVT LTD,MFSHT0016-0000930 GREEN,0000930-XXL,XXL,,0000930-XXL,1,0,0,0
REBEL MASS EXPORT PVT LTD,MFSHT0018-0000935 SEA GREEN,0000935-M,M,,0000935-M,1,0,0,0
REBEL MASS EXPORT PVT LTD,MFSHT0019-0000942 WHITE,0000942-XXL,XXL,,0000942-XXL,1,0,0,0
REBEL MASS EXPORT PVT LTD,MFSHT0020-0000943 MID  BLUE,0000943-M,M,,0000943-M,1,0,0,0
REBEL MASS EXPORT PVT LTD,MFSHT0028-0000976 WHITE,0000976-L,L,,0000976-L,1,0,0,0
REBEL MASS EXPORT PVT LTD,MFSHT0028-0000977 WHITE,0000977-XL,XL,,0000977-XL,1,0,0,0
REBEL MASS EXPORT PVT LTD,MFSHT0031-0001195 WHITE,0001195-M,M,,0001195-M,1,0,0,0
REBEL MASS EXPORT PVT LTD,MFTRZ0002-0000430 NAVY,0000430-36,36,,0000430-36,1,0,0,0
REBEL MASS EXPORT PVT LTD,MFTRZ0002-0000431 NAVY,0000431-34,34,,0000431-34,1,0,0,0
REBEL MASS EXPORT PVT LTD,MFTRZ0003-0000436 DUSTY BLUE,0000436-36,36,,0000436-36,1,0,0,0
REBEL MASS EXPORT PVT LTD,MFTRZ0004-0000445 NAVY,0000445-38,38,,0000445-38,1,0,0,0
REBEL MASS EXPORT PVT LTD,MFTRZ0005-0000451 BLACK,0000451-30,30,,0000451-30,1,0,0,0
REBEL MASS EXPORT PVT LTD,MFTRZ0005-0000452 BLACK,0000452-32,32,,0000452-32,1,0,0,0
REBEL MASS EXPORT PVT LTD,MFTRZ0006-0000456 DARK NAVY,0000456-38,38,,0000456-38,1,0,0,0
REBEL MASS EXPORT PVT LTD,MFTRZ0007-0000465 NAVY,0000465-32,32,,0000465-32,1,0,0,0
REBEL MASS EXPORT PVT LTD,MFTRZ0008-0000469 CREAM,0000469-30,30,,0000469-30,1,0,0,0
REBEL MASS EXPORT PVT LTD,MFTRZ0008-0001421 CREAM,0001421-38,38,,0001421-38,1,0,0,0
REBEL MASS EXPORT PVT LTD,MFTRZ0009-0001004 BROWN,0001004-32,32,,0001004-32,1,0,0,0
REBEL MASS EXPORT PVT LTD,MFTRZ0009-0001006 BROWN,0001006-28,28,,0001006-28,1,0,0,0
REBEL MASS EXPORT PVT LTD,MFTRZ0009-0001010 BROWN,0001010-36,36,,0001010-36,1,0,0,0
REBEL MASS EXPORT PVT LTD,MFTRZ0009-0001011 BROWN,0001011-42,42,,0001011-42,1,0,0,0
REBEL MASS EXPORT PVT LTD,MFTRZ0010-0001013 BLACK,0001013-28,28,,0001013-28,1,0,0,0
REBEL MASS EXPORT PVT LTD,MFTRZ0010-0001016 BLACK,0001016-44,44,,0001016-44,1,0,0,0
REBEL MASS EXPORT PVT LTD,MFTRZ0011-0001026 GREY,0001026-36,36,,0001026-36,1,0,0,0
REBEL MASS EXPORT PVT LTD,MFTRZ0011-0001028 GREY,0001028-38,38,,0001028-38,1,0,0,0
REBEL MASS EXPORT PVT LTD,MFTRZ0013-0001040 BLACK,0001040-28,28,,0001040-28,1,0,0,0
REBEL MASS EXPORT PVT LTD,MFTRZ0013-0001041 BLACK,0001041-44,44,,0001041-44,1,0,0,0
REBEL MASS EXPORT PVT LTD,MFTRZ0014-0001050 BLACK,0001050-38,38,,0001050-38,1,0,0,0
REBEL MASS EXPORT PVT LTD,MFTRZ0014-0001052 BLACK,0001052-42,42,,0001052-42,1,0,0,0
REBEL MASS EXPORT PVT LTD,MFTRZ0015-0001059 BLUE,0001059-44,44,,0001059-44,1,0,0,0
REBEL MASS EXPORT PVT LTD,MFTRZ0016-0001068 BLUE,0001068-42,42,,0001068-42,1,0,0,0
REBEL MASS EXPORT PVT LTD,MFTRZ0016-0001070 BLUE,0001070-36,36,,0001070-36,1,0,0,0
REBEL MASS EXPORT PVT LTD,MFTRZ0017-0001078 BROWN,0001078-28,28,,0001078-28,1,0,0,0
REBEL MASS EXPORT PVT LTD,MFTRZ0019-0001093 BLUE,0001093-28,28,,0001093-28,1,0,0,0
REBEL MASS EXPORT PVT LTD,MFTRZ0019-0001100 BLUE,0001100-42,42,,0001100-42,1,0,0,0
REBEL MASS EXPORT PVT LTD,MFTRZ0021-0001111 KHAKI,0001111-28,28,,0001111-28,1,0,0,0
REBEL MASS EXPORT PVT LTD,MFTRZ0021-0001118 KHAKI,0001118-42,42,,0001118-42,1,0,0,0
REBEL MASS EXPORT PVT LTD,MFTRZ0022-0001125 BLACK,0001125-38,38,,0001125-38,1,0,0,0
REBEL MASS EXPORT PVT LTD,MFTRZ0022-0001127 BLACK,0001127-42,42,,0001127-42,1,0,0,0
REBEL MASS EXPORT PVT LTD,MFTRZ0023-0001129 GREY,0001129-28,28,,0001129-28,1,0,0,0
REBEL MASS EXPORT PVT LTD,MFTRZ0023-0001130 GREY,0001130-30,30,,0001130-30,1,0,0,0
REBEL MASS EXPORT PVT LTD,MFTRZ0023-0001134 GREY,0001134-38,38,,0001134-38,1,0,0,0
REBEL MASS EXPORT PVT LTD,MFTRZ0023-0001135 GREY,0001135-40,40,,0001135-40,1,0,0,0
REBEL MASS EXPORT PVT LTD,MFTRZ0024-0001313 MOUSE,0001313-34,34,,0001313-34,1,0,0,0
REBEL MASS EXPORT PVT LTD,MFTRZ0024-0001315 MOUSE,0001315-38,38,,0001315-38,1,0,0,0
REBEL MASS EXPORT PVT LTD,MFTRZ0025-0001323 DARK GREY,0001323-36,36,,0001323-36,1,0,0,0
REBEL MASS EXPORT PVT LTD,MFTRZ0025-0001324 DARK GREY,0001324-38,38,,0001324-38,1,0,0,0
REBEL MASS EXPORT PVT LTD,MFTRZ0025-0001325 DARK GREY,0001325-40,40,,0001325-40,1,0,0,0
REBEL MASS EXPORT PVT LTD,MFTRZ0027-0001955 BROWN,0001955-34,34,,0001955-34,1,0,0,0
REBEL MASS EXPORT PVT LTD,MJKTF0008-0001427 C.GREEN,0001427-L,L,,0001427-L,1,0,0,0
REBEL MASS EXPORT PVT LTD,MJKTF0008-0001428 C.GREEN,0001428-XL,XL,,0001428-XL,1,0,0,0
REBEL MASS EXPORT PVT LTD,MJKTF0008-0001429 C.GREEN,0001429-XXL,XXL,,0001429-XXL,1,0,0,0
REBEL MASS EXPORT PVT LTD,MJKTF0008-0001432 MUSTARD,0001432-XL,XL,,0001432-XL,1,0,0,0
REBEL MASS EXPORT PVT LTD,MJKTF0008-0001433 MUSTARD,0001433-XXL,XXL,,0001433-XXL,1,0,0,0
REBEL MASS EXPORT PVT LTD,MJKTF0009-0001438 NAVY,0001438-M,M,,0001438-M,1,0,0,0
REBEL MASS EXPORT PVT LTD,MJKTF0009-0001441 NAVY,0001441-XXL,XXL,,0001441-XXL,1,0,0,0
REBEL MASS EXPORT PVT LTD,MJKTF0009-0001442 WHITE,0001442-M,M,,0001442-M,1,0,0,0
REBEL MASS EXPORT PVT LTD,MPSHT0001-0001623 BLACK,0001623-XXL,XXL,,0001623-XXL,1,0,0,0
REBEL MASS EXPORT PVT LTD,MPSHT0001-0001635 COFFEE,0001635-XXL,XXL,,0001635-XXL,1,0,0,0
REBEL MASS EXPORT PVT LTD,MPSHT0002-0001624 MEHANDI GREEN,0001624-M,M,,0001624-M,1,0,0,0
REBEL MASS EXPORT PVT LTD,MPSHT0002-0001628 FAWN,0001628-M,M,,0001628-M,1,0,0,0
REBEL MASS EXPORT PVT LTD,MPSHT0002-0001630 FAWN,0001630-XL,XL,,0001630-XL,1,0,0,0
REBEL MASS EXPORT PVT LTD,MPSHT0003-0001637 INK BLUE,0001637-L,L,,0001637-L,1,0,0,0
REBEL MASS EXPORT PVT LTD,MPSHT0003-0001639 INK BLUE,0001639-XXL,XXL,,0001639-XXL,1,0,0,0
REBEL MASS EXPORT PVT LTD,MPSHT0004-0001647 SEA GREEN,0001647-XXL,XXL,,0001647-XXL,1,0,0,0
REBEL MASS EXPORT PVT LTD,MSWTF0001-0001475 BLUE,0001475-M,M,,0001475-M,1,0,0,0
REBEL MASS EXPORT PVT LTD,MSWTF0001-0001477 BLUE,0001477-XL,XL,,0001477-XL,1,0,0,0
REBEL MASS EXPORT PVT LTD,MSWTF0001-0001479 BLACK,0001479-M,M,,0001479-M,1,0,0,0
REBEL MASS EXPORT PVT LTD,MSWTF0001-0001480 BLACK,0001480-L,L,,0001480-L,1,0,0,0
REBEL MASS EXPORT PVT LTD,MSWTF0002-0001483 BLUE,0001483-M,M,,0001483-M,1,0,0,0
REBEL MASS EXPORT PVT LTD,MSWTF0003-0001987 CREAM,0001987-M,M,,0001987-M,1,0,0,0
REBEL MASS EXPORT PVT LTD,MSWTF0003-0001990 CREAM,0001990-XXL,XXL,,0001990-XXL,1,0,0,0
REBEL MASS EXPORT PVT LTD,MSWTS0001-0001468 OLIVE/LIGHT,0001468-L,L,,0001468-L,1,0,0,0
REBEL MASS EXPORT PVT LTD,MSWTS0001-0001471 BROWN/KHAKI,0001471-M,M,,0001471-M,1,0,0,0
REBEL MASS EXPORT PVT LTD,MTSFS0005-0000573 NAVY,0000573-XXL,XXL,,0000573-XXL,1,0,0,0
REBEL MASS EXPORT PVT LTD,MTSFS0006-0000577 TEAL,0000577-XXL,XXL,,0000577-XXL,1,0,0,0
REBEL MASS EXPORT PVT LTD,MTSHS0001-0000557 CAMEL,0000557-XXL,XXL,,0000557-XXL,1,0,0,0
REBEL MASS EXPORT PVT LTD,MTSHS0008-0000586 GREEN,0000586-XXL,XXL,,0000586-XXL,1,0,0,0
REBEL MASS EXPORT PVT LTD,MTSHS0011-0000596 L.GREEN,0000596-L,L,,0000596-L,1,0,0,0
REBEL MASS EXPORT PVT LTD,MTSHS0011-0000598 L.GREEN,0000598-M,M,,0000598-M,1,0,0,0
REBEL MASS EXPORT PVT LTD,MTSHS0013-0000604 BEIGE,0000604-M,M,,0000604-M,1,0,0,0
REBEL MASS EXPORT PVT LTD,MTSHS0013-0000606 BEIGE,0000606-L,L,,0000606-L,1,0,0,0
REBEL MASS EXPORT PVT LTD,MTSHS0013-0000607 BEIGE,0000607-XL,XL,,0000607-XL,1,0,0,0
REBEL MASS EXPORT PVT LTD,MTSHS0015-0000612 BLACK,0000612-XXL,XXL,,0000612-XXL,1,0,0,0
REBEL MASS EXPORT PVT LTD,MTSHS0016-0000616 NAVY,0000616-XL,XL,,0000616-XL,1,0,0,0
REBEL MASS EXPORT PVT LTD,MTSHS0018-0000625 WHITE,0000625-XL,XL,,0000625-XL,1,0,0,0
REBEL MASS EXPORT PVT LTD,MTSHS0022-0000640 WHITE,0000640-M,M,,0000640-M,1,0,0,0
REBEL MASS EXPORT PVT LTD,MTSHS0022-0000641 WHITE,0000641-XXL,XXL,,0000641-XXL,1,0,0,0
REBEL MASS EXPORT PVT LTD,MTSHS0026-0000656 M.GREY,0000656-XXL,XXL,,0000656-XXL,1,0,0,0
REBEL MASS EXPORT PVT LTD,MTSHS0026-0000658 M.GREY,0000658-XL,XL,,0000658-XL,1,0,0,0
REBEL MASS EXPORT PVT LTD,MWSST0001-0001724 BLACK,0001724-XXL,XXL,,0001724-XXL,1,0,0,0
REBEL MASS EXPORT PVT LTD,MWSST0002-0001728 NAVY,0001728-XXL,XXL,,0001728-XXL,1,0,0,0
REBEL MASS EXPORT PVT LTD,MWSST0004-0001736 PINK,0001736-XXL,XXL,,0001736-XXL,1,0,0,0
REBEL MASS EXPORT PVT LTD,MWSST0005-0001738 PISTA,0001738-L,L,,0001738-L,1,0,0,0
REBEL MASS EXPORT PVT LTD,MWSST0005-0001739 PISTA,0001739-XL,XL,,0001739-XL,1,0,0,0
REBEL MASS EXPORT PVT LTD,SHORT25-0001 PISTA,DA1302-XXL,XXL,,DA1302-XXL,1,0,0,0
REBEL MASS EXPORT PVT LTD,SS25-0001A WHITE,DA1229-L,L,,DA1229-L,1,0,0,0
REBEL MASS EXPORT PVT LTD,SS25-0001A WHITE,DA1231-XXL,XXL,,DA1231-XXL,1,0,0,0
REBEL MASS EXPORT PVT LTD,SS25-0002 RED,DA1238-XL,XL,,DA1238-XL,1,0,0,0
REBEL MASS EXPORT PVT LTD,SS25-0009 TEAL,DA1360-L,L,,DA1360-L,1,0,0,0
REBEL MASS EXPORT PVT LTD,SS25-0009 TEAL,DA1361-XL,XL,,DA1361-XL,1,0,0,0
REBEL MASS EXPORT PVT LTD,SS25-0010 BLACK,DA1363-M,M,,DA1363-M,1,0,0,0
REBEL MASS EXPORT PVT LTD,SS25-0012 KHAKI,DA1373-XL,XL,,DA1373-XL,1,0,0,0
REBEL MASS EXPORT PVT LTD,SS25-0013 OLIVE,DA1378-XXL,XXL,,DA1378-XXL,1,0,0,0
REBEL MASS EXPORT PVT LTD,TS25-0001 BLK/WHT,DA0830-M,M,,DA0830-M,1,0,0,0
REBEL MASS EXPORT PVT LTD,TS25-0003A WHITE,DA0839-L,L,,DA0839-L,1,0,0,0
REBEL MASS EXPORT PVT LTD,TS25-0003A WHITE,DA0841-XXL,XXL,,DA0841-XXL,1,0,0,0
REBEL MASS EXPORT PVT LTD,TS25-0003B WHITE,DA0842-M,M,,DA0842-M,1,0,0,0
REBEL MASS EXPORT PVT LTD,TS25-0003B WHITE,DA0844-XL,XL,,DA0844-XL,1,0,0,0
REBEL MASS EXPORT PVT LTD,TS25-0003B WHITE,DA0845-XXL,XXL,,DA0845-XXL,1,0,0,0
REBEL MASS EXPORT PVT LTD,TS25-0003C WHITE,DA0846-M,M,,DA0846-M,1,0,0,0
REBEL MASS EXPORT PVT LTD,TS25-0003D WHITE,DA0850-M,M,,DA0850-M,1,0,0,0
REBEL MASS EXPORT PVT LTD,TS25-0005 SEA GREEN,DA1019-L,L,,DA1019-L,1,0,0,0
REBEL MASS EXPORT PVT LTD,TS25-0005 SEA GREEN,DA1020-XL,XL,,DA1020-XL,1,0,0,0
REBEL MASS EXPORT PVT LTD,TS25-0006 SKY/BLU,DA0897-M,M,,DA0897-M,1,0,0,0
REBEL MASS EXPORT PVT LTD,TS25-0006 SKY/BLU,DA0899-XL,XL,,DA0899-XL,1,0,0,0
REBEL MASS EXPORT PVT LTD,TS25-0008 NAVY,DA0908-XXL,XXL,,DA0908-XXL,1,0,0,0
REBEL MASS EXPORT PVT LTD,TS25-0010 GREEN,DA2138-XXL,XXL,,DA2138-XXL,1,0,0,0
REBEL MASS EXPORT PVT LTD,TS25-0010 PINK,DA0913-M,M,,DA0913-M,1,0,0,0
REBEL MASS EXPORT PVT LTD,TS25-0012 PISTA,DA1010-M,M,,DA1010-M,1,0,0,0
REBEL MASS EXPORT PVT LTD,TS25-0012 SKY BLUE,DA1175-XXL,XXL,,DA1175-XXL,1,0,0,0
REBEL MASS EXPORT PVT LTD,TS25-0013A KAHKI,DA1198-XL,XL,,DA1198-XL,1,0,0,0
REBEL MASS EXPORT PVT LTD,TS25-0013A RED/BLUE,DA1220-M,M,,DA1220-M,1,0,0,0
REBEL MASS EXPORT PVT LTD,TS25-0013A RED/BLUE,DA1223-XXL,XXL,,DA1223-XXL,1,0,0,0
REBEL MASS EXPORT PVT LTD,TS25-0014 MULTY,DA1225-L,L,,DA1225-L,1,0,0,0
REBEL MASS EXPORT PVT LTD,TS25-0014 MULTY,DA1224-M,M,,DA1224-M,1,0,0,0
REBEL MASS EXPORT PVT LTD,TS25-0027 BLUE,DA1693-XXL,XXL,,DA1693-XXL,1,0,0,0
REBEL MASS EXPORT PVT LTD,TS25-0034 PISTA,DA1914-L,L,,DA1914-L,1,0,0,0
REBEL MASS EXPORT PVT LTD,TS25-0035 GREY,DA1940-XXL,XXL,,DA1940-XXL,1,0,0,0
REBEL MASS EXPORT PVT LTD,TS25-0044 RED,DA2139-M,M,,DA2139-M,1,0,0,0
REBEL MASS EXPORT PVT LTD,TS25-0055 OFF WHITE,DA2425-XXL,XXL,,DA2425-XXL,1,0,0,0
REBEL MASS EXPORT PVT LTD,TS25-0040 GREY,DA1992-M,M,,DA1992-M,1,0,0,0
REBEL MASS EXPORT PVT LTD,TS25-0040 NAVY,DA1996-S,S,,DA1996-S,1,0,0,0
REBEL MASS EXPORT PVT LTD,TS25-0040 OFF WHITE,DA2194-S,S,,DA2194-S,1,0,0,0
REBEL MASS EXPORT PVT LTD,TS25-0040 OLIVE,DA2010-XXL,XXL,,DA2010-XXL,1,0,0,0
REBEL MASS EXPORT PVT LTD,TS25-0040 SKY,DA2005-XXL,XXL,,DA2005-XXL,1,0,0,0
REBEL MASS EXPORT PVT LTD,TS26-0002 GREY/BLUE,BM0073-M,M,,BM0073-M,1,0,0,0
REBEL MASS EXPORT PVT LTD,TS26-0003 MEHROON,BM0077-M,M,,BM0077-M,1,0,0,0
REBEL MASS EXPORT PVT LTD,TS26-0002 GREY/BLUE,BM0075-XL,XL,,BM0075-XL,1,0,0,0
REBEL MASS EXPORT PVT LTD,TRC25-0001 NAVY,DA1380-L,L,,DA1380-L,0,0,0,1